id,name,code,sphere,career_prospects,cost,min_budget_score,budget_places,min_paid_score,paid_places,url
1,Музыка и дополнительное образование (театральное творчество),44.03.05,Педагогическое образование (с двумя профилями подготовки),"Педагог, Педагог дополнительного образованияи остальные",,12.0,,124.0,10.0,https://vuzopedia.ru/program/bakispec/13302
2,Кадровый менеджмент (HR-менеджмент),44.03.04,Профессиональное обучение (по отраслям),"Педагог, Специалист по кадрам, Преподавательи остальные",,,,120.0,50.0,https://vuzopedia.ru/program/bakispec/13290
3,Торговля непродовольственными товарами,44.03.04,Профессиональное обучение (по отраслям),"Торговый агент, Педагог, Преподавательи остальные",,,,125.0,50.0,https://vuzopedia.ru/program/bakispec/13286
4,Страхование,44.03.04,Профессиональное обучение (по отраслям),"Педагог, Преподаватель, Специалист страхового делаи остальные",,,,125.0,50.0,https://vuzopedia.ru/program/bakispec/13282
5,Реклама в креативных индустриях,44.03.04,Профессиональное обучение (по отраслям),"Педагог, Преподаватель, Специалист по рекламеи остальные",,,,125.0,300.0,https://vuzopedia.ru/program/bakispec/13278
6,Реклама в медиаиндустрии,44.03.04,Профессиональное обучение (по отраслям),"Педагог, Преподаватель, Специалист по рекламеи остальные",,,,125.0,240.0,https://vuzopedia.ru/program/bakispec/13274
7,Мехатронные системы вертикального транспорта,15.03.02,Технологические машины и оборудование,"Инженер, Инженер-мехатроник, Техник-мехатроники остальные",,40.0,,121.0,100.0,https://vuzopedia.ru/program/bakispec/13270
8,Связи с общественностью в сфере государственного и муниципального управления,44.03.04,Профессиональное обучение (по отраслям),"Педагог, Преподаватель государственного и муниципального управления, Преподавательи остальные",,,,125.0,100.0,https://vuzopedia.ru/program/bakispec/13266
9,Экономика и технология на предприятиях текстильной промышленности,29.03.02,Технология и проектирование текстильных изделий,"Контролер качества текстильных изделий, Технолог текстильного производства, Менеджер по качествуи остальные",,5.0,,120.0,50.0,https://vuzopedia.ru/program/bakispec/13265
10,Информационные технологии и программирование в автоматизации,27.03.04,Управление в технических системах,"Программист, Инженер по автоматизации и механизации, Техник-программисти остальные",400000.0,25.0,,120.0,5.0,https://vuzopedia.ru/program/bakispec/13261
11,Роботизированные системы и искусственный интеллект,27.03.04,Управление в технических системах,"Инженер, Инженер по автоматизации и механизации, Робототехники остальные",400000.0,25.0,,120.0,5.0,https://vuzopedia.ru/program/bakispec/13257
12,Управление цифровыми платформами,09.03.03,Прикладная информатика,"Аналитик данных, Менеджер проекта, Системный архитектор, архитектор программного обеспеченияи остальные",400000.0,231.0,25.0,138.0,5.0,https://vuzopedia.ru/program/bakispec/13253
13,"Проектирование и интеграция информационных систем: архитектура, дизайн, DevOps",09.03.01,Информатика и вычислительная техника,"Информатик (специалист по информационным технологиям), Intelligent Systems Developer (разработчик интеллектуальных систем), Системный архитектор, архитектор программного обеспеченияи остальные",400000.0,233.0,42.0,198.0,2.0,https://vuzopedia.ru/program/bakispec/13249
14,Операционный менеджмент в индустрии гостеприимства,19.03.04,Технология продукции и организация общественного питания,"Администратор, Менеджер, Руководительи остальные",550000.0,40.0,,120.0,10.0,https://vuzopedia.ru/program/bakispec/13245
15,Мировые рынки биотехнологий (сетевая программа с МГИМО МИД России),38.03.02,Менеджмент,"Менеджер, Менеджер проекта, Руководительи остальные",650000.0,,,120.0,20.0,https://vuzopedia.ru/program/bakispec/13241
16,Управление бизнесом в биоэкономике,38.03.02,Менеджмент,"Менеджер, Предпринимательи остальные",,8.0,,,,https://vuzopedia.ru/program/bakispec/13237
17,Безопасность технологических производств и экосистем,20.03.01,Техносферная безопасность,"Специалист по техносферной безопасности, Специалист по безопасности, Экологи остальные",380000.0,186.0,29.0,168.0,3.0,https://vuzopedia.ru/program/bakispec/13235
18,Генная инженерия и моделирование биологических систем,06.05.01,Биоинженерия и биоинформатика,"Биоинженер, Биолог, Генный инженери остальные",450000.0,,,120.0,25.0,https://vuzopedia.ru/program/bakispec/13231
19,Ветеринария мелких домашних и экзотических животных,36.05.01,Ветеринария,"Ветеринар, Ветеринарный врач (ветеринар), Ветеринарный фельдшери остальные",190000.0,213.0,40.0,130.0,30.0,https://vuzopedia.ru/program/bakispec/13227
20,Управление биологической безопасностью,36.03.01,Ветеринарно-санитарная экспертиза,"Ветеринарно-санитарный врач, Санитар ветеринарный, Специалист по безопасностии остальные",400000.0,190.0,45.0,157.0,8.0,https://vuzopedia.ru/program/bakispec/13223
21,Дизайн и брендинг упаковочных решений,29.03.03,Технология полиграфического и упаковочного производства,"Бренд-дизайнер, Дизайнер упаковки, Дизайнери остальные",180000.0,41.0,,120.0,44.0,https://vuzopedia.ru/program/bakispec/13219
22,Химия и биотехнология полимеров,18.03.01,Химическая технология,"Биотехнолог, Химик, Специалист по химии полимерных соединений, химик-полимерщики остальные",390000.0,218.0,39.0,149.0,3.0,https://vuzopedia.ru/program/bakispec/13215
23,Биоэкономика: геномные технологии и биоинформатика,19.03.01,Биотехнология,"Биотехнолог, Биоинформатик, Биологи остальные",430000.0,254.0,38.0,137.0,10.0,https://vuzopedia.ru/program/bakispec/13211
24,"Технологии кондитерских изделий, шоколада и кофе",19.03.02,Продукты питания из растительного сырья,"Биотехнолог, Инженер-технолог пищевого производства, Технолог пищевого производстваи остальные",390000.0,192.0,32.0,168.0,9.0,https://vuzopedia.ru/program/bakispec/13207
25,Технологии продуктов длительного хранения,19.03.01,Биотехнология,"Биотехнолог, Технолог пищевого производства, Системный биотехнологи остальные",430000.0,25.0,,120.0,5.0,https://vuzopedia.ru/program/bakispec/13203
26,Разработка программного обеспечения цифровых комплексов,45.03.04,Интеллектуальные системы в гуманитарной сфере,Программисти остальные,100000.0,,,120.0,1200.0,https://vuzopedia.ru/program/bakispec/13200
27,Практическая и консультативная психология,44.03.02,Психолого-педагогическое образование,"Психолог, Психолог-консультанти остальные",100000.0,,,125.0,720.0,https://vuzopedia.ru/program/bakispec/13196
28,Администрирование информационно-коммуникационных систем и сервисов,09.03.02,Информационные системы и технологии,"Программист, Системный администратори остальные",100000.0,,,121.0,360.0,https://vuzopedia.ru/program/bakispec/13192
29,Прикладная математика и физика в биомедицине,03.03.01,Прикладные математика и физика,"Математик, Биофизик, Физики остальные",268200.0,24.0,,190.0,5.0,https://vuzopedia.ru/program/bakispec/13190
30,Моделирование здоровья,31.05.01,Лечебное дело,Врачи остальные,,,,165.0,10.0,https://vuzopedia.ru/program/bakispec/13186
31,Управление коммуникациями,42.03.05,Медиакоммуникации,Специалист по медиакоммуникациями остальные,,,,112.0,10.0,https://vuzopedia.ru/program/bakispec/13185
32,Малоэтажное строительство и ландшафтный дизайн,35.03.10,Ландшафтная архитектура,"Архитектор ландшафтов, Ландшафтный дизайнери остальные",78430.0,,,120.0,10.0,https://vuzopedia.ru/program/bakispec/13182
33,Художественный дизайн в культуре массовых коммуникаций,51.03.01,Культурология,Культурологи остальные,52600.0,,,125.0,10.0,https://vuzopedia.ru/program/bakispec/13181
34,Физическая культура. Безопасность жизнедеятельности и основы применения БПЛА,44.03.05,Педагогическое образование (с двумя профилями подготовки),"Педагог, Учитель, Преподаватель технических дисциплини остальные",,18.0,,125.0,20.0,https://vuzopedia.ru/program/bakispec/13178
35,Технология. Дополнительное образование в сфере креативных индустрий,44.03.05,Педагогическое образование (с двумя профилями подготовки),"Педагог, Преподаватель программ дополнительного образования, Преподавательи остальные",,14.0,,125.0,20.0,https://vuzopedia.ru/program/bakispec/13174
36,Экономическое образование и предпринимательство,44.03.01,Педагогическое образование,"Педагог, Учитель, Преподаватель экономикии остальные",,28.0,,120.0,70.0,https://vuzopedia.ru/program/bakispec/13170
37,Изобразительное искусство и медиадизайн,44.03.01,Педагогическое образование,"Учитель ИЗО, Преподаватель, Медиадизайнери остальные",,12.0,,125.0,10.0,https://vuzopedia.ru/program/bakispec/13166
38,Нейроанимация и цифровое кино,54.03.01,Дизайн,"Графический дизайнер, Дизайнери остальные",420000.0,300.0,,100.0,140.0,https://vuzopedia.ru/program/bakispec/13148
39,"Инклюзия в образовательной, социальной и профессиональной деятельности",44.03.02,Психолого-педагогическое образование,"Педагог-психолог, Педагог инклюзивного образованияи остальные",330000.0,,,120.0,30.0,https://vuzopedia.ru/program/bakispec/13144
40,Теория и практика перевода,44.03.01,Педагогическое образование,"Преподаватель, Переводчики остальные",300000.0,,,120.0,60.0,https://vuzopedia.ru/program/bakispec/13140
41,Педагогический дизайн и управление образовательными проектами,44.03.01,Педагогическое образование,Педагоги остальные,300000.0,,,120.0,30.0,https://vuzopedia.ru/program/bakispec/13136
42,Менеджмент в девелопменте,38.03.02,Менеджмент,Менеджер проектаи остальные,330000.0,,,120.0,30.0,https://vuzopedia.ru/program/bakispec/13132
43,Бизнес-аналитика и прикладной анализ данных,38.03.01,Экономика,"Аналитик данных, Консультант по электронному бизнесуи остальные",330000.0,,,120.0,30.0,https://vuzopedia.ru/program/bakispec/13128
44,Безопасность компьютерных систем в сфере профессиональной деятельности,10.03.01,Информационная безопасность,Инженер информационной безопасностии остальные,240000.0,150.0,,120.0,200.0,https://vuzopedia.ru/program/bakispec/13124
45,Цифровые технологии в бизнесе,38.03.02,Менеджмент,Менеджер непрерывности бизнесаи остальные,,,,120.0,30.0,https://vuzopedia.ru/program/bakispec/13120
46,Автономные источники энергии,13.03.02,Электроэнергетика и электротехника,Инженер-энергетики остальные,,10.0,,121.0,2.0,https://vuzopedia.ru/program/bakispec/13116
47,Инновационные материалы и наноматериалы,04.03.02,"Химия, физика и механика материалов","Проектировщик нанотехнологических материалов (наноматериалов), Материаловеди остальные",,7.0,,120.0,8.0,https://vuzopedia.ru/program/bakispec/13112
48,Геоаналитика,09.03.02,Информационные системы и технологии,Аналитик данныхи остальные,,10.0,,121.0,8.0,https://vuzopedia.ru/program/bakispec/13108
49,Системы обработки данных и машинное обучение,09.03.04,Программная инженерия,"Специалист по машинному обучению, Разработчик баз данныхи остальные",,20.0,,121.0,28.0,https://vuzopedia.ru/program/bakispec/13104
50,Продюсирование мероприятий и маркетинг в туризме,43.03.02,Туризм,Менеджер по организации мероприятийи остальные,,,,100.0,10.0,https://vuzopedia.ru/program/bakispec/13102
51,Управление в международном гостиничном бизнесе,43.03.03,Гостиничное дело,Менеджер гостиничного сервисаи остальные,,,,100.0,10.0,https://vuzopedia.ru/program/bakispec/13098
52,Дизайн одежды и управление модным брендом,54.03.01,Дизайн,Дизайнер одеждыи остальные,,,,138.0,10.0,https://vuzopedia.ru/program/bakispec/13094
53,Веб-дизайн и проектирование цифровых продуктов,54.03.01,Дизайн,Дизайнери остальные,,,,103.0,10.0,https://vuzopedia.ru/program/bakispec/13086
54,Прикладная информатика и системы искусственного интеллекта,44.03.04,Профессиональное обучение (по отраслям),"Учитель информатики и вычислительной техники, Информатик (специалист по информационным технологиям), Преподаватель информационных технологийи остальные",,20.0,,125.0,20.0,https://vuzopedia.ru/program/bakispec/13083
55,Тюркология и балканистика,58.03.01,Востоковедение и африканистика,Востоковеди остальные,314100.0,5.0,,150.0,20.0,https://vuzopedia.ru/program/bakispec/13082
56,Юго-восточная Азия в новом технологическом укладе,58.03.01,Востоковедение и африканистика,Востоковеди остальные,314100.0,5.0,,150.0,20.0,https://vuzopedia.ru/program/bakispec/13078
57,"Политика, бизнес и корпоративные коммуникации в Восточной Азии (корейский и японский языки)",58.03.01,Востоковедение и африканистика,Востоковеди остальные,314100.0,,,150.0,60.0,https://vuzopedia.ru/program/bakispec/13074
58,История и Дополнительное образование (туристско-краеведческая направленность),44.03.05,Педагогическое образование (с двумя профилями подготовки),"Историк, Учитель, Преподавательи остальные",,20.0,,107.0,10.0,https://vuzopedia.ru/program/bakispec/13071
59,"Отечественная филология (компаративистика: языки, литература, культура России и страны спе..",45.03.01,Филология,"Филолог-русист (русист), Филолог (филолог-исследователь), Преподаватель филологии (филологических дисциплин)и остальные",120000.0,32.0,,150.0,30.0,https://vuzopedia.ru/program/bakispec/13070
60,Зарубежная филология (славистика и центральноевропеистика: Сербия и Германия),45.03.01,Филология,"Филолог-славист (славист), Преподаватель немецкого языка, Филолог (филолог-исследователь)и остальные",320000.0,9.0,,150.0,10.0,https://vuzopedia.ru/program/bakispec/13066
61,Цифровые и креативные технологии в гостиничном и ресторанном бизнесе,43.03.03,Гостиничное дело,"Менеджер ресторана, Ресторатор, Администратор гостиницыи остальные",327000.0,,,150.0,40.0,https://vuzopedia.ru/program/bakispec/13062
62,Медиатуризм и цифровые технологии,43.03.02,Туризм,"Менеджер по туризму, Специалист по туризмуи остальные",160000.0,6.0,,150.0,70.0,https://vuzopedia.ru/program/bakispec/13058
63,Культурная дипломатия в международном туризме,43.03.02,Туризм,"Менеджер по туризму, Специалист по туризмуи остальные",327000.0,,,150.0,40.0,https://vuzopedia.ru/program/bakispec/13054
64,Стратегические маркетинговые коммуникации,42.03.01,Реклама и связи с общественностью,"Специалист по рекламе, Специалист по стратегическому планированию рекламы, Маркетолог-аналитики остальные",390000.0,2.0,,150.0,22.0,https://vuzopedia.ru/program/bakispec/13050
65,Переводчик в сфере международных проектов,45.03.02,Лингвистика,"Письменный переводчик, Переводчики остальные",,,,107.0,12.0,https://vuzopedia.ru/program/bakispec/13047
66,Визуальные коммуникации в креативных индустриях,42.03.01,Реклама и связи с общественностью,"Менеджер по рекламе, Специалист по рекламеи остальные",130000.0,17.0,,150.0,42.0,https://vuzopedia.ru/program/bakispec/13046
67,Социально-экономическая статистика и демография,01.03.05,Статистика,"Демограф, Статистик, Экономисти остальные",373000.0,,,145.0,20.0,https://vuzopedia.ru/program/bakispec/13042
68,Языки международной коммуникации: английский и китайский языки,45.03.02,Лингвистика,Лингвисти остальные,,4.0,,120.0,13.0,https://vuzopedia.ru/program/bakispec/13039
69,Социальная педагогика. Организация проектной деятельности в образовании,44.03.05,Педагогическое образование (с двумя профилями подготовки),"Педагог, Учительи остальные",,25.0,,80.0,9.0,https://vuzopedia.ru/program/bakispec/13035
70,Цифровые технологии в социальной сфере,39.03.02,Социальная работа,"Социолог, Социальный работники остальные",,18.0,,125.0,6.0,https://vuzopedia.ru/program/bakispec/13031
71,Биоразнообразие и управление биотическими сообществами,06.03.01,Биология,Биологи остальные,,50.0,,120.0,10.0,https://vuzopedia.ru/program/bakispec/13027
72,Экономический инжиринг и анализ данных,38.03.01,Экономика,"Аналитик данных, Инженер-экономист, Экономисти остальные",,15.0,,120.0,2.0,https://vuzopedia.ru/program/bakispec/13023
73,Экономический инжиринг и анализ данных,01.03.05,Статистика,"Аналитик данных, Инженер-экономист, Экономисти остальные",,30.0,,126.0,4.0,https://vuzopedia.ru/program/bakispec/13019
74,Биоэкономика мясных и молочных продуктов,19.03.03,Продукты питания животного происхождения,"Инженер-технолог молока и молочных продуктов, Технолог пищевого производстваи остальные",50000.0,141.0,28.0,120.0,33.0,https://vuzopedia.ru/program/bakispec/13016
75,Разработка и эксплуатация цифровых приборов промышленных систем,12.03.01,Приборостроение,Инженер приборостроенияи остальные,50000.0,10.0,,121.0,45.0,https://vuzopedia.ru/program/bakispec/13014
76,Русский язык и Испанский язык,44.03.05,Педагогическое образование (с двумя профилями подготовки),"Учитель, Преподаватель испанского языкаи остальные",,,,,,https://vuzopedia.ru/program/bakispec/13010
77,Гастротехнологии и менеджмент продукции общественного питания,19.03.04,Технология продукции и организация общественного питания,Инженер-технолог пищевого производстваи остальные,,25.0,,120.0,10.0,https://vuzopedia.ru/program/bakispec/13007
78,Технология и менеджмент в хлебопекарной и кондитерской индустрии,19.03.02,Продукты питания из растительного сырья,"Кондитер, Инженер-технолог хлебопекарного производстваи остальные",,50.0,,120.0,25.0,https://vuzopedia.ru/program/bakispec/13003
79,Биоинжиниринг и менеджмент качества в пищевой индустрии,19.03.01,Биотехнология,"Биоинженер, Инженер пищевой промышленностии остальные",,28.0,,120.0,8.0,https://vuzopedia.ru/program/bakispec/12999
80,Информационные системы в биотехнологии,09.03.03,Прикладная информатика,Биотехнологи остальные,,25.0,,121.0,15.0,https://vuzopedia.ru/program/bakispec/12995
81,Интеллектуальные электротехнические системы,13.03.02,Электроэнергетика и электротехника,Инженер-электротехники остальные,,25.0,,121.0,3.0,https://vuzopedia.ru/program/bakispec/12991
82,Программная инженерия интеллектуальных робототехнических систем,09.03.02,Информационные системы и технологии,"Программист, Информатик (специалист по информационным технологиям), Робототехники остальные",,29.0,,121.0,11.0,https://vuzopedia.ru/program/bakispec/12987
83,Корпоративные информационные системы и управление бизнес-процессами,09.03.01,Информатика и вычислительная техника,"Информатик (специалист по информационным технологиям), Менеджер непрерывности бизнесаи остальные",,29.0,,121.0,11.0,https://vuzopedia.ru/program/bakispec/12983
84,Промышленный IT и автоматизированные системы,09.03.01,Информатика и вычислительная техника,"Программист, Оператор автоматизированной сельхозтехникии остальные",,29.0,,121.0,11.0,https://vuzopedia.ru/program/bakispec/12979
85,Инновационные технологии текстильных материалов,29.03.02,Технология и проектирование текстильных изделий,"Технолог текстильного производства, Материаловеди остальные",,25.0,,120.0,10.0,https://vuzopedia.ru/program/bakispec/12975
86,Цифровые технологии переработки и рециклинг эластомеров и композиционных материалов,18.03.01,Химическая технология,Материаловеди остальные,,27.0,,120.0,5.0,https://vuzopedia.ru/program/bakispec/12971
87,Химическая технология высокофункциональных эластомеров,18.03.01,Химическая технология,Химик-технологи остальные,,22.0,,120.0,2.0,https://vuzopedia.ru/program/bakispec/12967
88,Технологии химической переработки возобновляемых и вторичных ресурсов в экономике замкнуто..,18.03.01,Химическая технология,Химик-технологи остальные,,22.0,,120.0,2.0,https://vuzopedia.ru/program/bakispec/12963
89,Цифровая лингвистика,45.03.04,Интеллектуальные системы в гуманитарной сфере,"Специалист по документационному обеспечению управления, архивист, Цифровой лингвисти остальные",73160.0,,,120.0,15.0,https://vuzopedia.ru/program/bakispec/12960
90,Инженения лакокрасочных производств,18.03.01,Химическая технология,"Химик-технолог, Химик-технолог ЛКМ (лакокрасочных материалов)и остальные",,39.0,,120.0,4.0,https://vuzopedia.ru/program/bakispec/12959
91,Управление конфликтами и кадровая политика предприятий,38.03.03,Управление персоналом,"Специалист по кадрам, Конфликтологи остальные",,,,120.0,20.0,https://vuzopedia.ru/program/bakispec/12955
92,Цифровой дизайн и передовые технологии обработки материалов,29.03.04,Технология художественной обработки материалов,"Дизайнер, Материаловеди остальные",,25.0,,120.0,8.0,https://vuzopedia.ru/program/bakispec/12951
93,Эксплуатация роботизированных систем на морском транспорте,15.03.06,Мехатроника и робототехника,Робототехники остальные,205000.0,164.0,10.0,99.0,15.0,https://vuzopedia.ru/program/bakispec/12949
94,Применение подразделений артиллерийской разведки БПлА,11.05.02,Специальные радиотехнические системы,"Военный, Военный инженер, Оператор беспилотных летательных аппаратов (БПЛА)и остальные",,,,,,https://vuzopedia.ru/program/bakispec/12945
95,Экологические технологии,35.03.04,Агрономия,"Геоэколог, Агроном, Агроэкологи остальные",174604.0,18.0,,120.0,13.0,https://vuzopedia.ru/program/bakispec/12943
96,Охотоведение и гидробиология,06.03.01,Биология,"Гидробиолог, Биолог, Биолог-исследовательи остальные",77102.0,20.0,,120.0,12.0,https://vuzopedia.ru/program/bakispec/12939
97,Обработка и анализ информации о космической обстановке,11.05.02,Специальные радиотехнические системы,"Инженер, Инженер-радиотехник, Аналитик данныхи остальные",,,,,,https://vuzopedia.ru/program/bakispec/12936
98,Система контроля космического пространства,11.05.02,Специальные радиотехнические системы,"Инженер, Инженер-радиотехник, Инженер-технологи остальные",,,,,,https://vuzopedia.ru/program/bakispec/12932
99,Радиоэлектронные системы и технологии космической безопасности,11.05.02,Специальные радиотехнические системы,"Инженер, Инженер-технолог, Инженер по авиационному и радиоэлектронному оборудованиюи остальные",,,,,,https://vuzopedia.ru/program/bakispec/12928
100,Информационные технологии космической безопасности,11.05.02,Специальные радиотехнические системы,"Инженер, Инженер-радиотехник, Информатик (специалист по информационным технологиям)и остальные",,,,,,https://vuzopedia.ru/program/bakispec/12924
101,Топогеодезическое и навигационное обеспечение,05.05.02,Военная картография,"Инженер, Картограф, Топографи остальные",,,,,,https://vuzopedia.ru/program/bakispec/12920
102,Специальная информационно-аналитическая работа,09.05.01,Применение и эксплуатация автоматизированных систем специального назначения,"Инженер, Аналитик данных, Системный аналитики остальные",,,,,,https://vuzopedia.ru/program/bakispec/12916
103,Комплексная интеллектуальная обработка и анализ данных в военной сфере,09.05.01,Применение и эксплуатация автоматизированных систем специального назначения,"Инженер, Аналитик данных, Системный аналитики остальные",,,,,,https://vuzopedia.ru/program/bakispec/12912
104,Управление строительством объектов военной инфраструктуры,24.05.01,"Проектирование, производство и эксплуатация ракет и ракетно-космических комплексов","Инженер, Военный инженер, Инженер-строительи остальные",,,,,,https://vuzopedia.ru/program/bakispec/12908
105,Гастрономия и сервис,43.03.01,Сервис,Менеджер гостиничного сервисаи остальные,,23.0,,125.0,10.0,https://vuzopedia.ru/program/bakispec/12907
106,Реклама в системе маркетинговых коммуникаций,42.03.01,Реклама и связи с общественностью,"Маркетолог, Менеджер по рекламе, Специалист по рекламеи остальные",,13.0,,125.0,10.0,https://vuzopedia.ru/program/bakispec/12903
107,"Эксплуатация и обслуживание объектов транспорта, хранения и переработки нефти и газа",21.03.01,Нефтегазовое дело,Инженер по обслуживанию транспортаи остальные,,25.0,,120.0,30.0,https://vuzopedia.ru/program/bakispec/12899
108,Биоинженерия и технологии,19.03.03,Продукты питания животного происхождения,"Биоинженер, Биологи остальные",,20.0,,120.0,10.0,https://vuzopedia.ru/program/bakispec/12895
109,Цифровой инжиниринг,15.03.06,Мехатроника и робототехника,Проектировщик промышленной робототехникии остальные,181500.0,25.0,,121.0,5.0,https://vuzopedia.ru/program/bakispec/12891
110,Инновационные транспортные технологии,23.03.03,Эксплуатация транспортно-технологических машин и комплексов,"Инженер-конструктор автомобилей, Транспортный планировщики остальные",120000.0,24.0,,120.0,16.0,https://vuzopedia.ru/program/bakispec/12887
111,Прикладной анализ данных и методы искусственного интеллекта,01.03.02,Прикладная математика и информатика,"Аналитик данных, Специалист по искусственному интеллектуи остальные",151000.0,25.0,,121.0,1.0,https://vuzopedia.ru/program/bakispec/12883
112,Моделирование изделий из кожи,54.03.02,Декоративно-прикладное искусство и народные промыслы,"Модельер, Художник-модельер, Скорняк-раскройщики остальные",477190.0,277.0,1.0,162.0,1.0,https://vuzopedia.ru/program/bakispec/12882
113,Системы электроэнергетики и автоматизации судов,26.05.02,"Проектирование, изготовление и ремонт энергетических установок и систем автоматизации кораблей и судов","Электрик судовой, Электромонтажник судовой, Судовой электромеханики остальные",442000.0,17.0,,120.0,5.0,https://vuzopedia.ru/program/bakispec/12878
114,Мода и стиль,54.03.03,Искусство костюма и текстиля,"Менеджер в индустрии моды, Технолог текстильного производстваи остальные",,15.0,,245.0,5.0,https://vuzopedia.ru/program/bakispec/12877
115,Дизайн визуальных коммуникаций,54.03.01,Дизайн,"Дизайнер, Дизайнер-визуализатори остальные",,9.0,,245.0,7.0,https://vuzopedia.ru/program/bakispec/12873
116,Информационные и документные ресурсы в цифровой среде,51.03.06,Библиотечно-информационная деятельность,Специалист по информационным ресурсами остальные,,33.0,,141.0,4.0,https://vuzopedia.ru/program/bakispec/12869
117,Проектирование и реклама в музейных индустриях и культурном туризме,51.03.04,Музеология и охрана объектов культурного и природного наследия,"Культуролог, Специалист по рекламеи остальные",,30.0,,138.0,4.0,https://vuzopedia.ru/program/bakispec/12865
118,Финансовая аналитика цифровых проектов,38.03.05,Бизнес-информатика,"Консультант по электронному бизнесу, Предприниматель, Финансовый аналитик (специалист финансового анализа и моделирования)и остальные",50000.0,,,180.0,35.0,https://vuzopedia.ru/program/bakispec/12864
119,Прикладная и реабилитационная психология,37.03.01,Психология,Психологи остальные,60000.0,,,180.0,50.0,https://vuzopedia.ru/program/bakispec/12860
120,Инженерия защищённых интеллектуальных систем,09.03.03,Прикладная информатика,"Программист, Инженер по сопровождению программного обеспечения, Системный программисти остальные",50000.0,,,180.0,20.0,https://vuzopedia.ru/program/bakispec/12856
121,Физическая рекреация и водный туризм,49.03.03,Рекреация и спортивно-оздоровительный туризм,Инструктор по физической культуреи остальные,88855.0,,,113.0,40.0,https://vuzopedia.ru/program/bakispec/12853
122,Природопользование и заповедное дело,05.03.06,Экология и природопользование,"Эксперт-эколог, Экологи остальные",88855.0,8.0,,100.0,11.0,https://vuzopedia.ru/program/bakispec/12849
123,Динамика полета и системы управления,24.03.01,Ракетные комплексы и космонавтика,"Инженер-конструктор, Инженер-исследователь, Инженер-механики остальные",,,,122.0,50.0,https://vuzopedia.ru/program/bakispec/12848
124,Управление качеством и производственные технологии,27.03.02,Управление качеством,"Инженер по управлению качеством, Инженер-технолог по качеству, Менеджер по качествуи остальные",,,,122.0,50.0,https://vuzopedia.ru/program/bakispec/12844
125,Цифровая металлургия,22.03.02,Металлургия,"Инженер-технолог, Инженер-металловед, Инженер-металлурги остальные",,,,121.0,50.0,https://vuzopedia.ru/program/bakispec/12840
126,Наноматериалы в химических и технических системах,28.03.02,Наноинженерия,"Инженер-конструктор, Приборист, Специалист по нанофотонике и метаматериалами остальные",,30.0,,121.0,25.0,https://vuzopedia.ru/program/bakispec/12836
127,Управление качеством в цифровом производстве,27.03.02,Управление качеством,"Метролог, Инженер по управлению качеством, Инженер-технолог по качествуи остальные",,40.0,,122.0,15.0,https://vuzopedia.ru/program/bakispec/12832
128,Радиоэлектронное обеспечение беспилотных авиационных систем,11.05.01,Радиоэлектронные системы и комплексы,"Инженер, Инженер по авиационному и радиоэлектронному оборудованию, Инженер-разработчик аппаратного обеспеченияи остальные",,20.0,,122.0,13.0,https://vuzopedia.ru/program/bakispec/12828
129,Астронавтика и аэронавтика,01.03.03,Механика и математическое моделирование,"Инженер, Программист, IT-специалисти остальные",,20.0,,122.0,15.0,https://vuzopedia.ru/program/bakispec/12824
130,Инженерно-сметная деятельность в строительстве,08.03.01,Строительство,"Инженер-строитель, Сметчики остальные",241300.0,174.0,90.0,163.0,12.0,https://vuzopedia.ru/program/bakispec/12823
131,Биотехнология и рациональное использование биоресурсов,19.03.01,Биотехнология,"Биотехнолог, Специалист-технолог в области экологических биотехнологий, Специалист –технолог в области экологических биотехнологийи остальные",128000.0,25.0,,99.0,5.0,https://vuzopedia.ru/program/bakispec/12822
132,"Предметное обучение, Технологии обучения и воспитания (Учитель начальных классов и Методис..",44.03.05,Педагогическое образование (с двумя профилями подготовки),"Методист в сфере образования, Учитель начальных классов, Методист в образованиии остальные",,34.0,,125.0,3.0,https://vuzopedia.ru/program/bakispec/12820
133,Спортивная информатика и аналитика,09.03.03,Прикладная информатика,"Аналитик данных, Информатик (специалист по информационным технологиям), Системный аналитики остальные",246300.0,5.0,,99.0,10.0,https://vuzopedia.ru/program/bakispec/12819
134,Координатор молодежных инициатив в образовании и спорте,39.03.03,Организация работы с молодежью,"Специалист по работе с молодежью, Спортивный менеджери остальные",221600.0,10.0,,110.0,10.0,https://vuzopedia.ru/program/bakispec/12815
135,Технолог спортивно-оздоровительных программ,49.03.01,Физическая культура,"Спортивный тренер, Учитель физкультурыи остальные",84200.0,23.0,,108.0,20.0,https://vuzopedia.ru/program/bakispec/12811
136,Биотехнология растений,35.03.04,Агрономия,"Биотехнолог, Агроном, Агроном по защите растенийи остальные",,35.0,,120.0,50.0,https://vuzopedia.ru/program/bakispec/12807
137,Химические технологии и аналитическое сопровождение производственных процессов,04.03.01,Химия,Химик-технологи остальные,,7.0,,120.0,5.0,https://vuzopedia.ru/program/bakispec/12805
138,Перевод и сопровождение внешнеэкономической деятельности,45.03.02,Лингвистика,Переводчики остальные,153720.0,263.0,6.0,129.0,51.0,https://vuzopedia.ru/program/bakispec/12803
139,Артист ансамбля. Концертмейстер. Преподаватель фортепиано,53.03.02,Музыкально-инструментальное искусство,"Концертмейстер, Преподаватель, Педагог-организатор инструментального ансамбляи остальные",,5.0,,,,https://vuzopedia.ru/program/bakispec/12800
140,Эксплуатация электрооборудования и автоматики судов с ядерной энергетической установкой,26.05.07,Эксплуатация судового электрооборудования и средств автоматики,Инженер по двигателям воздушных судови остальные,355000.0,10.0,,99.0,10.0,https://vuzopedia.ru/program/bakispec/12797
141,Программная инженерия систем мобильной связи,11.03.02,Инфокоммуникационные технологии и системы связи,"Программист, Системный программисти остальные",200000.0,27.0,,99.0,10.0,https://vuzopedia.ru/program/bakispec/12794
142,Цифровые и сервисные технологии при эксплуатации нефтегазового оборудования,21.05.06,Нефтегазовые техника и технологии,Специалист сервисной компании по эксплуатации нефтегазового оборудованияи остальные,95000.0,,,120.0,45.0,https://vuzopedia.ru/program/bakispec/12791
143,Биоинжиниринг,06.03.01,Биология,"Биоинженер, Биолог, Биолог-исследовательи остальные",,10.0,,120.0,15.0,https://vuzopedia.ru/program/bakispec/12788
144,Планово-экономическое обеспечение строительного производства,08.03.01,Строительство,Инженер-экономисти остальные,53000.0,,,134.0,20.0,https://vuzopedia.ru/program/bakispec/12785
145,Технология. Экономика,44.03.05,Педагогическое образование (с двумя профилями подготовки),"Преподаватель экономики, Преподаватель технологии (спецпредметов), Экономисти остальные",,,,125.0,20.0,https://vuzopedia.ru/program/bakispec/12774
146,Экономика. Китайский язык,44.03.05,Педагогическое образование (с двумя профилями подготовки),"Преподаватель китайского языка, Учитель китайского языка, Экономисти остальные",,16.0,,125.0,10.0,https://vuzopedia.ru/program/bakispec/12771
147,Управление молодежными проектами,39.03.03,Организация работы с молодежью,Менеджер проектаи остальные,,,,125.0,50.0,https://vuzopedia.ru/program/bakispec/12768
148,Экономическая экспертиза и комплаенс-контроль,38.05.01,Экономическая безопасность,Экономисти остальные,,,,120.0,12.0,https://vuzopedia.ru/program/bakispec/12765
149,Средства связи беспилотных комплексов,11.03.02,Инфокоммуникационные технологии и системы связи,Инженер связии остальные,,20.0,,121.0,5.0,https://vuzopedia.ru/program/bakispec/12764
150,"Искусственный интеллект, программирование и сетевые технологии",09.03.01,Информатика и вычислительная техника,"Программист, Специалист по искусственному интеллектуи остальные",,30.0,,121.0,10.0,https://vuzopedia.ru/program/bakispec/12761
151,Прикладное программирование и технологии искусственного интеллекта,01.03.02,Прикладная математика и информатика,"Программист, Специалист по искусственному интеллектуи остальные",,18.0,,121.0,7.0,https://vuzopedia.ru/program/bakispec/12758
152,Лингвистическое обеспечение внешнеэкономической деятельности на азиатских рынках,45.03.02,Лингвистика,"Преподаватель лингвистики, Лингвист, Переводчики остальные",166000.0,,,120.0,12.0,https://vuzopedia.ru/program/bakispec/12756
153,Роботизированные системы,15.03.06,Мехатроника и робототехника,"Проектировщик промышленной робототехники, Учитель (преподаватель) робототехники, Специалист по интегрированным интеллектуальным робототехническим комплексами остальные",175000.0,20.0,,120.0,25.0,https://vuzopedia.ru/program/bakispec/12753
154,Мода и концептуальное проектирование,29.03.05,Конструирование изделий легкой промышленности,"Модельер, Дизайнер, Байери остальные",174700.0,166.0,28.0,155.0,3.0,https://vuzopedia.ru/program/bakispec/12752
155,Библиотечно-информационная деятельность в цифровой среде,51.03.06,Библиотечно-информационная деятельность,"Библиограф, Библиотекарь, Заведующий библиотекойи остальные",,10.0,,120.0,20.0,https://vuzopedia.ru/program/bakispec/12749
156,Продюсирование и управление проектами в креативных индустриях,51.03.03,Социально-культурная деятельность,"Менеджер социально-культурной деятельности, Креативный директор, Менеджер проектаи остальные",,25.0,,125.0,20.0,https://vuzopedia.ru/program/bakispec/12746
157,Региональное кинопроизводство,51.03.02,Народная художественная культура,"Преподаватель кинооператорского мастерства, Режиссер, Продюсери остальные",,4.0,,130.0,10.0,https://vuzopedia.ru/program/bakispec/12743
158,Художественное руководство в хореографии,51.03.02,Народная художественная культура,"Хореограф, Руководитель детского хореографического коллектива, Руководительи остальные",,8.0,,115.0,10.0,https://vuzopedia.ru/program/bakispec/12740
159,Арт-проектирование,51.03.01,Культурология,"Менеджер социально-культурной деятельности, Культуролог, Дизайнери остальные",,3.0,,125.0,10.0,https://vuzopedia.ru/program/bakispec/12737
160,Фармацевтическая химия,04.03.01,Химия,"Лаборант химико-бактериологического анализа, Медицинский химик (цитохимик, гистохимик, нейрохимик, иммунохимик), Химик-органик, химик-синтетики остальные",,20.0,,120.0,6.0,https://vuzopedia.ru/program/bakispec/12734
161,Электронный и программный инжиниринг,09.03.02,Информационные системы и технологии,"Программист, Инженер-схемотехник, Инженер-электронщики остальные",,18.0,,126.0,10.0,https://vuzopedia.ru/program/bakispec/12731
162,Геология и месторождения твердых полезных ископаемых,05.03.01,Геология,"Геммолог, Геолог, Инженер-геологи остальные",,12.0,,120.0,10.0,https://vuzopedia.ru/program/bakispec/12728
163,Юриспруденция. Правовое сопровождение и контроль деятельности организаций,40.03.01,Юриспруденция,"Адвокат, Корпоративный юрист, Начальник юридического отделаи остальные",,,,125.0,60.0,https://vuzopedia.ru/program/bakispec/12725
164,Образование школьников с интеллектуальными нарушениями,44.03.03,Специальное (дефектологическое) образование,"Педагог, Педагог инклюзивного образования, Коррекционный психолог, специальный психологи остальные",,,,120.0,70.0,https://vuzopedia.ru/program/bakispec/12722
165,Межъязыковая и межкультурная коммуникация в торгово-экономической сфере (Корейский язык),45.03.02,Лингвистика,"Гид-переводчик, Лингвист, Менеджер по межкультурной коммуникациии остальные",,,,120.0,13.0,https://vuzopedia.ru/program/bakispec/12719
166,Бюджетный процесс и казначейское дело,38.03.01,Экономика,"Бухгалтер-экономист, Инженер-экономист, Казначейи остальные",315000.0,,,120.0,15.0,https://vuzopedia.ru/program/bakispec/12716
167,Фундаментальная информатика и программная инженерия,02.03.02,Фундаментальная информатика и информационные технологии,"Программист, Web-программист, Администратор баз данныхи остальные",,25.0,,121.0,5.0,https://vuzopedia.ru/program/bakispec/12713
168,Искусственный интеллект и системная аналитика,01.03.02,Прикладная математика и информатика,"Программист, Аналитик компьютерных систем, IT-специалисти остальные",,69.0,,121.0,21.0,https://vuzopedia.ru/program/bakispec/12710
169,Управление инновационными и ИТ-проектами и продуктами,27.03.05,Инноватика,"Оценщик интеллектуальной собственности, Инновационный менеджер, Специалист по интеллектуальной собственностии остальные",,19.0,,121.0,15.0,https://vuzopedia.ru/program/bakispec/12707
170,Фармацевтическое право,33.05.01,Фармация,"Фармацевт, Медицинский представитель фармацевтической компаниии остальные",135400.0,167.0,25.0,120.0,5.0,https://vuzopedia.ru/program/bakispec/12706
171,Electronic Information Science and Technology,11.03.02,Инфокоммуникационные технологии и системы связи,"Инженер-разработчик аппаратного обеспечения, Системный программисти остальные",135400.0,,,121.0,2.0,https://vuzopedia.ru/program/bakispec/12703
172,Цифровые и интеллектуальные системы электроснабжения,13.03.02,Электроэнергетика и электротехника,"Специалист по энергоэффективности и энергосбережению, Специалист по электроснабжению, Системный инженер интеллектуальных энергосетейи остальные",81300.0,155.0,50.0,149.0,15.0,https://vuzopedia.ru/program/bakispec/12701
173,Информатика и информационные технологии в образовании,44.03.01,Педагогическое образование,"Учитель информатики и вычислительной техники, Информатик (специалист по информационным технологиям)и остальные",,,,125.0,12.0,https://vuzopedia.ru/program/bakispec/12699
174,Организация образовательной деятельности на основе цифровых технологий,44.03.04,Профессиональное обучение (по отраслям),"Педагог, Методист в сфере образования, Специалист по информационным технологиям в образованиии остальные",50850.0,95.0,,125.0,10.0,https://vuzopedia.ru/program/bakispec/12696
175,Интеллектуальная электроника и системы управления наземного транспорта,11.03.04,Электроника и наноэлектроника,"Инженер-электроник бортовых комплексов управления, Инженер-электроники остальные",139850.0,30.0,,121.0,5.0,https://vuzopedia.ru/program/bakispec/12693
176,VATEL-РМАТ: Международный гостиничный менеджмент,43.03.03,Гостиничное дело,"Менеджер гостиничного сервиса, Менеджери остальные",350000.0,,,100.0,12.0,https://vuzopedia.ru/program/bakispec/12690
177,Правовое регулирование международных отношений,41.03.04,Политология,"Политолог, Специалист в области международных отношений, Социологи остальные",299800.0,,,90.0,12.0,https://vuzopedia.ru/program/bakispec/12687
178,Цифровые технологии рекламы и связи с общественностью,42.03.01,Реклама и связи с общественностью,Специалист по рекламеи остальные,,1.0,,,,https://vuzopedia.ru/program/bakispec/12685
179,Сетевая инженерия телекоммуникаций,11.03.02,Инфокоммуникационные технологии и системы связи,"Программист, Сетевой инженери остальные",,355.0,,,,https://vuzopedia.ru/program/bakispec/12682
180,Радиотехника и аудиовизуальные технологии,11.03.01,Радиотехника,Радиотехники остальные,,50.0,,,,https://vuzopedia.ru/program/bakispec/12679
181,Прикладные информационные системы,09.03.03,Прикладная информатика,"Программист, Информатик (специалист по информационным технологиям)и остальные",,25.0,,,,https://vuzopedia.ru/program/bakispec/12676
182,Экономика предприятия,38.03.02,Менеджмент,"Менеджер, Предприниматель, Экономисти остальные",,,,124.0,20.0,https://vuzopedia.ru/program/bakispec/12673
183,Отечественная филология (русский язык и литература; родной язык и литература),45.03.01,Филология,"Журналист, Учитель русского языка и литературы, Преподаватель филологии (филологических дисциплин)и остальные",,25.0,,,,https://vuzopedia.ru/program/bakispec/12670
184,Вычислительная физика и информационные технологии,03.03.02,Физика,"Информатик (специалист по информационным технологиям), Инженер-физик, Физики остальные",,20.0,,,,https://vuzopedia.ru/program/bakispec/12667
185,Робототехника и системное программирование,03.03.02,Физика,"Программист, Инженер-электротехник, Системный программисти остальные",,25.0,,,,https://vuzopedia.ru/program/bakispec/12664
186,"Предметное обучение, Технологии обучения и воспитания (Педагог дополнительного образования)",44.03.05,Педагогическое образование (с двумя профилями подготовки),"Музыкальный руководитель дошкольных учреждений, Воспитатель детских дошкольных учреждений, Специалист по управлению в учреждениях дополнительного образованияи остальные",,,,,,https://vuzopedia.ru/program/bakispec/12662
187,Искусственный интеллект в инфокоммуникациях,11.03.02,Инфокоммуникационные технологии и системы связи,"Инженер по спутниковым коммуникациям, Инженер связи, Специалист по искусственному интеллектуи остальные",,35.0,,121.0,60.0,https://vuzopedia.ru/program/bakispec/12656
188,Фармацевтическая микробиология,06.03.01,Биология,"Биофармаколог, Биоинформатик, Биологи остальные",,11.0,,120.0,6.0,https://vuzopedia.ru/program/bakispec/12653
189,Педагогическая психология и Логопедическая деятельность,44.03.05,Педагогическое образование (с двумя профилями подготовки),"Педагог, Логопед, Педагог-психологи остальные",,,,85.0,10.0,https://vuzopedia.ru/program/bakispec/12651
190,Экономическая безопасность креативных индустрий,43.03.02,Туризм,Менеджер по туризмуи остальные,51230.0,4.0,,125.0,93.0,https://vuzopedia.ru/program/bakispec/12650
191,Дистрибуция и сбыт на промышленном предприятии,38.03.06,Торговое дело,Торговый представительи остальные,302000.0,249.0,15.0,169.0,5.0,https://vuzopedia.ru/program/bakispec/12647
192,Системы электрической изоляции,13.03.02,Электроэнергетика и электротехника,"Инженер-электрик, Техник-электрики остальные",135400.0,222.0,47.0,149.0,7.0,https://vuzopedia.ru/program/bakispec/12644
193,Управление персоналом,46.03.02,Документоведение и архивоведение,Менеджер по персоналуи остальные,152500.0,17.0,,120.0,10.0,https://vuzopedia.ru/program/bakispec/12639
194,Русский язык и русская культура,45.03.01,Филология,"Филолог-русист (русист), Учитель русского языка и литературыи остальные",152500.0,,,111.0,20.0,https://vuzopedia.ru/program/bakispec/12636
195,Беспилотные авиационные системы в экологии и природопользовании,05.03.06,Экология и природопользование,"Инженер природообустройства, Экологи остальные",,,,120.0,5.0,https://vuzopedia.ru/program/bakispec/12633
196,Управление цифровой экономикой,38.03.02,Менеджмент,"Менеджер, Менеджер по продажам, Экономисти остальные",156000.0,9.0,,100.0,44.0,https://vuzopedia.ru/program/bakispec/12631
197,Технологический менеджмент в лесном бизнесе,35.03.02,Технология лесозаготовительных и деревоперерабатывающих производств,Менеджер непрерывности бизнесаи остальные,,69.0,,120.0,6.0,https://vuzopedia.ru/program/bakispec/12630
198,Дизайн и производство мебели и изделий из древесины,35.03.02,Технология лесозаготовительных и деревоперерабатывающих производств,"Дизайнер мебели, Отделочник изделий из древесиныи остальные",,75.0,,120.0,18.0,https://vuzopedia.ru/program/bakispec/12627
199,Инжиниринг промышленного оборудования в лесном комплексе,15.03.02,Технологические машины и оборудование,Инженер по оборудованиюи остальные,,47.0,,120.0,8.0,https://vuzopedia.ru/program/bakispec/12624
200,Информационные системы в управлении организацией,09.03.02,Информационные системы и технологии,Информатик (специалист по информационным технологиям)и остальные,,31.0,,121.0,15.0,https://vuzopedia.ru/program/bakispec/12621
201,"Моделирование, дизайн и технологии упаковочной отрасли",29.03.03,Технология полиграфического и упаковочного производства,Дизайнер упаковкии остальные,,,,120.0,15.0,https://vuzopedia.ru/program/bakispec/12618
202,Прикладная экология и экологическое проектирование,18.03.02,"Энерго- и ресурсосберегающие процессы в химической технологии, нефтехимии и биотехнологии",Экологи остальные,,,,120.0,15.0,https://vuzopedia.ru/program/bakispec/12615
203,Садово-парковое строительство и ландшафтный дизайн,35.03.05,Садоводство,"Ландшафтный дизайнер, Садовники остальные",,20.0,,,,https://vuzopedia.ru/program/bakispec/12612
204,"Финансовый контроль, государственный аудит и право",38.03.01,Экономика,"Бухгалтер, Бухгалтер-претензионист, Бухгалтер-ревизори остальные",,,,120.0,10.0,https://vuzopedia.ru/program/bakispec/12601
205,Административно-правовой профиль,40.03.01,Юриспруденция,"Адвокат, Виртуальный адвокат, Корпоративный юристи остальные",,37.0,,125.0,50.0,https://vuzopedia.ru/program/bakispec/12598
206,История. Основы православной культуры,44.03.05,Педагогическое образование (с двумя профилями подготовки),"Историк, Учитель, Учитель основ православной культурыи остальные",,12.0,,125.0,10.0,https://vuzopedia.ru/program/bakispec/12596
207,Тележурналистика и видеоблогинг,42.03.04,Телевидение,"Журналист, Тележурналисти остальные",,16.0,,120.0,30.0,https://vuzopedia.ru/program/bakispec/12593
208,Водосберегающие технологии,35.03.11,Гидромелиорация,"Мелиоратор, Инженер по мелиорации и водному хозяйству, Инженер-гидротехники остальные",,15.0,,120.0,10.0,https://vuzopedia.ru/program/bakispec/12590
209,Интенсивное садоводство,35.03.05,Садоводство,"Агроном, Садовник, Садоводи остальные",,12.0,,120.0,10.0,https://vuzopedia.ru/program/bakispec/12587
210,Статистика и анализ данных,01.03.05,Статистика,"Аналитик данных, Статистик, Разработчик моделей big dataи остальные",,15.0,,126.0,10.0,https://vuzopedia.ru/program/bakispec/12586
211,"Учет, анализ и аудит в управлении бизнес-процессами",38.03.01,Экономика,Экономисти остальные,,,,85.0,50.0,https://vuzopedia.ru/program/bakispec/12584
212,Системный анализ и консалтинг в агробизнесе,35.03.04,Агрономия,Системный аналитики остальные,,,,99.0,10.0,https://vuzopedia.ru/program/bakispec/12581
213,Инженерно-финансовое обеспечение АПК,35.03.06,Агроинженерия,"Руководитель в АПК (агропромышленном комплексе), Экономисти остальные",,,,99.0,20.0,https://vuzopedia.ru/program/bakispec/12578
214,Бизнес-аналитика и экономика в зооинженерии,36.03.02,Зоотехния,"Финансовый аналитик (специалист финансового анализа и моделирования), Экономисти остальные",,,,99.0,5.0,https://vuzopedia.ru/program/bakispec/12575
215,Биотехнология молока и молочных продуктов,19.03.01,Биотехнология,Инженер-технолог молока и молочных продуктови остальные,,26.0,,99.0,4.0,https://vuzopedia.ru/program/bakispec/12572
216,Организация и управление в ландшафтном строительстве,35.03.10,Ландшафтная архитектура,Архитектор ландшафтови остальные,,,,99.0,10.0,https://vuzopedia.ru/program/bakispec/12569
217,Государственное управление и экономика в лесной отрасли,35.03.01,Лесное дело,"Специалист государственного и муниципального управления, Экономисти остальные",,,,99.0,10.0,https://vuzopedia.ru/program/bakispec/12566
218,Беспилотные авиационные системы,15.03.06,Мехатроника и робототехника,"Оператор беспилотных летательных аппаратов (БПЛА), Проектировщик интерфейсов беспилотной авиациии остальные",329000.0,5.0,,121.0,20.0,https://vuzopedia.ru/program/bakispec/12563
219,Информатика и робототехника. Технология,44.03.05,Педагогическое образование (с двумя профилями подготовки),"Педагог, Учитель информатики и вычислительной техники, Преподаватель информационных технологийи остальные",,20.0,,,,https://vuzopedia.ru/program/bakispec/12561
220,Начальное образование. Организация воспитательной деятельности.,44.03.05,Педагогическое образование (с двумя профилями подготовки),"Педагог, Учитель, Директор по воспитательной работеи остальные",,45.0,,,,https://vuzopedia.ru/program/bakispec/12558
221,"Родной (татарский) язык и литература, иностранный (английский) язык",44.03.05,Педагогическое образование (с двумя профилями подготовки),"Учитель татарского языка и литературы, Учитель английского языкаи остальные",,12.0,,134.0,3.0,https://vuzopedia.ru/program/bakispec/12556
222,Страны Азии и Африки: международный менеджмент и межкультурная коммуникация,58.03.01,Востоковедение и африканистика,"Менеджер по межкультурной коммуникации, Специалист в области международных отношенийи остальные",,,,120.0,20.0,https://vuzopedia.ru/program/bakispec/12555
223,Менеджмент индустрии туризма и гостеприимства,43.03.02,Туризм,"Администратор гостиницы, Event-менеджер, Менеджер гостиничного сервисаи остальные",,5.0,,125.0,45.0,https://vuzopedia.ru/program/bakispec/12552
224,Межнациональные коммуникации,41.03.05,Международные отношения,"Медиатор, Специалист в области международных отношенийи остальные",,,,120.0,15.0,https://vuzopedia.ru/program/bakispec/12549
225,Менеджмент на производстве и в бизнесе,38.03.02,Менеджмент,"Менеджер непрерывности бизнеса, Менеджер, Менеджер проектаи остальные",,,,120.0,45.0,https://vuzopedia.ru/program/bakispec/12546
226,"Родной (татарский, чувашский) язык и литература, Иностранный язык (английский/ турецкий)",44.03.05,Педагогическое образование (с двумя профилями подготовки),"Учитель (преподаватель) английского языка, Учитель чувашского языка и литературы, Преподаватель турецкого языкаи остальные",,18.0,,,,https://vuzopedia.ru/program/bakispec/12545
227,"Иностранный язык (английский), Иностранный язык (немецкий, китайский)",44.03.05,Педагогическое образование (с двумя профилями подготовки),"Преподаватель китайского языка, Учитель немецкого языка, Учитель (преподаватель) английского языкаи остальные",,25.0,,,,https://vuzopedia.ru/program/bakispec/12542
228,"Русский язык, Литература/ Дополнительное образование (журналистика)",44.03.05,Педагогическое образование (с двумя профилями подготовки),"Журналист, Учитель русского языка и литературыи остальные",,24.0,,,,https://vuzopedia.ru/program/bakispec/12539
229,Бизнес-аналитика и информационные системы на финансовых рынках,01.03.05,Статистика,"Программист, Финансист, Аналитик данныхи остальные",,21.0,,,,https://vuzopedia.ru/program/bakispec/12536
230,Разработка защищенных программных комплексов беспилотных систем,01.03.02,Прикладная математика и информатика,"Программист, Проектировщик интерфейсов беспилотной авиациии остальные",,,,121.0,10.0,https://vuzopedia.ru/program/bakispec/12533
231,Девелопмент в градостроительстве,07.03.04,Градостроительство,"Инженер-проектировщик, Девелопер, Экономисти остальные",,25.0,,120.0,10.0,https://vuzopedia.ru/program/bakispec/12531
232,Физика частиц и экстремальных состояний материи,03.05.02,Фундаментальная и прикладная физика,"Физик-атомщик (физик-ядерщик), Инженер-физик, Физики остальные",547220.0,24.0,,161.0,5.0,https://vuzopedia.ru/program/bakispec/12528
233,Теоретическая и математическая физика,03.05.02,Фундаментальная и прикладная физика,"Математик, Инженер-физик, Физики остальные",547220.0,25.0,,161.0,5.0,https://vuzopedia.ru/program/bakispec/12525
234,Искусственный интеллект в экономике,38.03.01,Экономика,"Специалист по искусственному интеллекту, Экономисти остальные",70000.0,,,120.0,60.0,https://vuzopedia.ru/program/bakispec/12523
235,Психолого-педагогическая поддержка детей с нарушениями развития,44.03.03,Специальное (дефектологическое) образование,"Дефектолог, Педагог-психолог, Педагог инклюзивного образованияи остальные",,13.0,,110.0,3.0,https://vuzopedia.ru/program/bakispec/12520
236,Технологии социальной работы,39.03.02,Социальная работа,"Специалист по социальной работе, Социальный работник, Социальный работник по адаптации людей с ограниченными возможностями через Интернети остальные",,15.0,,125.0,1.0,https://vuzopedia.ru/program/bakispec/12519
237,"Зарубежная филология (английский язык, английская литература, итальянский язык/турецкий яз..",45.03.01,Филология,"Учитель (преподаватель) английского языка, Переводчик английского языка, Переводчик турецкого языкаи остальные",170000.0,9.0,,150.0,5.0,https://vuzopedia.ru/program/bakispec/12515
238,Коррекционная педагогика и специальная психология,44.03.03,Специальное (дефектологическое) образование,"Логопед, Нейропсихолог, Воспитатель логопедических группи остальные",161000.0,18.0,,110.0,5.0,https://vuzopedia.ru/program/bakispec/12507
239,Нанотехнологии в микроэлектронике,28.03.02,Наноинженерия,"Инженер по наноэлектронике, Наноинженер, Проектировщик нанотехнологических материалов (наноматериалов)и остальные",187000.0,30.0,,120.0,5.0,https://vuzopedia.ru/program/bakispec/12506
240,Искусственный интеллект для кибербезопасности,10.03.01,Информационная безопасность,"Программист, Аналитик информационной безопасности, Инженер информационной безопасностии остальные",200000.0,264.0,79.0,192.0,29.0,https://vuzopedia.ru/program/bakispec/12503
241,Мультимедийный дизайн,54.03.01,Дизайн,"Архитектор виртуальности, Гейм-дизайнер, 3D-моделлери остальные",,12.0,,150.0,20.0,https://vuzopedia.ru/program/bakispec/12495
242,Русский язык и литература. Дополнительная квалификация (педагогика внеурочной деятельности..,44.03.05,Педагогическое образование (с двумя профилями подготовки),"Педагог, Логопед, Учительи остальные",,30.0,,130.0,10.0,https://vuzopedia.ru/program/bakispec/12494
243,Организация деятельности и управление предприятием сервиса,43.03.01,Сервис,"Менеджер гостиничного сервиса, Менеджер по работе с клиентами, Специалист по клиентскому сервисуи остальные",,25.0,,135.0,6.0,https://vuzopedia.ru/program/bakispec/12491
244,Аналитическое сопровождение международной деятельности органов государственной власти и би..,41.03.05,Международные отношения,"Дипломат, Менеджер, Специалист в области международных отношенийи остальные",,20.0,,157.0,9.0,https://vuzopedia.ru/program/bakispec/12488
245,"Политические исследования, аналитика и управленческие практики",41.03.04,Политология,"GR-менеджер, Политолог, Координатор программ развития сообществи остальные",,20.0,,135.0,10.0,https://vuzopedia.ru/program/bakispec/12485
246,"Социологические исследования, аналитика и управленческие практики",39.03.01,Социология,"Демограф, Корпоративный антрополог, Политтехнологи остальные",,20.0,,135.0,10.0,https://vuzopedia.ru/program/bakispec/12482
247,Организация перевозок на транспорте,23.03.01,Технология транспортных процессов,"Инженер по организации перевозок и управлению на транспорте, Логист, Операционный логисти остальные",270000.0,226.0,43.0,200.0,13.0,https://vuzopedia.ru/program/bakispec/12479
248,Технологии и оборудование машиностроительных производств,15.03.01,Машиностроение,"Инженер, Инженер-технолог, Инженер по автоматизации и механизациии остальные",,25.0,,131.0,10.0,https://vuzopedia.ru/program/bakispec/12476
249,Маркетинг туристских продуктов и сервисов,43.03.02,Туризм,"Маркетолог, Специалист по туризмуи остальные",51230.0,12.0,,120.0,139.0,https://vuzopedia.ru/program/bakispec/12473
250,Технология и переработка полимеров и композитов,04.03.01,Химия,"Инженер-композитчик, Лаборант физических испытаний, Лаборант спектрального анализаи остальные",,12.0,,120.0,2.0,https://vuzopedia.ru/program/bakispec/12471
251,Микро- и наноэлектроника. Радиофотоника,03.03.03,Радиофизика,"Инженер-схемотехник, Инженер по наноэлектронике, Инженер электронной техникии остальные",,25.0,,121.0,2.0,https://vuzopedia.ru/program/bakispec/12468
252,Квантовые вычисления и кибербезопасность,03.03.01,Прикладные математика и физика,"Инженер-физик, Специалист по технологиям и приборам квантовой электроники и фотоники, Специалист по киберфизическим системами остальные",,15.0,,121.0,5.0,https://vuzopedia.ru/program/bakispec/12465
253,Политика и история стран Восточной Азии,41.03.01,Зарубежное регионоведение,"Политолог, Переводчик китайского языка, Специалист в области международных отношенийи остальные",,8.0,,120.0,10.0,https://vuzopedia.ru/program/bakispec/12462
254,Информационные технологии проектирования робототехнических систем и устройств,11.03.03,Конструирование и технология электронных средств,"Инженер-мехатроник, Инженер электронной техники, Инженер-электроники остальные",,19.0,,,,https://vuzopedia.ru/program/bakispec/12460
255,Оптические и квантовые инфокоммуникационные технологии и системы,11.03.02,Инфокоммуникационные технологии и системы связи,"Инженер по радиоэлектронной борьбе, Инженер по спутниковым коммуникациям, Инженер связии остальные",,36.0,,,,https://vuzopedia.ru/program/bakispec/12457
256,Информационные технологии в бизнесе,38.03.05,Бизнес-информатика,"IT-директор (CIO), Аналитик данных, Консультант по электронному бизнесуи остальные",136000.0,20.0,,120.0,15.0,https://vuzopedia.ru/program/bakispec/12454
257,Экономика и организация пассажирского транспорта,38.03.01,Экономика,"Бухгалтер-экономист, Инженер-экономист, Экономисти остальные",520000.0,289.0,7.0,120.0,10.0,https://vuzopedia.ru/program/bakispec/12452
258,Экономика и управление производством в сфере автомобилестроения,38.03.01,Экономика,"Бухгалтер-экономист, Инженер-экономист, Экономисти остальные",520000.0,289.0,4.0,120.0,10.0,https://vuzopedia.ru/program/bakispec/12449
259,Фудтех инжиниринг,15.03.02,Технологические машины и оборудование,"Системный архитектор, архитектор программного обеспеченияи остальные",370000.0,,,172.0,10.0,https://vuzopedia.ru/program/bakispec/12446
260,Digital-филология и медиакоммуникации,45.03.01,Филология,"Филолог-русист (русист), Специалист по медиакоммуникациями остальные",,15.0,,,,https://vuzopedia.ru/program/bakispec/12444
261,Цифровой дизайн и декоративно-прикладное искусство,44.03.04,Профессиональное обучение (по отраслям),Дизайнери остальные,,15.0,,,,https://vuzopedia.ru/program/bakispec/12441
262,"Европейские языки (английский, немецкий), Восточный язык (китайский)",44.03.05,Педагогическое образование (с двумя профилями подготовки),"Учитель китайского языка, Филолог-англист (англист), Филолог-германист (германист)и остальные",,14.0,,,,https://vuzopedia.ru/program/bakispec/12438
263,"Дошкольное образование, Дополнительное образование (творчество)",44.03.05,Педагогическое образование (с двумя профилями подготовки),"Педагог, Учительи остальные",,14.0,,,,https://vuzopedia.ru/program/bakispec/12435
264,Маркетинг и управление бизнесом,38.03.01,Экономика,"Маркетолог, Менеджер непрерывности бизнеса, Предпринимательи остальные",,17.0,,120.0,10.0,https://vuzopedia.ru/program/bakispec/12432
265,Родной язык и литература и монгольский язык,44.03.05,Педагогическое образование (с двумя профилями подготовки),"Учитель, Учитель русского языка и литературы, Преподаватель монгольского языкаи остальные",159000.0,145.0,25.0,135.0,5.0,https://vuzopedia.ru/program/bakispec/12429
266,Менеджмент в управлении развитием территорий,07.03.04,Градостроительство,"Архитектор-градостроитель, Менеджери остальные",,,,130.0,30.0,https://vuzopedia.ru/program/bakispec/12427
267,Пожарная безопасность в строительстве,20.05.01,Пожарная безопасность,"Инженер охранно-пожарной сигнализации, Инженер по пожарной безопасности, Пожарныйи остальные",,,,99.0,10.0,https://vuzopedia.ru/program/bakispec/12426
268,Градостроительство и дизайн городской среды,07.03.04,Градостроительство,"Архитектор-градостроитель, Дизайнер, Дизайнер городской средыи остальные",,10.0,,130.0,50.0,https://vuzopedia.ru/program/bakispec/12424
269,Проектирование объектов теплоэнергетической отрасли,13.03.01,Теплоэнергетика и теплотехника,"Инженер-проектировщик систем теплоснабжения, Инженер-проектировщик тепловых сетей, Инженер-теплотехники остальные",,,,99.0,10.0,https://vuzopedia.ru/program/bakispec/12423
270,Фундаментальная и прикладная математика,01.03.04,Прикладная математика,"Математик, Разработчик математических и компьютерных моделей, Руководитель по цифровой трансформации (CDO – Chief Data Officer)и остальные",,22.0,,,,https://vuzopedia.ru/program/bakispec/12422
271,Ветеринарная биофармация,33.05.01,Фармация,"Биофармаколог, Фармацевти остальные",,17.0,,120.0,13.0,https://vuzopedia.ru/program/bakispec/12420
272,Психология в бизнесе,37.03.01,Психология,"Бизнес-тренер, Психолог, Корпоративный психологи остальные",100000.0,,,120.0,70.0,https://vuzopedia.ru/program/bakispec/12419
273,Технология производства продуктов свиноводства,36.03.02,Зоотехния,"Зоотехник, Животновод, Оператор свиноводческих комплексов и механизированных ферми остальные",,20.0,,99.0,6.0,https://vuzopedia.ru/program/bakispec/12417
274,Производство и переработка сельскохозяйственной продукции,35.03.07,Технология производства и переработки сельскохозяйственной продукции,"Агроинженер, Биотехнолог, Заготовитель продуктов и сырья, сельхозпродуктови остальные",,45.0,,99.0,10.0,https://vuzopedia.ru/program/bakispec/12414
275,Прикладная информатика в агропромышленном комплексе,09.03.03,Прикладная информатика,"Агроинформатик (агрокибернетик), IT-специалист, Специалист по информационным системами остальные",,15.0,,99.0,40.0,https://vuzopedia.ru/program/bakispec/12411
276,Педагогика дошкольного и начального образования,44.03.01,Педагогическое образование,"Педагог, Учитель начальных классов, Педагог дошкольного образованияи остальные",,,,123.0,10.0,https://vuzopedia.ru/program/bakispec/12408
277,Технология и основы предпринимательской деятельности,44.03.01,Педагогическое образование,Предпринимательи остальные,,,,124.0,10.0,https://vuzopedia.ru/program/bakispec/12405
278,Экономико-правовое образование. Обществознание,44.03.05,Педагогическое образование (с двумя профилями подготовки),"Преподаватель экономики, Учитель обществознания, Экономисти остальные",,18.0,,,,https://vuzopedia.ru/program/bakispec/12402
279,Русский язык. Дополнительное образование (пиар и коммуникации),44.03.05,Педагогическое образование (с двумя профилями подготовки),"Педагог, Учитель русского языка и литературыи остальные",,25.0,,,,https://vuzopedia.ru/program/bakispec/12399
280,Информатика и Графический дизайн,44.03.05,Педагогическое образование (с двумя профилями подготовки),"Педагог, Информатик (специалист по информационным технологиям), Дизайнери остальные",,,,118.0,50.0,https://vuzopedia.ru/program/bakispec/12397
281,Цифровые технологии в управлении персоналом,38.03.03,Управление персоналом,"HR-специалист, Менеджер по персоналуи остальные",55000.0,3.0,,136.0,57.0,https://vuzopedia.ru/program/bakispec/12394
282,Международный и внутренний туризм в регионах курортного и промышленного значения,43.03.02,Туризм,"Менеджер по туризму, Специалист по туризму, Режиссёр индивидуальных турови остальные",142600.0,22.0,,120.0,3.0,https://vuzopedia.ru/program/bakispec/12391
283,Промышленное и гражданское строительство объектов нефтегазового комплекса,21.03.01,Нефтегазовое дело,"Инженер по технологическому обеспечению работы нефтегазового промысла, Конструктор-проектировщик нефтегазового оборудования, Менеджер нефтегазовых проектови остальные",73000.0,25.0,,120.0,30.0,https://vuzopedia.ru/program/bakispec/12388
284,Цифровые двойники и системы управления,27.03.04,Управление в технических системах,"Аналитик данных, Системный аналитик, Руководитель по цифровой трансформации (CDO – Chief Data Officer)и остальные",,30.0,,,,https://vuzopedia.ru/program/bakispec/12385
285,Киберфизические производственные системы,15.03.06,Мехатроника и робототехника,"Инженер, Инженер-мехатроник, Специалист по киберфизическим системами остальные",,25.0,,,,https://vuzopedia.ru/program/bakispec/12382
286,Автоматизация и цифровизация бизнеса,09.03.03,Прикладная информатика,"Программист, Информатик (специалист по информационным технологиям), Системный аналитики остальные",161400.0,58.0,,121.0,8.0,https://vuzopedia.ru/program/bakispec/12379
287,Цифровые технологии в топливно-энергетическом комплексе,13.03.01,Теплоэнергетика и теплотехника,"Аналитик данных, Специалист по информационным системам, Руководитель разработки программного обеспеченияи остальные",,30.0,,,,https://vuzopedia.ru/program/bakispec/12374
288,Производственная надёжность и инжиниринг объектов топливно-энергетического комплекса,15.03.02,Технологические машины и оборудование,"Инженер, Инженер по промышленной безопасности, Инженер по техническому надзоруи остальные",,20.0,,,,https://vuzopedia.ru/program/bakispec/12371
289,Корпоративные информационные системы управления,09.03.02,Информационные системы и технологии,"Информатик-технолог, Специалист по информационным системам, Системный аналитики остальные",38000.0,151.0,102.0,121.0,48.0,https://vuzopedia.ru/program/bakispec/12368
290,"Порошковая металлургия, композиционные материалы и покрытия",22.03.01,Материаловедение и технологии материалов,"Инженер-металлург, Специалист по порошковой металлургии, Материаловеди остальные",,25.0,,,,https://vuzopedia.ru/program/bakispec/12365
291,Технологические процессы в машиностроении,15.03.05,Конструкторско-технологическое обеспечение машиностроительных производств,"Инженер, Инженер-машиностроитель, Специалист по технологии машиностроенияи остальные",67000.0,1.0,,120.0,32.0,https://vuzopedia.ru/program/bakispec/12362
292,Предпринимательство и управление бизнесом,38.03.01,Экономика,"Предприниматель, Специалист по бизнес-планированию и разработке бизнес-планов, Экономисти остальные",,5.0,,120.0,20.0,https://vuzopedia.ru/program/bakispec/12359
293,Химия новых функциональных материалов,04.03.01,Химия,"Химик-технолог, Химик, Инженер-химики остальные",159000.0,136.0,14.0,120.0,5.0,https://vuzopedia.ru/program/bakispec/12356
294,Информатика и искусственный интеллект в образовании,44.03.04,Профессиональное обучение (по отраслям),"Учитель информатики и вычислительной техники, Специалист по искусственному интеллектуи остальные",69000.0,195.0,15.0,121.0,15.0,https://vuzopedia.ru/program/bakispec/12353
295,Искусственный интеллект и анализ данных,01.03.01,Математика,"Математик, Аналитик данных, Специалист по искусственному интеллектуи остальные",143000.0,169.0,15.0,121.0,5.0,https://vuzopedia.ru/program/bakispec/12350
296,"Проектирование и постройка кораблей, судов и объектов океанотехники",26.05.01,"Проектирование и постройка кораблей, судов и объектов океанотехники","Инженер, Инженер-кораблестроитель, Судостроитель-судоремонтник металлических судови остальные",,30.0,,,,https://vuzopedia.ru/program/bakispec/12349
297,Цифровая экономика и аналитика данных,01.03.01,Математика,"Математик, Аналитик данных, Инженер-экономисти остальные",143000.0,140.0,14.0,121.0,5.0,https://vuzopedia.ru/program/bakispec/12347
298,Инженерно-экономическое обеспечение бизнес-процессов организаций водного транспорта,26.03.04,Инженерно-экономическое обеспечение технологий и бизнес-процессов водного транспорта,"Инженер по организации перевозок и управлению на транспорте, Логист, Транспортный планировщики остальные",,24.0,,,,https://vuzopedia.ru/program/bakispec/12346
299,Инжиниринг технологических процессов и оборудования,15.03.02,Технологические машины и оборудование,"Инженер, Инженер-технолог, Инженер-механики остальные",,30.0,,99.0,25.0,https://vuzopedia.ru/program/bakispec/12343
300,Искусственный интеллект и беспилотные системы,27.03.04,Управление в технических системах,"Оператор беспилотных летательных аппаратов (БПЛА), Проектировщик интерфейсов беспилотной авиациии остальные",166300.0,18.0,,120.0,7.0,https://vuzopedia.ru/program/bakispec/12338
301,Анализ данных и суперкомпьютерные технологии,02.03.01,Математика и компьютерные науки,"Математик, Аналитик данныхи остальные",219080.0,136.0,21.0,121.0,10.0,https://vuzopedia.ru/program/bakispec/12336
302,География. Педагог дополнительного образования детей в области экологии,44.03.05,Педагогическое образование (с двумя профилями подготовки),"Учитель географии, Преподаватель географии (географических дисциплин), Педагог дополнительного образованияи остальные",,24.0,,119.0,6.0,https://vuzopedia.ru/program/bakispec/12334
303,Управление в сфере коммерческой деятельности,38.03.06,Торговое дело,"Менеджер по закупкам, Коммерческий агент, Директори остальные",130000.0,,,85.0,40.0,https://vuzopedia.ru/program/bakispec/12331
304,Психолого-педагогическое консультирование и медиация в образовании,44.03.02,Психолого-педагогическое образование,"Педагог, Психолог, Педагог-психологи остальные",130000.0,20.0,,105.0,95.0,https://vuzopedia.ru/program/bakispec/12325
305,Оперативно-розыскная деятельность подразделений экономической безопасности и противодейств..,40.03.02,Обеспечение законности и правопорядка,"Полицейский, Специалист по экономической безопасностии остальные",,55.0,,,,https://vuzopedia.ru/program/bakispec/12320
306,Экономическая деятельность в органах внутренних дел,38.03.01,Экономика,"Бухгалтер-экономист, Экономисти остальные",,20.0,,,,https://vuzopedia.ru/program/bakispec/12317
307,Управление инновациями в бизнесе,38.03.01,Экономика,"Инновационный менеджер, Эксперт в области науки, технологий и инновацийи остальные",2000000.0,,,240.0,10.0,https://vuzopedia.ru/program/bakispec/12315
308,Управление инновациями в бизнесе,27.03.03,Системный анализ и управление,"Инновационный менеджер, Консультант по электронному бизнесу, Эксперт в области науки, технологий и инновацийи остальные",2000000.0,,,240.0,41.0,https://vuzopedia.ru/program/bakispec/12312
309,Цифровая безопасность,40.05.01,Правовое обеспечение национальной безопасности,"Инженер информационной безопасности, Специалист по безопасностии остальные",,6.0,,138.0,10.0,https://vuzopedia.ru/program/bakispec/12310
310,Комплексы управления и автоматизации ракетно-космической техники,24.03.01,Ракетные комплексы и космонавтика,Инженер по автоматизации и механизациии остальные,,14.0,,138.0,10.0,https://vuzopedia.ru/program/bakispec/12307
311,Автономные колесные и гусеничные машины,15.03.06,Мехатроника и робототехника,"Инженер-машиностроитель, Специалист по технологии машиностроенияи остальные",,20.0,,138.0,10.0,https://vuzopedia.ru/program/bakispec/12302
312,Математическое и компьютерное моделирование в механике,01.03.03,Механика и математическое моделирование,"Математик, Специалист по математическому моделированиюи остальные",,29.0,,138.0,10.0,https://vuzopedia.ru/program/bakispec/12299
313,Цифровая антропология и киберпсихология,46.03.03,Антропология и этнология,"Антрополог, Корпоративный антрополог, Этнологи остальные",,,,120.0,20.0,https://vuzopedia.ru/program/bakispec/12295
314,Лечебная педагогика,44.03.03,Специальное (дефектологическое) образование,"Дефектолог, Олигофренопедагог, Воспитатель логопедических группи остальные",,,,125.0,10.0,https://vuzopedia.ru/program/bakispec/12292
315,Психология развития и обучения детей и подростков,44.03.02,Психолого-педагогическое образование,"Психолог, Педагог-психолог, Преподаватель психологиии остальные",,,,125.0,30.0,https://vuzopedia.ru/program/bakispec/12288
316,Фундаментальные и прикладные исследования в области наук о человеке,37.03.01,Психология,"Инженерный психолог, Корпоративный психолог, Когнитивный психологи остальные",,,,120.0,10.0,https://vuzopedia.ru/program/bakispec/12284
317,Прикладная психология и управление персоналом в цифровой среде,37.03.01,Психология,"Бизнес-тренер, HR-специалист, Корпоративный психологи остальные",,,,120.0,10.0,https://vuzopedia.ru/program/bakispec/12280
318,Организационно-психологическое консультирование,37.03.01,Психология,"Инженерный психолог, Корпоративный психолог, Корпоративный антропологи остальные",,12.0,,,,https://vuzopedia.ru/program/bakispec/12276
319,Аналитика данных и искусственный интеллект в психологии и образовании,09.03.03,Прикладная информатика,"Психолог, Аналитик данных, Специалист по искусственному интеллектуи остальные",,,,121.0,30.0,https://vuzopedia.ru/program/bakispec/12273
320,Вычислительная биология: моделирование и анализ данных в биологических системах,06.03.01,Биология,"Биолог, Биолог-исследователь, Микробиологи остальные",,,,120.0,20.0,https://vuzopedia.ru/program/bakispec/12269
321,География и психология человека,05.03.02,География,"Географ, Психолог, Геоморфологи остальные",,,,120.0,20.0,https://vuzopedia.ru/program/bakispec/12268
322,Биоинформатика и искусственный интеллект,12.03.04,Биотехнические системы и технологии,"Биоинженер, Биоинформатики остальные",,20.0,,,,https://vuzopedia.ru/program/bakispec/12266
323,Цифровое предприятие,38.03.05,Бизнес-информатика,"Консультант по электронному бизнесу, Руководитель по цифровой трансформации (CDO – Chief Data Officer)и остальные",165430.0,183.0,45.0,120.0,23.0,https://vuzopedia.ru/program/bakispec/12265
324,"Эффективная веб-разработка – инфраструктура, код, ИИ-агенты",09.03.04,Программная инженерия,"Программист, Web-программист, Специалист по искусственному интеллектуи остальные",318816.0,15.0,,150.0,15.0,https://vuzopedia.ru/program/bakispec/12261
325,Разработка национальных корпоративных платформ,09.03.04,Программная инженерия,"Программист, Инженер по сопровождению программного обеспечения, Системный программисти остальные",318816.0,40.0,,150.0,68.0,https://vuzopedia.ru/program/bakispec/12257
326,Межнациональные отношения,46.03.03,Антропология и этнология,"Антрополог, Этнологи остальные",175920.0,28.0,,120.0,2.0,https://vuzopedia.ru/program/bakispec/12253
327,Режиссура театра,52.05.02,Режиссура театра,"Режиссёр театра и кино, Режиссёр театра кукол, Режиссёр музыкального театра (музыкальный режиссёр)и остальные",,4.0,,120.0,1.0,https://vuzopedia.ru/program/bakispec/12249
328,Проектирование образовательных программ. Специальная педагогика и психология,44.03.05,Педагогическое образование (с двумя профилями подготовки),"Психолог, Педагог-психологи остальные",,12.0,,125.0,8.0,https://vuzopedia.ru/program/bakispec/12245
329,Проектирование образовательных программ. Психология образования,44.03.05,Педагогическое образование (с двумя профилями подготовки),"Психолог, Педагог-психологи остальные",,10.0,,125.0,10.0,https://vuzopedia.ru/program/bakispec/12241
330,Основы производства продукции с улучшенными характеристиками,35.03.03,Агрохимия и агропочвоведение,Техник-технологи остальные,,30.0,,120.0,20.0,https://vuzopedia.ru/program/bakispec/12240
331,Технология перерабатывающих производств в АПК,35.03.07,Технология производства и переработки сельскохозяйственной продукции,Техник-технологи остальные,50000.0,145.0,60.0,120.0,53.0,https://vuzopedia.ru/program/bakispec/12236
332,Информационные технологии в зооинжиниринге,36.03.02,Зоотехния,"Программист, Информатик (специалист по информационным технологиям)и остальные",,30.0,,120.0,20.0,https://vuzopedia.ru/program/bakispec/12232
333,"Физика, Образовательная робототехника и 3D моделирование",44.03.05,Педагогическое образование (с двумя профилями подготовки),"Педагог, Учитель, Преподаватель технических дисциплини остальные",,22.0,,125.0,35.0,https://vuzopedia.ru/program/bakispec/12231
334,Экономика и технологическое образование,44.03.04,Профессиональное обучение (по отраслям),"Педагог, Преподаватель экономики, Преподавательи остальные",,20.0,,120.0,40.0,https://vuzopedia.ru/program/bakispec/12227
335,Биоинженерия,12.03.04,Биотехнические системы и технологии,"Инженер, Биоинженер, Биотехнологи остальные",,15.0,,120.0,10.0,https://vuzopedia.ru/program/bakispec/12226
336,Цифровой инжиниринг в машиностроении,09.03.04,Программная инженерия,"Инженер, Программист, Инженер-машиностроительи остальные",,20.0,,121.0,10.0,https://vuzopedia.ru/program/bakispec/12222
337,Программирование и разработка интеллектуальных информационных систем,09.03.03,Прикладная информатика,"Программист, Intelligent Systems Developer (разработчик интеллектуальных систем), Техник-программисти остальные",,65.0,,121.0,10.0,https://vuzopedia.ru/program/bakispec/12218
338,Экономика и бренд-менеджмент в сфере ландшафтного дизайна,35.03.05,Садоводство,Экономисти остальные,65000.0,219.0,40.0,109.0,10.0,https://vuzopedia.ru/program/bakispec/12216
339,Цифровые и интеллектуальные технологии в электроэнергетике,13.03.02,Электроэнергетика и электротехника,Инженер-энергетики остальные,161400.0,20.0,,99.0,5.0,https://vuzopedia.ru/program/bakispec/12213
340,Финансовые технологии (FinTech),09.03.02,Информационные системы и технологии,"Финансист, Финансовый инженери остальные",161400.0,,,99.0,20.0,https://vuzopedia.ru/program/bakispec/12210
341,Планирование и управление в транспортном комплексе,23.03.01,Технология транспортных процессов,"Инженер по безопасности транспортной сети, Инженер по организации перевозок и управлению на транспорте, Транспортный планировщики остальные",70000.0,19.0,,120.0,315.0,https://vuzopedia.ru/program/bakispec/12209
342,Экономика и управление организации туристских кластеров,43.03.02,Туризм,"Менеджер по туризму, Специалист по туризму, Руководительи остальные",,,,125.0,10.0,https://vuzopedia.ru/program/bakispec/12206
343,Промысловая геология,21.05.02,Прикладная геология,"Геолог, Инженер-геолог, Промысловый геологи остальные",,,,120.0,100.0,https://vuzopedia.ru/program/bakispec/12204
344,"Зарубежная филология (основной язык: немецкий, второй язык: английский)",45.03.01,Филология,"Филолог (филолог-исследователь), Филолог-англист (англист), Филолог-германист (германист)и остальные",,15.0,,120.0,2.0,https://vuzopedia.ru/program/bakispec/12200
345,Умные сервисы высокотехнологичных производств,09.03.01,Информатика и вычислительная техника,"Программист, Системный аналитик, Системный программисти остальные",324000.0,15.0,,121.0,15.0,https://vuzopedia.ru/program/bakispec/12196
346,Зеленая химия и катализ,04.05.01,Фундаментальная и прикладная химия,"Инженер-исследователь, Химик-технолог, Инженер-химики остальные",299000.0,17.0,,120.0,13.0,https://vuzopedia.ru/program/bakispec/12192
347,Квантовое программирование,09.03.02,Информационные системы и технологии,"Программист, Системный аналитик, Системный программисти остальные",359300.0,23.0,,121.0,65.0,https://vuzopedia.ru/program/bakispec/12188
348,Квантовые коммуникации и вычисления,09.03.01,Информатика и вычислительная техника,"Программист, Аналитик компьютерных систем, IT-специалисти остальные",324000.0,35.0,,121.0,55.0,https://vuzopedia.ru/program/bakispec/12184
349,Мелкие и домашние животные,36.05.01,Ветеринария,"Ветеринар, Ветеринарный врач (ветеринар), Ветеринарный фельдшери остальные",,,,99.0,50.0,https://vuzopedia.ru/program/bakispec/12182
350,Управление жизненным циклом наземных транспортно-технологических средств,23.05.01,Наземные транспортно-технологические средства,"Инженер, Инженер-конструктор, Автомеханики остальные",31350.0,11.0,,120.0,30.0,https://vuzopedia.ru/program/bakispec/12181
351,Разработка цифровых продуктов,09.03.04,Программная инженерия,"Программист, Системный администратор, Разработчик Web и мультимедийных приложенийи остальные",35000.0,18.0,,121.0,20.0,https://vuzopedia.ru/program/bakispec/12177
352,Искусственный интеллект и большие данные,09.03.02,Информационные системы и технологии,"Аналитик данных, Intelligent Systems Developer (разработчик интеллектуальных систем), Специалист по искусственному интеллектуи остальные",36575.0,14.0,,121.0,30.0,https://vuzopedia.ru/program/bakispec/12173
353,Системный цифровой химический инжиниринг и химическое машиностроение,15.05.01,Проектирование технологических машин и комплексов,"Инженер, Инженер-конструктор, Инженер-исследовательи остальные",346900.0,5.0,,120.0,10.0,https://vuzopedia.ru/program/bakispec/12170
354,Генетика и селекция растений,35.03.04,Агрономия,"Агроном, Генетик, Селекционери остальные",37000.0,179.0,104.0,127.0,37.0,https://vuzopedia.ru/program/bakispec/12168
355,Ветеринарная медицина. Ветеринарный бизнес,36.05.01,Ветеринария,"Ветеринар, Ветеринарно-санитарный врач, Ветеринарный врач (ветеринар)и остальные",,14.0,,120.0,10.0,https://vuzopedia.ru/program/bakispec/12164
356,Промышленная автоматизация и управление движением,27.03.04,Управление в технических системах,"Программист, Инженер-энергетик, Инженер АСУ ТПи остальные",28400.0,217.0,70.0,121.0,40.0,https://vuzopedia.ru/program/bakispec/12160
357,"Прикладная филология: русский язык и литература, цифровые технологии",45.03.01,Филология,Филолог-русист (русист)и остальные,,12.0,,,,https://vuzopedia.ru/program/bakispec/12156
358,Реклама и связи с общественностью в социально-культурной сфере,51.03.03,Социально-культурная деятельность,"Менеджер социально-культурной деятельности, Специалист по рекламеи остальные",321000.0,,,150.0,42.0,https://vuzopedia.ru/program/bakispec/12152
359,Искусственный интеллект в управлении разработкой нефтегазовых месторождений на суше и на м..,21.05.06,Нефтегазовые техника и технологии,"Геолог-нефтяник, Специалист сервисной компании по эксплуатации нефтегазового оборудования, Специалист по разведке нефтяных и газовых месторожденийи остальные",495000.0,31.0,,121.0,8.0,https://vuzopedia.ru/program/bakispec/12146
360,Технология и организация внутреннего и международного туризма,43.03.02,Туризм,"Менеджер, Менеджер по туризму, Специалист по туризмуи остальные",280000.0,,,120.0,20.0,https://vuzopedia.ru/program/bakispec/12145
361,Ресторанный бизнес,43.03.03,Гостиничное дело,"Менеджер ресторана, Ресторатор, Менеджер гостиничного сервисаи остальные",280000.0,,,120.0,20.0,https://vuzopedia.ru/program/bakispec/12141
362,Право и медиация,44.03.05,Педагогическое образование (с двумя профилями подготовки),"Педагог, Учитель, Медиатори остальные",,12.0,,115.0,3.0,https://vuzopedia.ru/program/bakispec/12140
363,Педагогика и психология начального образования,44.03.05,Педагогическое образование (с двумя профилями подготовки),"Педагог, Психолог, Педагог-психологи остальные",,12.0,,115.0,2.0,https://vuzopedia.ru/program/bakispec/12136
364,"Менеджмент, маркетинг, логистика",38.03.02,Менеджмент,"Логист, Менеджер по маркетингу, Менеджери остальные",,,,120.0,20.0,https://vuzopedia.ru/program/bakispec/12132
365,Перевод и лингвострановедение,45.03.02,Лингвистика,"Лингвист, Лингвист-исследователь, Переводчики остальные",600000.0,,,196.0,10.0,https://vuzopedia.ru/program/bakispec/12129
366,Кадровое обеспечение региональных проектов,38.03.03,Управление персоналом,"Специалист по кадрам, Инспектор (менеджер) по кадрам, Менеджер по персоналуи остальные",600000.0,,,150.0,10.0,https://vuzopedia.ru/program/bakispec/12125
367,"Мировая экономика, инновации и международный бизнес",38.03.01,Экономика,"Бухгалтер-экономист, Инновационный менеджер, Экономист-международники остальные",600000.0,5.0,,150.0,10.0,https://vuzopedia.ru/program/bakispec/12121
368,Экономика и управление отраслевыми комплексами (нефтегазовый комплекс; инвестиционно-строи..,38.03.01,Экономика,"Менеджер строительного проекта, Менеджер нефтегазовых проектов, Менеджер проектаи остальные",,,,120.0,20.0,https://vuzopedia.ru/program/bakispec/12117
369,Хоровое и сольное народное пение,53.03.04,Искусство народного пения,"Артист хора, Исполнитель народных или этнических песен (народный певец)и остальные",47020.0,291.0,6.0,275.0,10.0,https://vuzopedia.ru/program/bakispec/12115
370,Специальный перевод и искусственный интеллект,45.05.01,Перевод и переводоведение,"Переводовед, Переводчик, Специалист по искусственному интеллектуи остальные",,,,120.0,12.0,https://vuzopedia.ru/program/bakispec/12112
371,Зооинженерия и биоинформатика,36.03.02,Зоотехния,"Зоотехник, Животновод, Биоинформатики остальные",42000.0,165.0,9.0,168.0,20.0,https://vuzopedia.ru/program/bakispec/12108
372,Организация и управление в производстве зерна и хлебопродуктов,35.03.07,Технология производства и переработки сельскохозяйственной продукции,"Инженер-технолог пищевого производства, Инженер-технолог хлебопекарного производства, Технолог пищевого производстваи остальные",42000.0,160.0,18.0,120.0,20.0,https://vuzopedia.ru/program/bakispec/12104
373,"Технологии био- и наноматериалов, лекарственных и косметических средств",18.03.01,Химическая технология,"Химик-технолог, Химик, Специалист по нанохимии, нанохимики остальные",42000.0,10.0,,120.0,20.0,https://vuzopedia.ru/program/bakispec/12100
374,Биология и агротехнологии,44.03.05,Педагогическое образование (с двумя профилями подготовки),"Учитель, Учитель биологии, Педагог дополнительного образованияи остальные",142000.0,,,120.0,10.0,https://vuzopedia.ru/program/bakispec/12096
375,Экономика и управление предприятием химической промышленности,38.03.01,Экономика,,,,,120.0,10.0,https://vuzopedia.ru/program/bakispec/12094
376,"Автоматизированные робототехнические системы контроля, диагностики и мониторинга в промышл..",15.03.04,Автоматизация технологических процессов и производств,"Инженер-технолог, Инженер по автоматизации и механизации, Робототехники остальные",,,,120.0,10.0,https://vuzopedia.ru/program/bakispec/12090
377,Информационно-аналитические и управляющие системы,09.03.04,Программная инженерия,"Аналитик данных, Информатик-технолог, Информатик (специалист по информационным технологиям)и остальные",,25.0,,121.0,10.0,https://vuzopedia.ru/program/bakispec/12086
378,"Перевод, переводоведение, преподавание филологических дисциплин (английский, русский, кита..",45.03.02,Лингвистика,"Переводчик китайского языка, Лингвист, Филолог-русист (русист)и остальные",,13.0,,120.0,3.0,https://vuzopedia.ru/program/bakispec/12084
379,"Реклама и PR в коммерческой, государственной, социальной и политической сферах",42.03.01,Реклама и связи с общественностью,"Менеджер по рекламе, Рекламный агент, Специалист по рекламеи остальные",,12.0,,125.0,2.0,https://vuzopedia.ru/program/bakispec/12080
380,Сервис в социальной работе с различными группами населения,39.03.02,Социальная работа,"Специалист по социальной работе, Специалист по клиентскому сервису, Социальный работники остальные",,18.0,,125.0,15.0,https://vuzopedia.ru/program/bakispec/12076
381,Управление логистикой организации,38.03.02,Менеджмент,"Логист, Менеджер, Операционный логисти остальные",,8.0,,120.0,10.0,https://vuzopedia.ru/program/bakispec/12072
382,Информационные технологии в науках о Земле и окружающей среде / Information Technologies i..,09.03.02,Информационные системы и технологии,"Администратор баз данных, Инженер по сопровождению программного обеспечения, Геоинформатики остальные",,15.0,,121.0,96.0,https://vuzopedia.ru/program/bakispec/12071
383,Технология малотоннажных и среднетоннажных химических производств,18.03.01,Химическая технология,"Химик-технолог, Химик, Инженер-химики остальные",,20.0,,120.0,5.0,https://vuzopedia.ru/program/bakispec/12067
384,Иран и Центральная Азия,58.03.01,Востоковедение и африканистика,"Иранист, Востоковеди остальные",600000.0,15.0,,180.0,10.0,https://vuzopedia.ru/program/bakispec/12065
385,Арабский мир и Христианский Восток,58.03.01,Востоковедение и африканистика,"Востоковед, Арабисти остальные",600000.0,16.0,,180.0,10.0,https://vuzopedia.ru/program/bakispec/12061
386,Проектирование интеллектуальных робототехнических систем,09.03.04,Программная инженерия,"Программист, Специалист по интегрированным интеллектуальным робототехническим комплексами остальные",780000.0,25.0,,200.0,10.0,https://vuzopedia.ru/program/bakispec/12057
387,Телевизионные технологии и продюсирование медиапроектов,42.03.04,Телевидение,"Продюсер, Редактор телевизионных программи остальные",,,,120.0,70.0,https://vuzopedia.ru/program/bakispec/12056
388,Связи с общественностью и корпоративные массмедиа,42.03.01,Реклама и связи с общественностью,Менеджер по связям с общественностью (PR)и остальные,,,,125.0,21.0,https://vuzopedia.ru/program/bakispec/12052
389,Медиапроизводство и продвижение брендов,42.03.01,Реклама и связи с общественностью,"Маркетолог, Медиапланери остальные",,,,125.0,21.0,https://vuzopedia.ru/program/bakispec/12048
390,Социальная архитектура и брендинг территорий,39.03.01,Социология,Социальный инженери остальные,,17.0,,125.0,5.0,https://vuzopedia.ru/program/bakispec/12044
391,Технологическое проектирование и управление качеством,29.03.02,Технология и проектирование текстильных изделий,Инженер по управлению качествоми остальные,,15.0,,125.0,5.0,https://vuzopedia.ru/program/bakispec/12040
392,"Компьютерная графика, дизайн и иммерсивные технологии",09.03.02,Информационные системы и технологии,"Графический дизайнер, Художник-графики остальные",,,,121.0,2.0,https://vuzopedia.ru/program/bakispec/12036
393,Искусственный интеллект в компьютерной графике и дизайне,01.03.02,Прикладная математика и информатика,Специалист по искусственному интеллектуи остальные,,,,121.0,2.0,https://vuzopedia.ru/program/bakispec/12032
394,"История, Дополнительное образование",44.03.05,Педагогическое образование (с двумя профилями подготовки),"Историк, Педагог, Учительи остальные",136000.0,41.0,,125.0,9.0,https://vuzopedia.ru/program/bakispec/12028
395,Дополнительное образование (раннее творческое развитие детей),44.03.01,Педагогическое образование,"Педагог, Учительи остальные",,24.0,,,,https://vuzopedia.ru/program/bakispec/12024
396,Безопасность природно-техносферных систем,20.03.01,Техносферная безопасность,"Инженер природообустройства, Экологи остальные",,25.0,,120.0,25.0,https://vuzopedia.ru/program/bakispec/12023
397,Проектирование культурных и творческих инициатив,51.03.01,Культурология,"Педагог-организатор культурного досуга, Культорганизатор, Менеджер социально-культурной деятельностии остальные",,10.0,,125.0,10.0,https://vuzopedia.ru/program/bakispec/12019
398,Креативное предпринимательство и медиа-бизнес,42.03.05,Медиакоммуникации,"Контент-менеджер, Арт-директор, Клипмейкери остальные",,,,120.0,10.0,https://vuzopedia.ru/program/bakispec/12018
399,Иностранный язык (китайский) и Иностранный язык (корейский),44.03.05,Педагогическое образование (с двумя профилями подготовки),"Учитель, Преподаватель китайского языка, Учитель китайского языкаи остальные",,19.0,,125.0,10.0,https://vuzopedia.ru/program/bakispec/12015
400,Геоинформационные технологии в управлении природными ресурсами и территориями,05.03.03,Картография и геоинформатика,"Геодезист, Геоинформатик, Техник-геодезисти остальные",,20.0,,120.0,10.0,https://vuzopedia.ru/program/bakispec/12011
401,Прикладная география. Изыскания и экспертиза территорий,05.03.02,География,"Географ, Инженер, Экскурсоводи остальные",,20.0,,120.0,10.0,https://vuzopedia.ru/program/bakispec/12007
402,Аналитика данных и разработка бизнес-приложений,09.03.03,Прикладная информатика,"Программист, Аналитик данных, Разработчик Web и мультимедийных приложенийи остальные",144700.0,179.0,23.0,158.0,17.0,https://vuzopedia.ru/program/bakispec/12005
403,Изобразительное искусство и Дизайн,44.03.05,Педагогическое образование (с двумя профилями подготовки),"Педагог, Учитель ИЗО, Преподавательи остальные",165000.0,15.0,,119.0,10.0,https://vuzopedia.ru/program/bakispec/11997
404,Логопедия и коррекционная педагогика,44.03.05,Педагогическое образование (с двумя профилями подготовки),"Педагог, Логопед, Педагог-психологи остальные",173500.0,8.0,,165.0,15.0,https://vuzopedia.ru/program/bakispec/11959
405,Электронная коммерция,09.03.03,Прикладная информатика,"Торговый агент, Информатик (специалист по информационным технологиям), Специалист по электронной коммерции (e-commerce)и остальные",195000.0,,,121.0,10.0,https://vuzopedia.ru/program/bakispec/11955
406,Здания и сооружения в экстремальных условиях эксплуатации,08.03.01,Строительство,"Инженер-строитель, Специалист по перестройке, усилению старых строительных конструкций, Специалист по модернизации строительных технологийи остальные",195000.0,,,120.0,20.0,https://vuzopedia.ru/program/bakispec/11951
407,Городской инжиниринг и информационное моделирование,08.03.01,Строительство,"Инженер-строитель, Специалист по информационным системам обеспечения градостроительной деятельностии остальные",174612.0,36.0,,120.0,28.0,https://vuzopedia.ru/program/bakispec/11950
408,Промышленное и декоративное садоводство,35.03.05,Садоводство,Садоводи остальные,69000.0,13.0,,99.0,11.0,https://vuzopedia.ru/program/bakispec/11946
409,Фармацевтическое дело и технологии лекарств,33.05.01,Фармация,"Фармацевт, Медицинский представитель фармацевтической компании, Химик фармацевтической промышленностии остальные",,173.0,15.0,,,https://vuzopedia.ru/program/bakispec/11942
410,Химическая технология материалов современной энергетики,18.03.01,Химическая технология,"Химик-технолог, Химик, Химик-материаловеди остальные",,180.0,15.0,,,https://vuzopedia.ru/program/bakispec/11938
411,"Обнаружение и нейтрализация киберугроз, средства мониторинга киберсреды",10.05.01,Компьютерная безопасность,"Аналитик информационной безопасности, Инженер информационной безопасности, Информатик (специалист по информационным технологиям)и остальные",,198.0,36.0,,,https://vuzopedia.ru/program/bakispec/11934
412,Морская экология: экосистемные технологии,05.03.06,Экология и природопользование,"Гидроэколог, Парковый эколог, Биоэкологи остальные",,142.0,20.0,,,https://vuzopedia.ru/program/bakispec/11930
413,Химия полимеров,04.03.01,Химия,"Химик-технолог, Химик, Специалист по химии полимерных соединений, химик-полимерщики остальные",268500.0,21.0,,120.0,4.0,https://vuzopedia.ru/program/bakispec/11926
414,"Богословие, государство, коммуникации",48.03.01,Теология,Теологи остальные,,15.0,,,,https://vuzopedia.ru/program/bakispec/11923
415,Управление и эксплуатация гидромелиоративных систем,35.03.11,Гидромелиорация,"Инженер комплексного использования водных ресурсов, Инженер по мелиорации и водному хозяйству, Инженер-гидротехники остальные",52000.0,35.0,,99.0,15.0,https://vuzopedia.ru/program/bakispec/11919
416,Машиностроение и технический сервис,21.05.04,Горное дело,"Инженер-машиностроитель, Горный инженер, Специалист по технологии машиностроенияи остальные",,24.0,,,,https://vuzopedia.ru/program/bakispec/11918
417,Управление природоохранной деятельностью и оценка ESG-рисков,20.03.02,Природообустройство и водопользование,"Геоэколог, Мелиоратор, Инженер природообустройстваи остальные",75000.0,16.0,,120.0,35.0,https://vuzopedia.ru/program/bakispec/11915
418,Технология наноэлектронных приборов и архитектура вычислительных систем,14.05.04,Электроника и автоматика физических установок,Инженер-технологи остальные,408000.0,269.0,9.0,225.0,10.0,https://vuzopedia.ru/program/bakispec/11912
419,Информационная безопасность цифровых платформ социальной коммуникации,10.05.04,Информационно-аналитические системы безопасности,Инженер информационной безопасностии остальные,380000.0,275.0,23.0,223.0,10.0,https://vuzopedia.ru/program/bakispec/11908
420,Цифровые технологии для системного анализа и управления,27.03.03,Системный анализ и управление,Программисти остальные,391000.0,270.0,75.0,230.0,31.0,https://vuzopedia.ru/program/bakispec/11904
421,Прикладной искусственный интеллект для системного анализа и управления,27.03.03,Системный анализ и управление,Специалист по искусственному интеллектуи остальные,391000.0,270.0,10.0,230.0,5.0,https://vuzopedia.ru/program/bakispec/11900
422,Физика экстремальных состояний вещества,22.03.01,Материаловедение и технологии материалов,"Физик, Материаловеди остальные",392000.0,259.0,8.0,259.0,10.0,https://vuzopedia.ru/program/bakispec/11896
423,Инжиниринг мезофизических систем,16.03.01,Техническая физика,"Инженер-физик, Физики остальные",430000.0,,,259.0,5.0,https://vuzopedia.ru/program/bakispec/11892
424,Гражданско-правовой (программа с углубленным изучением иностранного языка),40.03.01,Юриспруденция,"Адвокат, Корпоративный юрист, Начальник юридического отделаи остальные",,,,107.0,10.0,https://vuzopedia.ru/program/bakispec/11888
425,Ускорители для науки и приборостроения,14.03.02,Ядерные физика и технологии,"Физик-атомщик (физик-ядерщик), Инженер по ядерной техникеи остальные",,271.0,18.0,,,https://vuzopedia.ru/program/bakispec/11884
426,Операционный менеджмент (программа с углубленным изучением иностранного языка),38.03.02,Менеджмент,"Директор, Антикризисный менеджер, Антикризисный управляющийи остальные",,,,99.0,10.0,https://vuzopedia.ru/program/bakispec/11880
427,Экономика и бизнес-планирование (программа с углубленным изучением иностранного языка),38.03.01,Экономика,"Аналитик фондового рынка (финансовый аналитик), Бухгалтер-экономист, Инженер-экономисти остальные",,,,99.0,10.0,https://vuzopedia.ru/program/bakispec/11876
428,Электроника и автоматика киберфизических систем и установок,12.03.01,Приборостроение,Инженер приборостроенияи остальные,391000.0,266.0,13.0,225.0,10.0,https://vuzopedia.ru/program/bakispec/11872
429,Цифровые технологии международного бизнеса,09.03.03,Прикладная информатика,"Программист, Аналитик компьютерных систем, IT-специалисти остальные",,,,112.0,10.0,https://vuzopedia.ru/program/bakispec/11868
430,Технологии цифровой трансформации и управление изменениями,09.03.03,Прикладная информатика,"Web-программист, Администратор сайта, Инженер по сопровождению программного обеспеченияи остальные",,,,112.0,10.0,https://vuzopedia.ru/program/bakispec/11864
431,Наноэлектроника и радиофотоника,11.03.04,Электроника и наноэлектроника,"Инженер по наноэлектронике, Наноинженер, Специалист по радиофотоникеи остальные",400000.0,261.0,19.0,233.0,3.0,https://vuzopedia.ru/program/bakispec/11861
432,Управление информационными системами предприятия,09.03.02,Информационные системы и технологии,"Аналитик компьютерных систем, IT-специалист, Менеджер продуктов в области информационных технологийи остальные",,,,112.0,10.0,https://vuzopedia.ru/program/bakispec/11860
433,Ветеринарно-санитарная экспертиза сырья и продуктов животного и растительного происхождения,36.03.01,Ветеринарно-санитарная экспертиза,"Ветеринар, Ветеринарно-санитарный врач, Ветеринарный врач (ветеринар)и остальные",43000.0,,,99.0,10.0,https://vuzopedia.ru/program/bakispec/11859
434,Строительно-дорожные машины,23.03.03,Эксплуатация транспортно-технологических машин и комплексов,"Автомеханик, Инженер по механизации и автоматизации строительства, Инженер-механики остальные",,20.0,,120.0,18.0,https://vuzopedia.ru/program/bakispec/11855
435,Сварочное производство и металловедение,15.03.05,Конструкторско-технологическое обеспечение машиностроительных производств,"Инженер, Инженер-технолог, Инженер по сваркеи остальные",,34.0,,120.0,2.0,https://vuzopedia.ru/program/bakispec/11851
436,Технологии полного производственного цикла в машиностроении,15.03.05,Конструкторско-технологическое обеспечение машиностроительных производств,"Инженер-конструктор, Инженер-механик, Инженер-машиностроительи остальные",,72.0,,120.0,64.0,https://vuzopedia.ru/program/bakispec/11847
437,"Конструкторское обеспечение, автоматизация и управление качеством в машиностроении",15.03.05,Конструкторско-технологическое обеспечение машиностроительных производств,"Инженер, Инженер-конструктор, Инженер по автоматизации и механизациии остальные",,72.0,,120.0,64.0,https://vuzopedia.ru/program/bakispec/11845
438,Промышленная автоматизация,15.03.04,Автоматизация технологических процессов и производств,"Инженер, Инженер по автоматизации и механизации, Инженер по оборудованиюи остальные",,25.0,,120.0,35.0,https://vuzopedia.ru/program/bakispec/11841
439,Цифровой инжиниринг и искусственный интеллект в механике,15.03.03,Прикладная механика,"Инженер-исследователь, Инженер-машиностроитель, Инженер-прочнист авиационных конструкцийи остальные",,15.0,,121.0,10.0,https://vuzopedia.ru/program/bakispec/11837
440,Промышленный инжиниринг,15.03.02,Технологические машины и оборудование,"Инженер, Инженер-технолог, Инженер по оборудованиюи остальные",,25.0,,120.0,5.0,https://vuzopedia.ru/program/bakispec/11833
441,Цифровая трансформация в сфере культуры и искусства,51.03.01,Культурология,"Искусствовед, Культурологи остальные",,26.0,,,,https://vuzopedia.ru/program/bakispec/11830
442,Философия и цифровое общество,47.03.01,Философия,Философи остальные,175920.0,40.0,,125.0,10.0,https://vuzopedia.ru/program/bakispec/11826
443,Цифровые технологии в биомедицине,09.03.02,Информационные системы и технологии,"Программист, Архитектор медицинского оборудования, Бионики остальные",,30.0,,121.0,8.0,https://vuzopedia.ru/program/bakispec/11825
444,"Перевод и переводоведение: башкирский, английский языки",45.03.01,Филология,Переводчик английского языкаи остальные,,10.0,,,,https://vuzopedia.ru/program/bakispec/11822
445,Коммуникативные технологии креативных индустрий и сферы гостеприимства,45.03.01,Филология,Филолог-русист (русист)и остальные,,20.0,,,,https://vuzopedia.ru/program/bakispec/11818
446,Экспертная лингвистика и языковая безопасность. Восточные языки,44.03.05,Педагогическое образование (с двумя профилями подготовки),"Педагог, Учитель, Лингвисти остальные",,25.0,,,,https://vuzopedia.ru/program/bakispec/11814
447,Корейский язык (коммуникационный менеджмент). Японский язык,44.03.05,Педагогическое образование (с двумя профилями подготовки),"Педагог, Учитель, Преподаватель японского языкаи остальные",,25.0,,,,https://vuzopedia.ru/program/bakispec/11810
448,Русский язык и литература. Цифровой педагогический дизайн,44.03.05,Педагогическое образование (с двумя профилями подготовки),"Педагог, Учитель, Учитель русского языка и литературыи остальные",,14.0,,,,https://vuzopedia.ru/program/bakispec/11806
449,HR-менеджмент в бизнесе,38.03.02,Менеджмент,HR-специалисти остальные,,1.0,,,,https://vuzopedia.ru/program/bakispec/11802
450,Двигатели БПЛА и наземного транспорта,13.03.03,Энергетическое машиностроение,Инженер по двигателям воздушных судови остальные,,20.0,,,,https://vuzopedia.ru/program/bakispec/11798
451,"Биохимия, морфология, физиология",06.03.01,Биология,"Биохимик, Физиологи остальные",,26.0,,,,https://vuzopedia.ru/program/bakispec/11794
452,Технологии искусственного интеллекта,02.03.03,Математическое обеспечение и администрирование информационных систем,Специалист по искусственному интеллектуи остальные,,46.0,,,,https://vuzopedia.ru/program/bakispec/11790
453,Логистика в таможенном деле,38.05.02,Таможенное дело,"Логист, Менеджер по работе с таможней, Таможенный брокери остальные",,,,138.0,50.0,https://vuzopedia.ru/program/bakispec/11786
454,Логистика и электронная коммерция,38.03.02,Менеджмент,"Логист, Специалист по электронной коммерции (e-commerce)и остальные",,2.0,,120.0,42.0,https://vuzopedia.ru/program/bakispec/11784
455,Микроэлектроника и наноэлектроника,11.03.04,Электроника и наноэлектроника,Инженер по наноэлектроникеи остальные,,28.0,,121.0,8.0,https://vuzopedia.ru/program/bakispec/11780
456,Цифровые телекоммуникации,11.03.02,Инфокоммуникационные технологии и системы связи,Специалист по телекоммуникациии остальные,500000.0,236.0,109.0,201.0,20.0,https://vuzopedia.ru/program/bakispec/11776
457,Мехатронные модули робототехнических комплексов,13.03.02,Электроэнергетика и электротехника,"Инженер-мехатроник, Техник-мехатроник, Робототехники остальные",,29.0,,121.0,36.0,https://vuzopedia.ru/program/bakispec/11772
458,Инжиниринг электромеханических устройств и систем,13.03.02,Электроэнергетика и электротехника,Техник-электромеханики остальные,,25.0,,121.0,36.0,https://vuzopedia.ru/program/bakispec/11768
459,Электротранспортные комплексы и системы,13.03.02,Электроэнергетика и электротехника,Инженер по электротехнологическим установками остальные,,25.0,,121.0,36.0,https://vuzopedia.ru/program/bakispec/11764
460,Прикладной и цифровой дизайн новых материалов,22.03.01,Материаловедение и технологии материалов,"Дизайнер, Материаловеди остальные",,25.0,,120.0,15.0,https://vuzopedia.ru/program/bakispec/11760
461,Основные процессы химических производств,18.03.02,"Энерго- и ресурсосберегающие процессы в химической технологии, нефтехимии и биотехнологии","Химик-технолог, Химики остальные",,15.0,,120.0,10.0,https://vuzopedia.ru/program/bakispec/11756
462,Проектирование технологических машин,15.03.05,Конструкторско-технологическое обеспечение машиностроительных производств,"Инженер-технолог, Инженер-проектировщики остальные",,24.0,,121.0,7.0,https://vuzopedia.ru/program/bakispec/11752
463,"Химическая защита окружающей среды, экологическая безопасность и экспертиза",20.03.01,Техносферная безопасность,"Химик-эколог (экохимик), Экологи остальные",,23.0,,120.0,5.0,https://vuzopedia.ru/program/bakispec/11748
464,Динамика и прочность,15.03.03,Прикладная механика,"Инженер-прочнист, Специалист по аэродинамике, инженер-аэродинамики остальные",,27.0,,121.0,10.0,https://vuzopedia.ru/program/bakispec/11744
465,Автоматика и управление,27.03.04,Управление в технических системах,Инженер автоматики и телемеханикии остальные,,49.0,,121.0,25.0,https://vuzopedia.ru/program/bakispec/11740
466,Сетевые информационные технологии,09.03.01,Информатика и вычислительная техника,"Программист, Сетевой инженери остальные",185700.0,49.0,,121.0,28.0,https://vuzopedia.ru/program/bakispec/11736
467,Разработка доверенного системного и прикладного программного обеспечения,09.03.01,Информатика и вычислительная техника,"Программист, Инженер-разработчик аппаратного обеспеченияи остальные",185700.0,48.0,,121.0,26.0,https://vuzopedia.ru/program/bakispec/11733
468,Геодезическое обеспечение землеустройства и кадастров,21.03.02,Землеустройство и кадастры,"Землеустроитель, Кадастровый инженери остальные",,15.0,,99.0,10.0,https://vuzopedia.ru/program/bakispec/11729
469,Агротехнологии,35.03.04,Агрономия,"Агроинженер, Агрономи остальные",33000.0,207.0,337.0,99.0,165.0,https://vuzopedia.ru/program/bakispec/11725
470,Агроэкологическая оценка земель и воспроизводство плодородия почв,35.03.03,Агрохимия и агропочвоведение,"Агроэколог, Почвоведи остальные",,17.0,,,,https://vuzopedia.ru/program/bakispec/11721
471,Болезни мелких домашних животных,36.05.01,Ветеринария,"Ветеринар, Ветеринарный врач (ветеринар), Ветеринарный фельдшери остальные",,,,99.0,10.0,https://vuzopedia.ru/program/bakispec/11720
472,Зооинженеринг и цифровые системы управления в животноводстве,36.03.02,Зоотехния,"Зоотехник, Животновод, Птицеводи остальные",,25.0,,99.0,10.0,https://vuzopedia.ru/program/bakispec/11716
473,Интеллектуальная энергетика и автоматизированные комплексы в АПК,35.03.06,Агроинженерия,"Инженер АСУ ТП, Агроинформатик (агрокибернетик), Инженер по автоматизации и механизациии остальные",50000.0,46.0,,99.0,30.0,https://vuzopedia.ru/program/bakispec/11712
474,Экономика инженерных систем,35.03.06,Агроинженерия,"Агроинженер, Агроном, Инженер по автоматизации и механизациии остальные",,6.0,,,,https://vuzopedia.ru/program/bakispec/11708
475,Агробизнес и цифровое земледелие,35.03.04,Агрономия,"Агроном, Агроном по защите растений, Плодоовощеводи остальные",,50.0,,99.0,10.0,https://vuzopedia.ru/program/bakispec/11704
476,Управление лесами и охотничьими угодьями,35.03.01,Лесное дело,"Лесовод, Специалист лесного и лесопаркового хозяйства, Охотоведи остальные",,26.0,,,,https://vuzopedia.ru/program/bakispec/11700
477,Организация и управление ресторанным бизнесом,19.03.04,Технология продукции и организация общественного питания,"Менеджер ресторана, Ресторатор, Технолог общественного питанияи остальные",,20.0,,99.0,10.0,https://vuzopedia.ru/program/bakispec/11696
478,Бизнес-управление в строительстве,08.03.01,Строительство,"Инженер по проектно-сметной документации, Инженер по техническому надзору, Инженер-строительи остальные",,,,99.0,10.0,https://vuzopedia.ru/program/bakispec/11692
479,Транспортный и экономический инжиниринг,23.03.01,Технология транспортных процессов,"Инженер по организации перевозок и управлению на транспорте, Инженер-экономисти остальные",89670.0,16.0,,99.0,40.0,https://vuzopedia.ru/program/bakispec/11690
480,Правовое обеспечение экологической и продовольственной безопасности,40.03.01,Юриспруденция,"Правозащитник, Юрист по земельно-имущественным отношениям, Экологи остальные",79237.0,,,105.0,34.0,https://vuzopedia.ru/program/bakispec/11686
481,Менеджмент IT-технологий,09.03.03,Прикладная информатика,"Менеджер, IT-специалист, Менеджер продуктов в области информационных технологийи остальные",245828.0,,,99.0,20.0,https://vuzopedia.ru/program/bakispec/11682
482,Цифровые и интеллектуальные технологии в сельском хозяйстве,09.03.03,Прикладная информатика,"Программист, IT-специалист, Специалист по прикладной информатикеи остальные",245828.0,,,99.0,20.0,https://vuzopedia.ru/program/bakispec/11678
483,Менеджмент в пищевой инженерии,35.03.07,Технология производства и переработки сельскохозяйственной продукции,"Инженер-технолог по качеству, Менеджер, Руководитель в АПК (агропромышленном комплексе)и остальные",68534.0,70.0,,99.0,45.0,https://vuzopedia.ru/program/bakispec/11674
484,Биоэкономика технологических процессов в АПК,19.03.02,Продукты питания из растительного сырья,"Биотехнолог, Инженер-экономист, Руководитель в АПК (агропромышленном комплексе)и остальные",245828.0,12.0,,99.0,11.0,https://vuzopedia.ru/program/bakispec/11670
485,Экспертиза и организация природно-техногенных комплексов,20.03.02,Природообустройство и водопользование,"Геодезист, Инженер по кадастру, Инженер по мелиорации и водному хозяйствуи остальные",33396.0,,,99.0,20.0,https://vuzopedia.ru/program/bakispec/11666
486,Цифровое животноводство,36.03.02,Зоотехния,"Зоотехник, Животновод, Зооинженери остальные",33396.0,46.0,,99.0,8.0,https://vuzopedia.ru/program/bakispec/11662
487,Управление плодородием почв и ГИС-технологии,35.03.04,Агрономия,"Агроинженер, Агроном, Специалист по геоинформационному сервису (ГИС-сервису)и остальные",245828.0,20.0,,99.0,1.0,https://vuzopedia.ru/program/bakispec/11658
488,Геотермальная энергетика,13.03.02,Электроэнергетика и электротехника,"Инженер-энергетик, Инженер-теплоэнергетик, Инженер-электротехники остальные",314567.0,15.0,,121.0,20.0,https://vuzopedia.ru/program/bakispec/11656
489,Управление водными биологическими ресурсами и цифровые технологии в аквакультуре,35.03.08,Водные биоресурсы и аквакультура,"Инженер комплексного использования водных ресурсов, Инспектор рыбоохраны, Рыбоводи остальные",78000.0,20.0,,120.0,15.0,https://vuzopedia.ru/program/bakispec/11655
490,Холодильные технологии пищевых систем,16.03.03,"Холодильная, криогенная техника и системы жизнеобеспечения","Инженер по криогенной технике, Инженер холодильного оборудования, Инженер-механик по холодильным установками остальные",210000.0,,,121.0,20.0,https://vuzopedia.ru/program/bakispec/11651
491,Защищенная инфокоммуникационная инфраструктура,11.03.02,Инфокоммуникационные технологии и системы связи,"Инженер информационной безопасности, Инженер связи, Инженер-проектировщик в области связи и телекоммуникацийи остальные",230000.0,27.0,,121.0,10.0,https://vuzopedia.ru/program/bakispec/11649
492,Иконописание,48.03.01,Теология,"Преподаватель иконописного искусства, Священнослужитель, Иконописеци остальные",,22.0,,,,https://vuzopedia.ru/program/bakispec/11648
493,Математика и дополнительное образование (экономика и финансовая грамотность),44.03.05,Педагогическое образование (с двумя профилями подготовки),"Педагог, Учитель, Преподаватель экономикии остальные",,30.0,,122.0,12.0,https://vuzopedia.ru/program/bakispec/11646
494,Финансы и учет в цифровой экономике,38.03.01,Экономика,"Аналитик фондового рынка (финансовый аналитик), Андеррайтер, Банковский служащийи остальные",,6.0,,120.0,50.0,https://vuzopedia.ru/program/bakispec/11644
495,Химическое и нефтяное машино- и аппаратостроение,15.03.02,Технологические машины и оборудование,"Инженер по оборудованию, Инженер по реновации технологических машин и оборудования, Инженер по эксплуатациии остальные",,18.0,,120.0,10.0,https://vuzopedia.ru/program/bakispec/11640
496,Историческая информатика,46.03.01,История,"Историк, Историограф, Исторический консультант, исторический реконструктори остальные",196796.0,27.0,,120.0,3.0,https://vuzopedia.ru/program/bakispec/11637
497,Основы безопасности и защиты Родины и Образовательный туризм,44.03.05,Педагогическое образование (с двумя профилями подготовки),"Педагог, Учитель, Учитель ОБЖ (основ безопасности жизнедеятельности)и остальные",196796.0,26.0,,125.0,4.0,https://vuzopedia.ru/program/bakispec/11633
498,Современные методы машинного обучения и компьютерного зрения,02.03.02,Фундаментальная информатика и информационные технологии,"Аналитик данных, Разработчик систем компьютерного зрения, Специалист по компьютерному зрениюи остальные",,25.0,,136.0,19.0,https://vuzopedia.ru/program/bakispec/11632
499,Цифровизация технического сервиса,35.03.06,Агроинженерия,"Инженер по автоматизации и механизации, Аналитик данных, Системный программисти остальные",171358.0,20.0,,120.0,10.0,https://vuzopedia.ru/program/bakispec/11629
500,Цифровые и квантовые технологии в энергетике,03.03.02,Физика,"Инженер-энергетик, Инженер-физик, Физики остальные",151923.0,22.0,,121.0,10.0,https://vuzopedia.ru/program/bakispec/11625
501,Возведение и эксплуатация тепловых и атомных электростанций,13.03.01,Теплоэнергетика и теплотехника,Инженер по строительству атомных электрических станцийи остальные,390000.0,26.0,,121.0,6.0,https://vuzopedia.ru/program/bakispec/11621
502,Новые технологии и материалы в атомной энергетике и промышленности,14.03.01,Ядерная энергетика и теплофизика,"Физик-атомщик (физик-ядерщик), Инженер по ядерной технике, Специалист ядерно-физической лаборатории в области атомной энергетикии остальные",444000.0,50.0,,121.0,25.0,https://vuzopedia.ru/program/bakispec/11617
503,Информационные технологии и искусственный интеллект в радиоэлектронике,09.03.01,Информатика и вычислительная техника,"Программист, Специалист по искусственному интеллектуи остальные",390000.0,16.0,,121.0,9.0,https://vuzopedia.ru/program/bakispec/11613
504,Лингвистика и современные цифровые технологии,45.05.01,Перевод и переводоведение,"Лингвист, Лингвист-исследователь, Цифровой лингвисти остальные",266200.0,5.0,,120.0,25.0,https://vuzopedia.ru/program/bakispec/11609
505,Цифровые технологии создания двигателей и энергетических установок,24.03.05,Двигатели летательных аппаратов,"Инженер-конструктор, Инженер по двигателям воздушных судов, Инженер-испытательи остальные",307000.0,25.0,,121.0,15.0,https://vuzopedia.ru/program/bakispec/11605
506,Инжиниринг интеллектуальных робототехнических систем,15.03.06,Мехатроника и робототехника,"Инженер, Intelligent Systems Developer (разработчик интеллектуальных систем), Специалист по интегрированным интеллектуальным робототехническим комплексами остальные",275800.0,20.0,,121.0,40.0,https://vuzopedia.ru/program/bakispec/11601
507,Анализ данных и искусственный интеллект в виброакустике и прочности,15.03.03,Прикладная механика,"Инженер-конструктор, Инженер-технолог, Инженер-прочнисти остальные",266200.0,20.0,,121.0,10.0,https://vuzopedia.ru/program/bakispec/11597
508,Цифровой инжиниринг высокотехнологичных систем и процессов,15.03.03,Прикладная механика,"Инженер-конструктор, Инженер-технолог, Инженер-испытательи остальные",266200.0,20.0,,121.0,10.0,https://vuzopedia.ru/program/bakispec/11593
509,Управление качеством производства средств измерений,12.03.01,Приборостроение,"Инженер-конструктор, Инженер-технолог, Инженер приборостроенияи остальные",266200.0,50.0,,121.0,25.0,https://vuzopedia.ru/program/bakispec/11589
510,Радиоэлектронные комплексы автономных транспортных платформ,11.05.01,Радиоэлектронные системы и комплексы,"Инженер-конструктор, Инженер по авиационному и радиоэлектронному оборудованию, Инженер-электроники остальные",266200.0,43.0,,121.0,8.0,https://vuzopedia.ru/program/bakispec/11587
511,Обогащение полезных ископаемых и извлечение золота,21.05.04,Горное дело,"Горный инженер-обогатитель, Горный инженери остальные",285000.0,,,120.0,8.0,https://vuzopedia.ru/program/bakispec/11585
512,Открытые горные работы и управление геомеханическими процессами,21.05.04,Горное дело,"Горный мастер, Горный инженери остальные",285000.0,,,120.0,7.0,https://vuzopedia.ru/program/bakispec/11581
513,Радиотехника и роботизированные комплексы,11.03.01,Радиотехника,"Инженер-радиотехник, Радиотехник, Робототехники остальные",246000.0,170.0,20.0,164.0,5.0,https://vuzopedia.ru/program/bakispec/11577
514,Лидеры регионов,38.03.04,Государственное и муниципальное управление,"Государственный аудитор, Государственный служащий, Специалист государственного и муниципального управленияи остальные",185000.0,5.0,,125.0,10.0,https://vuzopedia.ru/program/bakispec/11574
515,Управление политическими коммуникациями в цифровом обществе,41.03.06,Публичная политика и социальные науки,"Политолог, Менеджер по связям с общественностью (PR), Медиа-консультанти остальные",,10.0,,,,https://vuzopedia.ru/program/bakispec/11571
516,Мировая экономика и бизнес,38.03.01,Экономика,"Бухгалтер-экономист, Финансовый менеджер, Экономист-международники остальные",,,,130.0,40.0,https://vuzopedia.ru/program/bakispec/11567
517,Художник-график (оформление печатной продукции),54.05.03,Графика,"Дизайнер упаковки, Графический дизайнер, Дизайнер компьютерных программи остальные",,,,115.0,10.0,https://vuzopedia.ru/program/bakispec/11563
518,"Прикладная филология и иностранные языки (английский, немецкий, испанский)",45.03.01,Филология,"Литературный переводчик, Литературовед, Переводчик немецкого языкаи остальные",,5.0,,145.0,25.0,https://vuzopedia.ru/program/bakispec/11559
519,Электронные СМИ и новые медиа,42.03.05,Медиакоммуникации,"Digital-стратег, Контент-менеджер, Журналисти остальные",,,,125.0,25.0,https://vuzopedia.ru/program/bakispec/11555
520,Специалист по комплексной реабилитации,39.03.02,Социальная работа,"Специалист по социальной работе, Социальный психолог, Социальный работники остальные",48900.0,,,125.0,45.0,https://vuzopedia.ru/program/bakispec/11552
521,Христианская теология,48.03.01,Теология,"Теолог, Библеист, Преподаватель религиоведенияи остальные",,10.0,,145.0,5.0,https://vuzopedia.ru/program/bakispec/11551
522,Микробиология и биотехнология,06.05.02,Фундаментальная и прикладная биология,"Биотехнолог, Биолог, Биохимики остальные",,,,127.0,5.0,https://vuzopedia.ru/program/bakispec/11544
523,Биозащита и рациональное природопользование,06.03.01,Биология,"Геоэколог, Агроэколог, Биологи остальные",,16.0,,127.0,4.0,https://vuzopedia.ru/program/bakispec/11540
524,Радиоэлектроника и фотоника,11.03.04,Электроника и наноэлектроника,"Инженер оптико-электронных приборов, Инженер электронной техники, Инженер-электроники остальные",,30.0,,131.0,5.0,https://vuzopedia.ru/program/bakispec/11536
525,Искусственный интеллект и аналитика данных,09.03.04,Программная инженерия,"Программист, Аналитик данных, Специалист по искусственному интеллектуи остальные",,15.0,,136.0,24.0,https://vuzopedia.ru/program/bakispec/11528
526,Искусственный интеллект и аналитика данных,09.03.03,Прикладная информатика,"Программист, Аналитик данных, Специалист по искусственному интеллектуи остальные",,25.0,,136.0,24.0,https://vuzopedia.ru/program/bakispec/11524
527,Искусственный интеллект и аналитика данных,02.03.03,Математическое обеспечение и администрирование информационных систем,"Программист, Аналитик данных, Специалист по искусственному интеллектуи остальные",,13.0,,136.0,19.0,https://vuzopedia.ru/program/bakispec/11520
528,Современные методы машинного обучения и компьютерного зрения,02.03.02,Фундаментальная информатика и информационные технологии,"Программист, Аналитик компьютерных систем, IT-специалисти остальные",,24.0,,136.0,5.0,https://vuzopedia.ru/program/bakispec/11516
529,Искусственный интеллект и аналитика данных,02.03.01,Математика и компьютерные науки,"Аналитик данных, IT-специалист, Специалист по искусственному интеллектуи остальные",360000.0,187.0,89.0,157.0,25.0,https://vuzopedia.ru/program/bakispec/11512
530,Материаловедение и экспертиза материалов в нефтегазовой отрасли,22.03.01,Материаловедение и технологии материалов,"Инженер-технолог, Дефектоскопист нефтепроводов, Материаловеди остальные",164220.0,142.0,18.0,132.0,12.0,https://vuzopedia.ru/program/bakispec/11511
531,Инженерия машинного и глубокого обучения,09.03.04,Программная инженерия,,164220.0,198.0,22.0,130.0,15.0,https://vuzopedia.ru/program/bakispec/11507
532,Языковое сопровождение международного бизнеса Северо-Восточной Азии,45.03.02,Лингвистика,"Лингвист, Переводчики остальные",211000.0,,,120.0,8.0,https://vuzopedia.ru/program/bakispec/11505
533,Китайский язык. Русский язык,44.03.05,Педагогическое образование (с двумя профилями подготовки),"Учитель, Преподаватель китайского языка, Учитель китайского языкаи остальные",205000.0,25.0,,120.0,5.0,https://vuzopedia.ru/program/bakispec/11501
534,Управление мехатронными системами,27.03.04,Управление в технических системах,"Инженер-мехатроник, Инженер по управлению качествоми остальные",229000.0,,,121.0,50.0,https://vuzopedia.ru/program/bakispec/11497
535,Роботизированные и беспилотные транспортные средства,23.03.02,Наземные транспортно-технологические комплексы,Инженер-конструктор беспилотных автомобилейи остальные,67000.0,35.0,,99.0,16.0,https://vuzopedia.ru/program/bakispec/11493
536,Подъемно-транспортные средства технологического оснащения судостроительного производства,26.05.01,"Проектирование и постройка кораблей, судов и объектов океанотехники","Инженер-конструктор, Специалист по судостроениюи остальные",153920.0,29.0,,120.0,15.0,https://vuzopedia.ru/program/bakispec/11489
537,Конструирование машин и аддитивные технологии в АПК,35.03.06,Агроинженерия,"Инженер-конструктор, Инженер-технолог, Агроинженери остальные",158712.0,192.0,15.0,113.0,9.0,https://vuzopedia.ru/program/bakispec/11485
538,Применение БПЛА в сельском хозяйстве,35.03.04,Агрономия,"Агроном, Агроинформатик (агрокибернетик), Оператор беспилотных летательных аппаратов (БПЛА)и остальные",158712.0,151.0,25.0,126.0,9.0,https://vuzopedia.ru/program/bakispec/11482
539,Обеспечение системных принципов фармацевтической деятельности в сфере обращения лекарствен..,33.05.01,Фармация,"Биофармаколог, Фармацевт, Провизор-работник первого столаи остальные",176400.0,,,125.0,15.0,https://vuzopedia.ru/program/bakispec/11474
540,Обработка данных и методы искусственного интеллекта,09.03.03,Прикладная информатика,"Программист, Администратор баз данных, Аналитик данныхи остальные",191000.0,230.0,25.0,119.0,15.0,https://vuzopedia.ru/program/bakispec/11473
541,Инженерная инноватика,27.03.05,Инноватика,"Инженер-патентовед, Ментор стартапов, Инженер по рационализаторству и изобретательствуи остальные",223082.0,203.0,25.0,147.0,15.0,https://vuzopedia.ru/program/bakispec/11471
542,Агробиотехнологии производства продукции распределения,35.03.04,Агрономия,Агрономи остальные,86990.0,166.0,45.0,120.0,25.0,https://vuzopedia.ru/program/bakispec/11467
543,Агроэкологические технологии цифрового поля,35.03.03,Агрохимия и агропочвоведение,"Агрохимик, Агроэколог, Почвоведи остальные",223090.0,166.0,25.0,120.0,5.0,https://vuzopedia.ru/program/bakispec/11463
544,Инновационные агротехнологии,35.03.04,Агрономия,,33000.0,120.0,23.0,120.0,10.0,https://vuzopedia.ru/program/bakispec/11460
545,Физическая реабилитация,49.03.01,Физическая культура,"Спортивный тренер, Учитель физкультуры, Инструктор по физической культуреи остальные",80000.0,,,110.0,400.0,https://vuzopedia.ru/program/bakispec/11456
546,Технологии продуктов функционального и специализированного питания,19.03.04,Технология продукции и организация общественного питания,"Ресторатор, Технолог общественного питания, Инженер пищевой промышленностии остальные",164300.0,150.0,8.0,119.0,2.0,https://vuzopedia.ru/program/bakispec/11452
547,Управление качеством на высокотехнологичных производствах,27.03.02,Управление качеством,"Инженер по управлению качеством, Инженер-технолог по качеству, Менеджер по качествуи остальные",,180.0,20.0,,,https://vuzopedia.ru/program/bakispec/11448
548,Проектирование и эксплуатация беспилотных летательных аппаратов,11.03.04,Электроника и наноэлектроника,"Инженер-конструктор, Программист, Инженер по наноэлектроникеи остальные",,189.0,12.0,,,https://vuzopedia.ru/program/bakispec/11444
549,Комплексное обеспечение пожарной безопасности,20.03.01,Техносферная безопасность,"Спасатель, Инженер по охране труда, Инженер по защите в чрезвычайных ситуацияхи остальные",80000.0,128.0,20.0,119.0,400.0,https://vuzopedia.ru/program/bakispec/11440
550,Дошкольное образование и Дополнительное образование (раннее физическое развитие),44.03.01,Педагогическое образование,"Воспитатель детского сада, Педагог, Учительи остальные",337000.0,25.0,,207.0,33.0,https://vuzopedia.ru/program/bakispec/11439
551,Дошкольное образование и Дополнительное образование (музыка/изобразительное искусство),44.03.01,Педагогическое образование,,337000.0,25.0,,207.0,32.0,https://vuzopedia.ru/program/bakispec/11435
552,"Русский язык, Литература и История",44.03.01,Педагогическое образование,"Историк, Педагог, Учительи остальные",337000.0,261.0,23.0,131.0,75.0,https://vuzopedia.ru/program/bakispec/11431
553,Русский язык как иностранный и Иностранный язык (английский),44.03.01,Педагогическое образование,"Педагог, Учитель, Преподаватель лингвистикии остальные",151000.0,228.0,43.0,124.0,133.0,https://vuzopedia.ru/program/bakispec/11427
554,Физика и Химия,44.03.01,Педагогическое образование,"Педагог, Учитель, Преподавательи остальные",337000.0,185.0,23.0,144.0,17.0,https://vuzopedia.ru/program/bakispec/11423
555,Информатика и Труд (Технология),44.03.01,Педагогическое образование,"Педагог, Учитель, Учитель информатики и вычислительной техникии остальные",337000.0,185.0,23.0,144.0,17.0,https://vuzopedia.ru/program/bakispec/11419
556,Физика и Информатика,44.03.01,Педагогическое образование,"Педагог, Учитель, Учитель информатики и вычислительной техникии остальные",337000.0,185.0,23.0,144.0,16.0,https://vuzopedia.ru/program/bakispec/11415
557,Право и Иностранный язык (английский),44.03.01,Педагогическое образование,"Педагог, Учитель, Преподаватель лингвистикии остальные",193000.0,223.0,25.0,135.0,50.0,https://vuzopedia.ru/program/bakispec/11411
558,Обществознание и Экономико-правовое образование,44.03.01,Педагогическое образование,"Педагог, Учитель, Преподаватель экономикии остальные",337000.0,230.0,23.0,114.0,33.0,https://vuzopedia.ru/program/bakispec/11407
559,История и Воспитательная работа,44.03.01,Педагогическое образование,"Историк, Педагог, Учительи остальные",337000.0,230.0,22.0,114.0,32.0,https://vuzopedia.ru/program/bakispec/11403
560,Математика и Компьютерные науки,44.03.01,Педагогическое образование,"Педагог, Учитель, Учитель математики и информатикии остальные",337000.0,227.0,29.0,134.0,25.0,https://vuzopedia.ru/program/bakispec/11399
561,Математика и Экономика,44.03.01,Педагогическое образование,"Педагог, Учитель, Преподаватель экономикии остальные",337000.0,227.0,28.0,134.0,25.0,https://vuzopedia.ru/program/bakispec/11395
562,История и Иностранный язык (английский),44.03.01,Педагогическое образование,"Историк, Педагог, Учительи остальные",337000.0,230.0,32.0,114.0,75.0,https://vuzopedia.ru/program/bakispec/11391
563,История и Обществознание. Организация воспитательной деятельности,44.03.01,Педагогическое образование,"Историк, Педагог, Учительи остальные",337000.0,253.0,32.0,135.0,150.0,https://vuzopedia.ru/program/bakispec/11387
564,Иностранный язык (китайский) и Русский язык как иностранный,44.03.01,Педагогическое образование,"Педагог, Учитель, Преподаватель лингвистикии остальные",337000.0,262.0,23.0,132.0,75.0,https://vuzopedia.ru/program/bakispec/11383
565,Иностранный язык (английский) и Иностранный язык (испанский/французский),44.03.01,Педагогическое образование,"Педагог, Учитель, Преподаватель лингвистикии остальные",337000.0,262.0,23.0,132.0,75.0,https://vuzopedia.ru/program/bakispec/11379
566,Иностранный язык (китайский) и Иностранный язык (английский),44.03.01,Педагогическое образование,"Педагог, Учитель, Преподаватель лингвистикии остальные",337000.0,262.0,22.0,132.0,75.0,https://vuzopedia.ru/program/bakispec/11375
567,Иностранный язык (английский) и Иностранный язык (итальянский/немецкий),44.03.01,Педагогическое образование,"Педагог, Учитель, Преподаватель лингвистикии остальные",337000.0,262.0,22.0,132.0,75.0,https://vuzopedia.ru/program/bakispec/11371
568,Изобразительное искусство и Дополнительное образование,44.03.01,Педагогическое образование,"Педагог, Учитель, Учитель ИЗОи остальные",337000.0,30.0,,207.0,50.0,https://vuzopedia.ru/program/bakispec/11367
569,Дополнительное образование (в области эстрадно-джазового искусства),44.03.01,Педагогическое образование,"Педагог, Учитель, Личный тьютор по эстетическому развитиюи остальные",,167.0,25.0,,,https://vuzopedia.ru/program/bakispec/11363
570,Музыка и Дополнительное образование (в области музыкального искусства),44.03.01,Педагогическое образование,"Педагог, Учитель, Личный тьютор по эстетическому развитиюи остальные",337000.0,152.0,25.0,177.0,25.0,https://vuzopedia.ru/program/bakispec/11359
571,Мировая художественная культура и Дополнительное образование (журналистика),44.03.01,Педагогическое образование,"Педагог, Учитель, Журналисти остальные",337000.0,246.0,25.0,139.0,50.0,https://vuzopedia.ru/program/bakispec/11355
572,Начальное образование и Информатика,44.03.01,Педагогическое образование,"Педагог, Учитель, Учитель информатики и вычислительной техникии остальные",337000.0,245.0,23.0,132.0,42.0,https://vuzopedia.ru/program/bakispec/11351
573,Начальное образование и История,44.03.01,Педагогическое образование,"Историк, Педагог, Учительи остальные",337000.0,245.0,23.0,132.0,42.0,https://vuzopedia.ru/program/bakispec/11347
574,Начальное образование и Иностранный язык (английский),44.03.01,Педагогическое образование,"Педагог, Учитель, Преподаватель лингвистикии остальные",337000.0,245.0,23.0,132.0,41.0,https://vuzopedia.ru/program/bakispec/11343
575,Биология и Иностранный язык (английский),44.03.01,Педагогическое образование,"Педагог, Учитель, Учитель биологиии остальные",337000.0,207.0,17.0,134.0,17.0,https://vuzopedia.ru/program/bakispec/11339
576,Биология и Безопасность жизнедеятельности,44.03.01,Педагогическое образование,"Педагог, Учитель, Учитель биологиии остальные",337000.0,207.0,17.0,134.0,17.0,https://vuzopedia.ru/program/bakispec/11335
577,География и Иностранный язык (английский/китайский),44.03.01,Педагогическое образование,"Педагог, Географ, Учительи остальные",337000.0,224.0,20.0,129.0,32.0,https://vuzopedia.ru/program/bakispec/11331
578,Информационно-измерительные технологии в нефтегазовой отрасли,,,"Аналитик информационной безопасности, Инженер приборостроения, IT-специалисти остальные",,,,,,https://vuzopedia.ru/program/bakispec/11327
579,Дизайн и технология художественной обработки нетрадиционных материалов,29.03.04,Технология художественной обработки материалов,"Модельер-конструктор меховых изделий, Дизайнер, Материаловеди остальные",173500.0,181.0,15.0,110.0,15.0,https://vuzopedia.ru/program/bakispec/11323
580,Автоматика и программирование интеллектуальных систем управления,27.03.04,Управление в технических системах,"Программист, Intelligent Systems Developer (разработчик интеллектуальных систем), IT-специалисти остальные",173500.0,148.0,20.0,119.0,15.0,https://vuzopedia.ru/program/bakispec/11319
581,Управление техническим состоянием автотранспортных средств и специальной техники,23.03.03,Эксплуатация транспортно-технологических машин и комплексов,"Автомеханик, Ревизор автотранспортаи остальные",173500.0,180.0,12.0,119.0,5.0,https://vuzopedia.ru/program/bakispec/11315
582,Цифровая транспортная логистика,23.03.01,Технология транспортных процессов,"Инженер по организации перевозок и управлению на транспорте, Логист, Менеджер по работе с таможнейи остальные",173500.0,205.0,13.0,119.0,5.0,https://vuzopedia.ru/program/bakispec/11311
583,Производство цветных металлов,22.03.02,Металлургия,"Инженер-технолог, Инженер-металлург, Электролизник расплавленных солейи остальные",182700.0,170.0,15.0,119.0,5.0,https://vuzopedia.ru/program/bakispec/11307
584,Управление промышленными роботами и манипуляторами,15.03.06,Мехатроника и робототехника,"Программист, Инженер-мехатроник, Специалист по интегрированным интеллектуальным робототехническим комплексами остальные",191000.0,199.0,20.0,119.0,5.0,https://vuzopedia.ru/program/bakispec/11305
585,Перспективные двигатели,13.03.03,Энергетическое машиностроение,"Инженер по энергетическому машиностроению, Инженер-конструктор двигателей внутреннего сгорания, Инженер-машиностроительи остальные",173500.0,177.0,15.0,119.0,5.0,https://vuzopedia.ru/program/bakispec/11301
586,Информационные системы и технологии в ИТ-проектах,09.03.02,Информационные системы и технологии,"Программист, IT-специалист, Менеджер проектаи остальные",191000.0,214.0,25.0,119.0,15.0,https://vuzopedia.ru/program/bakispec/11297
587,Экономика данных и искусственный интеллект,38.03.01,Экономика,"Программист, Аналитик данных, IT-специалисти остальные",154900.0,,,138.0,70.0,https://vuzopedia.ru/program/bakispec/11296
588,Промышленный инжиниринг и автоматизация,15.03.04,Автоматизация технологических процессов и производств,"Инженер-исследователь, Программист, Инженер-технологи остальные",75000.0,182.0,40.0,137.0,35.0,https://vuzopedia.ru/program/bakispec/11292
589,Системы инерциальной навигации и управления подвижных объектов,12.03.03,Фотоника и оптоинформатика,"Инженер-конструктор, Программист, Инженер-испытательи остальные",183000.0,183.0,13.0,119.0,2.0,https://vuzopedia.ru/program/bakispec/11288
590,Технология и оборудование сварочного производства,15.03.05,Конструкторско-технологическое обеспечение машиностроительных производств,"Инженер-конструктор, Инженер-технолог, Инженер по сваркеи остальные",183000.0,181.0,17.0,147.0,2.0,https://vuzopedia.ru/program/bakispec/11284
591,"Международно-правовой профиль (сетевая программа, реализуемая совместно с Ташкентским госу..",40.03.01,Юриспруденция,"Правозащитник, Юрист, Юрисконсульти остальные",270000.0,,,115.0,5.0,https://vuzopedia.ru/program/bakispec/11281
592,Стоматология (российско-египетская образовательная программа на английском языке),31.05.03,Стоматология,"Врач-стоматолог, Стоматолог-гигиенист, Стоматологический гигиенисти остальные",500000.0,,,118.0,5.0,https://vuzopedia.ru/program/bakispec/11277
593,Стоматология (российско-китайская совместная образовательная программа на английском языке),31.05.03,Стоматология,"Врач-стоматолог, Стоматолог-гигиенист, Стоматологический гигиенисти остальные",500000.0,,,118.0,5.0,https://vuzopedia.ru/program/bakispec/11273
594,Лечебное дело (российско-египетская образовательная программа на английском языке),31.05.01,Лечебное дело,"Физиотерапевт, Врач космической медицины, Врач персонифицированной медициныи остальные",500000.0,,,118.0,5.0,https://vuzopedia.ru/program/bakispec/11269
595,Лечебное дело (российско-китайская совместная образовательная программа на английском языке),31.05.01,Лечебное дело,"Физиотерапевт, Врач космической медицины, Врач персонифицированной медициныи остальные",500000.0,,,118.0,5.0,https://vuzopedia.ru/program/bakispec/11265
596,Общая биология (сетевая программа реализуемая совместно с Университетом МГУ-ППИ в Шэнчжэне..,06.03.01,Биология,"Лаборант, Биолог, Биолог-исследовательи остальные",370000.0,,,118.0,5.0,https://vuzopedia.ru/program/bakispec/11261
597,Химическая технология производств веществ и материалов,18.03.01,Химическая технология,"Лаборант, Химик-разработчик, технолог по продукту, Химик-технологи остальные",180000.0,,,166.0,15.0,https://vuzopedia.ru/program/bakispec/11257
598,Проектирование и эксплуатация технических систем,27.03.04,Управление в технических системах,"Инженер-технолог, Инженер-проектировщики остальные",35000.0,32.0,,147.0,95.0,https://vuzopedia.ru/program/bakispec/11253
599,Информатика и Математика,44.03.01,Педагогическое образование,"Педагог, Учитель, Учитель информатики и вычислительной техникии остальные",337000.0,227.0,28.0,134.0,25.0,https://vuzopedia.ru/program/bakispec/11249
600,Business process Management (study in English),38.03.02,Менеджмент,"Менеджер непрерывности бизнеса, Менеджер, Менеджер проектаи остальные",147200.0,,,153.0,200.0,https://vuzopedia.ru/program/bakispec/11247
601,Кинопроизводство,42.03.05,Медиакоммуникации,"Медиа-менеджер, Режиссёр театра и кино, Креативный директори остальные",690000.0,252.0,9.0,234.0,40.0,https://vuzopedia.ru/program/bakispec/11244
602,Управление качеством в инновационной экономике,27.03.02,Управление качеством,"Инженер по управлению качеством, Инженер-технолог по качеству, Инновационный менеджери остальные",141430.0,166.0,15.0,120.0,10.0,https://vuzopedia.ru/program/bakispec/11240
603,Аддитивные технологии в авиастроении,24.03.04,Авиастроение,"Авиаконструктор, Инженер-конструктор, Инженер-технологи остальные",42000.0,,,124.0,20.0,https://vuzopedia.ru/program/bakispec/11236
604,"Технология, оборудование и автоматизация машиностроительных производств",15.03.01,Машиностроение,"Инженер, Инженер-конструктор, Инженер-технологи остальные",38000.0,,,125.0,15.0,https://vuzopedia.ru/program/bakispec/11235
605,Теплогазоснабжение населенных мест и предприятий,08.03.01,Строительство,"Инженер по проектно-сметной документации, Инженер по техническому надзору, Инженер теплоснабжения и вентиляциии остальные",38000.0,,,120.0,13.0,https://vuzopedia.ru/program/bakispec/11233
606,"Прикладная лингвистика, лингводидактика и цифровые коммуникации",45.03.02,Лингвистика,"Контент-менеджер, Гид-переводчик, Литературный переводчики остальные",124150.0,,,157.0,20.0,https://vuzopedia.ru/program/bakispec/11229
607,Управление медиакоммуникациям,42.03.05,Медиакоммуникации,"Digital-стратег, GR-менеджер, PR-менеджери остальные",38000.0,,,172.0,37.0,https://vuzopedia.ru/program/bakispec/11228
608,Управление качеством в инновационной деятельности,27.03.02,Управление качеством,"Метролог, Инженер по стандартизации, метрологии и сертификации, Инженер по управлению качествоми остальные",,,,,,https://vuzopedia.ru/program/bakispec/11225
609,Цифровые технологии конструирования и производства электронных средств,11.03.03,Конструирование и технология электронных средств,"Инженер-конструктор, Программист, Инженер-схемотехники остальные",38000.0,139.0,22.0,121.0,44.0,https://vuzopedia.ru/program/bakispec/11223
610,Телекоммуникации и облачные технологии,11.03.02,Инфокоммуникационные технологии и системы связи,"Инженер по спутниковым коммуникациям, Инженер связи, Инженер-проектировщик в области связи и телекоммуникацийи остальные",141430.0,138.0,24.0,119.0,40.0,https://vuzopedia.ru/program/bakispec/11221
611,Строительство и эксплуатация объектов нефтегазовой отрасли,08.03.01,Строительство,"Инженер по водоснабжению и водоотведению, Инженер по проектно-сметной документации, Инженер по ремонту скважини остальные",38000.0,152.0,35.0,119.0,95.0,https://vuzopedia.ru/program/bakispec/11218
612,Промышленная экология,20.03.01,Техносферная безопасность,"Инженер по охране труда, Инженер по защите в чрезвычайных ситуациях, Инженер по охране труда и технике безопасностии остальные",38000.0,130.0,15.0,128.0,20.0,https://vuzopedia.ru/program/bakispec/11214
613,Искусственный интеллект и предиктивная аналитика,09.03.04,Программная инженерия,"Программист, Администратор баз данных, Разработчик нейронных сетейи остальные",38000.0,183.0,90.0,121.0,50.0,https://vuzopedia.ru/program/bakispec/11210
614,Управление проектами в IT сфере,09.03.03,Прикладная информатика,"Программист, IT-директор (CIO), Тимлиди остальные",38000.0,167.0,25.0,164.0,60.0,https://vuzopedia.ru/program/bakispec/11207
615,Маркетинг и бизнес-аналитика,38.03.02,Менеджмент,"Маркетолог, Медиа-аналитик, Медиа-консультанти остальные",92400.0,,,120.0,20.0,https://vuzopedia.ru/program/bakispec/11206
616,Искусственный интеллект в маркетинговых коммуникациях и PR,42.03.01,Реклама и связи с общественностью,"PR-менеджер, Маркетолог, Менеджер по рекламеи остальные",112320.0,,,125.0,23.0,https://vuzopedia.ru/program/bakispec/11205
617,Сервис массовых мероприятий,43.03.01,Сервис,"Менеджер по организации мероприятий, Специалист по клиентскому сервису, Художник-технологи остальные",91200.0,,,115.0,140.0,https://vuzopedia.ru/program/bakispec/11204
618,Музыкальное искусство и педагогика,53.03.06,Музыкознание и музыкально-прикладное искусство,"Педагог, Личный тьютор по эстетическому развитию, Музыкальный руководительи остальные",71200.0,343.0,6.0,180.0,7.0,https://vuzopedia.ru/program/bakispec/11201
619,Финансово-экономическое обеспечение экономической безопасности хозяйствующих субъектов,38.05.01,Экономическая безопасность,"Финансист, Налоговый инспектор, Финансовый менеджери остальные",80000.0,,,95.0,1.0,https://vuzopedia.ru/program/bakispec/11200
620,Технологии креативных индустрий,44.03.04,Профессиональное обучение (по отраслям),"Педагог, Учитель, Мастер профессионального обучения (техник, технолог, конструктор-модельер, дизайнер и др.)и остальные",43000.0,146.0,16.0,137.0,6.0,https://vuzopedia.ru/program/bakispec/11198
621,"Начальное образование, русский язык и литература",44.03.01,Педагогическое образование,"Педагог, Учитель, Преподаватель лингвистикии остальные",43000.0,217.0,29.0,152.0,15.0,https://vuzopedia.ru/program/bakispec/11194
622,Мехатронные системы,15.03.01,Машиностроение,"Инженер-конструктор, Инженер-технолог, Инженер-мехатроники остальные",43000.0,,,115.0,28.0,https://vuzopedia.ru/program/bakispec/11190
623,Цифровые системы управления в бизнесе,09.03.03,Прикладная информатика,"Программист, Аналитик данных, IT-специалисти остальные",100000.0,,,196.0,100.0,https://vuzopedia.ru/program/bakispec/11187
624,Разработка программного обеспечения информационных систем и цифровых сервисов,09.03.02,Информационные системы и технологии,"Программист, Администратор баз данных, IT-специалисти остальные",100000.0,,,120.0,32.0,https://vuzopedia.ru/program/bakispec/11185
625,Технические и роботизированные системы в агропромышленном комплексе,35.03.06,Агроинженерия,"Агроинженер, Инженер-механик по сельскому хозяйству, Проектировщик-эргономист роботизированных системи остальные",61000.0,160.0,60.0,102.0,25.0,https://vuzopedia.ru/program/bakispec/11183
626,Экологический менеджмент и аудит агроландшафтов,35.03.03,Агрохимия и агропочвоведение,"Агрохимик, Почвовед, Эксперт-экологи остальные",163600.0,146.0,40.0,134.0,15.0,https://vuzopedia.ru/program/bakispec/11181
627,Кадровый сервис и аудит,38.03.03,Управление персоналом,"Специалист по кадрам, HR-специалист, Инженер по организации и нормированию трудаи остальные",102300.0,,,85.0,25.0,https://vuzopedia.ru/program/bakispec/11178
628,Регионы России: государственное управление,38.03.04,Государственное и муниципальное управление,"Государственный служащий, Преподаватель государственного и муниципального управления, Лоббисти остальные",140000.0,,,114.0,60.0,https://vuzopedia.ru/program/bakispec/11177
629,"Иностранный язык (английский – первый иностранный язык, арабский – второй иностранный язык)",44.03.05,Педагогическое образование (с двумя профилями подготовки),"Педагог, Учитель, Преподаватель лингвистикии остальные",60000.0,200.0,52.0,114.0,35.0,https://vuzopedia.ru/program/bakispec/11175
630,Социальные и образовательные проекты в области сценического искусства,51.03.02,Народная художественная культура,"Педагог-организатор культурного досуга, Культорганизатор, Личный тьютор по эстетическому развитиюи остальные",160000.0,193.0,6.0,122.0,10.0,https://vuzopedia.ru/program/bakispec/11173
631,Изобразительное искусство и дополнительное образование в области художественной обработки ..,44.03.05,Педагогическое образование (с двумя профилями подготовки),"Педагог, Учитель, Учитель ИЗОи остальные",160000.0,13.0,,139.0,20.0,https://vuzopedia.ru/program/bakispec/11171
632,Цифровое государственное управление и экономическая политика,38.03.04,Государственное и муниципальное управление,"GR-менеджер, Администратор баз данных, Государственный служащийи остальные",160000.0,,,132.0,30.0,https://vuzopedia.ru/program/bakispec/11168
633,Востоковедение,46.03.01,История,"Археолог, Историк, Историографи остальные",160000.0,229.0,9.0,124.0,5.0,https://vuzopedia.ru/program/bakispec/11165
634,Аналитика и управление социально-политическими процессами,41.03.06,Публичная политика и социальные науки,"GR-менеджер, Государственный служащий, Координатор программ развития сообществи остальные",160000.0,192.0,7.0,174.0,15.0,https://vuzopedia.ru/program/bakispec/11164
635,Технология и дополнительное образование в области робототехники,44.03.05,Педагогическое образование (с двумя профилями подготовки),"Педагог, Учитель, Организатор детского технического творчестваи остальные",160000.0,144.0,12.0,114.0,10.0,https://vuzopedia.ru/program/bakispec/11163
636,Машинное обучение и искусственный интеллект,01.03.02,Прикладная математика и информатика,"Программист, Разработчик систем компьютерного зрения, Разработчик нейронных сетейи остальные",160000.0,128.0,10.0,120.0,5.0,https://vuzopedia.ru/program/bakispec/11158
637,Театральная режиссура и актерское мастерство. Преподавание художественно-творческих дисцип..,51.03.02,Народная художественная культура,"Актер, Актёр драматического театра, Личный тьютор по эстетическому развитиюи остальные",149900.0,324.0,4.0,252.0,5.0,https://vuzopedia.ru/program/bakispec/11156
638,"Руководство хореографическим коллективом, танцевально-спортивным клубом. Преподавание хоре..",51.03.02,Народная художественная культура,"Артист хора, Личный тьютор по эстетическому развитию, Танцори остальные",54900.0,296.0,12.0,197.0,25.0,https://vuzopedia.ru/program/bakispec/11155
639,"Руководство студией декоративно-прикладного творчества, преподавание художественно-творчес..",51.03.02,Народная художественная культура,"Педагог-организатор культурного досуга, Личный тьютор по эстетическому развитию, Руководитель художественной студиии остальные",54900.0,281.0,9.0,265.0,2.0,https://vuzopedia.ru/program/bakispec/11154
640,Технологии беспилотных систем и искусственного интеллекта в АПК,35.03.06,Агроинженерия,"Агроинженер, Агроинформатик (агрокибернетик), Инженер-механик по сельскому хозяйствуи остальные",65000.0,173.0,30.0,106.0,40.0,https://vuzopedia.ru/program/bakispec/11150
641,Менеджмент технологических процессов производства молока и молочной продукции,36.03.02,Зоотехния,"Зоотехник, Животновод, Инженер-технолог молока и молочных продуктови остальные",160000.0,130.0,84.0,99.0,37.0,https://vuzopedia.ru/program/bakispec/11149
642,Маркетинг и цифровые коммуникации,38.03.06,Торговое дело,"Торговый агент, Маркетолог, Интернет-маркетологи остальные",245000.0,217.0,2.0,130.0,28.0,https://vuzopedia.ru/program/bakispec/11148
643,Информационные технологии (по элективным модулям),44.03.04,Профессиональное обучение (по отраслям),"Педагог, Учитель, Учитель информатики и вычислительной техникии остальные",72000.0,179.0,53.0,143.0,35.0,https://vuzopedia.ru/program/bakispec/11145
644,Управление документами в условиях цифровой экономики,44.03.04,Профессиональное обучение (по отраслям),"Педагог, Учитель, Преподаватель экономикии остальные",72000.0,184.0,35.0,130.0,30.0,https://vuzopedia.ru/program/bakispec/11141
645,Профессионально-педагогические технологии,44.03.04,Профессиональное обучение (по отраслям),"Педагог, Учитель, Мастер профессионального обучения (техник, технолог, конструктор-модельер, дизайнер и др.)и остальные",167400.0,25.0,,123.0,23.0,https://vuzopedia.ru/program/bakispec/11140
646,Дизайн (по элективным модулям),44.03.04,Профессиональное обучение (по отраслям),"Учитель, Дизайнер интерьеров, Мастер профессионального обучения (техник, технолог, конструктор-модельер, дизайнер и др.)и остальные",72000.0,200.0,55.0,130.0,90.0,https://vuzopedia.ru/program/bakispec/11139
647,Цифровизация и управление бизнесом,38.03.02,Менеджмент,"Инновационный менеджер, Менеджер, Предпринимательи остальные",75000.0,273.0,5.0,125.0,60.0,https://vuzopedia.ru/program/bakispec/11135
648,Психологическая диагностика и консультирование,37.03.01,Психология,"Психолог, Менеджер фонда прямых инвестиций в талантливых людей, Профориентологи остальные",167400.0,223.0,3.0,131.0,33.0,https://vuzopedia.ru/program/bakispec/11131
649,Оборудование и технологии сварочного производства,15.03.01,Машиностроение,"Инженер-конструктор, Инженер-технолог, Инженер по сваркеи остальные",72000.0,,,125.0,35.0,https://vuzopedia.ru/program/bakispec/11130
650,Высокоэнергетические процессы и технологии в машиностроении и материалообработке,15.03.01,Машиностроение,"Инженер-технолог, Инженер-машиностроитель, Специалист по технологии машиностроенияи остальные",72000.0,,,125.0,50.0,https://vuzopedia.ru/program/bakispec/11126
651,"Уголовно-правовая специализация, предварительное расследование в органах внутренних дел",40.05.01,Правовое обеспечение национальной безопасности,"Адвокат, Инспектор уголовного розыска, Полицейскийи остальные",,80.0,,,,https://vuzopedia.ru/program/bakispec/11122
652,"Административная деятельность полиции, деятельность сотрудника подразделения по обеспечени..",40.03.02,Обеспечение законности и правопорядка,"Инженер по безопасности дорожного движения, Инженер по безопасности транспортной сети, Полицейскийи остальные",,18.0,,,,https://vuzopedia.ru/program/bakispec/11118
653,Информационные технологии в интеллектуальной электроэнергетике,13.03.02,Электроэнергетика и электротехника,"Инженер-энергетик, Инженер-электрик, Энергодиспетчер (диспетчер энергостанций/энергосистем)и остальные",,186.0,16.0,,,https://vuzopedia.ru/program/bakispec/11116
654,Цифровые технологии в релейной защите и автоматике электроэнергетических систем,13.03.02,Электроэнергетика и электротехника,"Инженер-энергетик, Инженер-электрик, Инженер по релейной защите и автоматикеи остальные",,186.0,22.0,,,https://vuzopedia.ru/program/bakispec/11114
655,Искусственный интеллект: нейросети и нейрочипы,01.03.02,Прикладная математика и информатика,"Педагог, Программист, Аналитик компьютерных системи остальные",,207.0,20.0,,,https://vuzopedia.ru/program/bakispec/11112
656,Электроснабжение специальных технических систем и объектов,13.05.01,Тепло- и электрообеспечение специальных технических систем и объектов,"Инженер-энергетик, Инженер-электрик, Инженер-теплоэнергетики остальные",,,,,,https://vuzopedia.ru/program/bakispec/11109
657,Военно-политическая пропаганда и агитация,56.05.08,Военно-политическая работа,Военныйи остальные,,,,,,https://vuzopedia.ru/program/bakispec/11106
658,Биоинформатика и компьютерное моделирование в естественных науках,03.03.01,Прикладные математика и физика,"Инженер-исследователь, Математик, Биоинформатики остальные",268200.0,225.0,31.0,212.0,5.0,https://vuzopedia.ru/program/bakispec/11104
659,Организация охраны и конвоирования  в уголовно исполнительной системе,40.03.01,Юриспруденция,"Полицейский, Охранник, Сотрудник уголовно-исполнительной системыи остальные",,139.0,26.0,,,https://vuzopedia.ru/program/bakispec/11101
660,Кадровая и организационно-мобилизационная работа,56.05.04,Управление персоналом,"Специалист по кадрам, Военный, Инженер по организации и нормированию трудаи остальные",,,,,,https://vuzopedia.ru/program/bakispec/11100
661,Техническая эксплуатация радиоэлектронных комплексов воздушных судов,25.05.03,Техническая эксплуатация транспортного радиооборудования,"Инженер, Инженер по авиационному и радиоэлектронному оборудованию, Инженер по авионикеи остальные",,,,,,https://vuzopedia.ru/program/bakispec/11098
662,Применение и эксплуатация авиационного оборудования комплексов с беспилотными летательными..,25.05.02,Техническая эксплуатация и восстановление электросистем и пилотажно-навигационных комплексов боевых летательных аппаратов,"Авиационный механик (авиамеханик), Авиаинженер (авиационный инженер), Инженер по авиационному и радиоэлектронному оборудованиюи остальные",,,,,,https://vuzopedia.ru/program/bakispec/11096
663,Физика температурных процессов,16.03.01,Техническая физика,"Инженер-исследователь, Инженер-термофизик, Инженер-теплофизики остальные",387970.0,,,119.0,15.0,https://vuzopedia.ru/program/bakispec/11094
664,Товарная экспертиза и категорийный менеджмент в сфере товаров зооветеринарного назначения,38.03.07,Товароведение,"Менеджер, Категорийный менеджер, Директор магазинаи остальные",347000.0,,,140.0,50.0,https://vuzopedia.ru/program/bakispec/11092
665,Биоинформатика и биоинформационный анализ в АПК,06.05.01,Биоинженерия и биоинформатика,"Биоинженер, Биотехнолог, Биоинформатики остальные",347000.0,,,140.0,25.0,https://vuzopedia.ru/program/bakispec/11090
666,Производственный менеджмент в пищевых технологиях продукции животноводства,35.03.07,Технология производства и переработки сельскохозяйственной продукции,"Инженер-технолог по качеству, Руководитель в АПК (агропромышленном комплексе)и остальные",347000.0,162.0,25.0,108.0,10.0,https://vuzopedia.ru/program/bakispec/11088
667,Переработка продукции животноводства и управления рисками в АПК,35.03.07,Технология производства и переработки сельскохозяйственной продукции,"Агроинженер, Инженер-технолог по качеству, Руководитель в АПК (агропромышленном комплексе)и остальные",347000.0,167.0,25.0,127.0,10.0,https://vuzopedia.ru/program/bakispec/11087
668,Биофармацевтика,19.03.01,Биотехнология,"Инженер-исследователь, Биофармаколог, Фармацевти остальные",347000.0,,,126.0,25.0,https://vuzopedia.ru/program/bakispec/11084
669,Экология в агробиотехнологиях,06.03.01,Биология,"Биолог, Лаборант-эколог, Эксперт-экологи остальные",347000.0,,,151.0,25.0,https://vuzopedia.ru/program/bakispec/11081
670,Микробиология и вирусология,06.03.01,Биология,"Вирусолог, Биолог, Биохимики остальные",347000.0,,,133.0,25.0,https://vuzopedia.ru/program/bakispec/11077
671,Селекция и генетика животных,36.03.02,Зоотехния,"Зоотехник, Животновод, Генетики остальные",347000.0,205.0,25.0,137.0,15.0,https://vuzopedia.ru/program/bakispec/11076
672,Нутрициология и благополучие животных,36.03.02,Зоотехния,"Зоотехник, Животновод, Зоологи остальные",145000.0,156.0,50.0,135.0,30.0,https://vuzopedia.ru/program/bakispec/11072
673,Ветеринарно-санитарный контроль качества и безопасности пищевых продуктов,36.03.01,Ветеринарно-санитарная экспертиза,"Ветеринар, Ветеринарно-санитарный врач, Ветеринарный врач (ветеринар)и остальные",50000.0,161.0,55.0,148.0,60.0,https://vuzopedia.ru/program/bakispec/11068
674,Общеклиническая ветеринария,36.05.01,Ветеринария,"Ветеринар, Ветеринарно-санитарный врач, Ветеринарный врач (ветеринар)и остальные",41000.0,110.0,948.0,99.0,900.0,https://vuzopedia.ru/program/bakispec/11064
675,Ветеринарная медицина мелких домашних животных,36.05.01,Ветеринария,"Ветеринар, Ветеринарно-санитарный врач, Ветеринарный врач (ветеринар)и остальные",347000.0,,,133.0,200.0,https://vuzopedia.ru/program/bakispec/11062
676,Продюсер кино и телевидения,55.05.04,Продюсерство,"Медиа-менеджер, Продюсер исполнительских искусств, Креативный директори остальные",164000.0,3.0,,247.0,117.0,https://vuzopedia.ru/program/bakispec/11056
677,Цифровые медиа,42.03.05,Медиакоммуникации,"Медиа-аналитик, Медиа-консультант, Медиа-менеджери остальные",363000.0,,,274.0,25.0,https://vuzopedia.ru/program/bakispec/11055
678,Разработка и эксплуатация специальной техники,10.05.07,Противодействие техническим разведкам,"Инженер-технолог, Инженер-испытательи остальные",,,,,,https://vuzopedia.ru/program/bakispec/11052
679,Теоретическая криптография,10.05.06,Криптография,"Инженер информационной безопасности, Техник по защите информациии остальные",,,,,,https://vuzopedia.ru/program/bakispec/11051
680,Контроль точности работы измерительных систем,27.05.02,Метрологическое обеспечение вооружения и военной техники,"Метролог, Военный, Военный инженери остальные",,,,,,https://vuzopedia.ru/program/bakispec/11050
681,Программное обеспечение АСУ ракетно-космической обороны,09.05.01,Применение и эксплуатация автоматизированных систем специального назначения,"Программист, Военный связист, Инженер-испытатель ракетных двигателейи остальные",,,,,,https://vuzopedia.ru/program/bakispec/11043
682,Вычислительные комплексы и сети ракетно-космической обороны,09.05.01,Применение и эксплуатация автоматизированных систем специального назначения,"Инженер, Программист, Военный связисти остальные",,,,,,https://vuzopedia.ru/program/bakispec/11041
683,Системный анализ и управление космическими аппаратами,09.05.01,Применение и эксплуатация автоматизированных систем специального назначения,"Военный связист, Специалист по САПР, Аналитик компьютерных системи остальные",,,,,,https://vuzopedia.ru/program/bakispec/11037
684,Компьютерные технологии анализа информации ракет-носителей и космических аппаратов,09.05.01,Применение и эксплуатация автоматизированных систем специального назначения,"Инженер, Инженер-конструктор, Инженер-исследовательи остальные",,,,,,https://vuzopedia.ru/program/bakispec/11035
685,Технологии администрирования автоматизированных систем,09.05.01,Применение и эксплуатация автоматизированных систем специального назначения,"Программист, Системный администратор, Военный инженери остальные",,,,,,https://vuzopedia.ru/program/bakispec/11031
686,Эксплуатация оптико-электронных и радиотехнических средств анализа космической обстановки,11.05.02,Специальные радиотехнические системы,"Инженер-радиотехник, Инженер-технолог, Военный связисти остальные",,,,,,https://vuzopedia.ru/program/bakispec/11030
687,Эксплуатация информационных средств ракетно-космической обороны,11.05.02,Специальные радиотехнические системы,"Инженер, Инженер-радиотехник, Военный связисти остальные",,,,,,https://vuzopedia.ru/program/bakispec/11024
688,Эксплуатация средств космического наблюдения и радиолокационного мониторинга,11.05.02,Специальные радиотехнические системы,"Инженер, Инженер-радиотехник, Военный связисти остальные",,,,,,https://vuzopedia.ru/program/bakispec/11023
689,Радиоэлектронные системы и комплексы сбора и обработки информации,11.05.02,Специальные радиотехнические системы,"Инженер-радиотехник, Военный связист, Инженер по радиоэлектронной борьбеи остальные",,,,,,https://vuzopedia.ru/program/bakispec/11019
690,Электроснабжение,13.05.01,Тепло- и электрообеспечение специальных технических систем и объектов,"Инженер-энергетик, Инженер-электрик, Инженер-электромеханики остальные",,,,,,https://vuzopedia.ru/program/bakispec/11016
691,Эксплуатация инженерно-технических систем зданий и сооружений,16.05.01,Специальные системы жизнеобеспечения,"Инженер, Инженер-конструктор, Инженер по эксплуатациии остальные",,,,,,https://vuzopedia.ru/program/bakispec/11012
692,Строительство и эксплуатация зданий и сооружений,24.05.01,"Проектирование, производство и эксплуатация ракет и ракетно-космических комплексов","Военный инженер, Инженер по механизации и автоматизации строительства, Инженер-строительи остальные",,,,,,https://vuzopedia.ru/program/bakispec/11010
693,Уголовно-правовая (Предварительное расследование в органах внутренних дел),40.05.01,Правовое обеспечение национальной безопасности,"Инспектор уголовного розыска, Полицейский, Прокурори остальные",,,,,,https://vuzopedia.ru/program/bakispec/11004
694,Проектирование и сопровождение информационных систем,09.03.02,Информационные системы и технологии,"Программист, Инженер по сопровождению программного обеспечения, Информатик (специалист по информационным технологиям)и остальные",156000.0,208.0,28.0,121.0,2.0,https://vuzopedia.ru/program/bakispec/11001
695,"Тексты, языки и цифровые инструменты",45.03.01,Филология,"Гид-переводчик, Литературный переводчик, Компьютерный лингвисти остальные",470000.0,20.0,,224.0,44.0,https://vuzopedia.ru/program/bakispec/11000
696,Программирование и инжиниринг компьютерных игр,09.03.04,Программная инженерия,"Архитектор виртуальности, Программист, Тестировщик, QA-инженери остальные",510000.0,284.0,20.0,247.0,40.0,https://vuzopedia.ru/program/bakispec/10997
697,Товароведение и экспертиза товаров в таможенной деятельности,38.03.07,Товароведение,"Менеджер ВЭД, Директор магазина, Байери остальные",49000.0,,,110.0,30.0,https://vuzopedia.ru/program/bakispec/10996
698,Эксплуатация и ремонт технических средств,23.03.02,Наземные транспортно-технологические комплексы,"Инженер-конструктор, Инженер по эксплуатации, Инженер-механики остальные",124000.0,15.0,,120.0,12.0,https://vuzopedia.ru/program/bakispec/10995
699,"Инжиниринг машин, механизмов и конструкций",15.03.03,Прикладная механика,"Инженер-конструктор, Инженер-машиностроитель, Специалист по технологии машиностроенияи остальные",74816.0,,,119.0,65.0,https://vuzopedia.ru/program/bakispec/10988
700,Организация и технологии защиты информации (по отраслям),10.05.05,Безопасность информационных технологий в правоохранительной сфере,"Инженер информационной безопасности, Полицейский, Специалист по безопасностии остальные",187038.0,201.0,45.0,135.0,35.0,https://vuzopedia.ru/program/bakispec/10987
701,Технология и организация туроператорских и турагентских услуг,43.03.02,Туризм,"Менеджер по туризму, Менеджер по организации мероприятий, Специалист по туризмуи остальные",57000.0,,,100.0,100.0,https://vuzopedia.ru/program/bakispec/10980
702,Управление рисками государства и бизнеса в цифровых экосистемах,38.05.01,Экономическая безопасность,"Налоговый инспектор, Налоговый консультант, Специалист по экономической безопасностии остальные",55000.0,,,125.0,30.0,https://vuzopedia.ru/program/bakispec/10977
703,Дизайн физической и виртуальной среды,44.03.04,Профессиональное обучение (по отраслям),"Web-дизайнер, Педагог, Учительи остальные",60000.0,,,124.0,50.0,https://vuzopedia.ru/program/bakispec/10975
704,Индустриальная педагогика,44.03.04,Профессиональное обучение (по отраслям),"Педагог, Учитель, Преподавательи остальные",52000.0,,,120.0,50.0,https://vuzopedia.ru/program/bakispec/10974
705,Дизайн бизнеса,38.03.02,Менеджмент,"Менеджер, Креативный директор, Менеджер проектаи остальные",50000.0,,,127.0,30.0,https://vuzopedia.ru/program/bakispec/10970
706,Нейромаркетинг,38.03.02,Менеджмент,"Маркетолог, Менеджер по маркетингу, Медиапланери остальные",50000.0,,,113.0,30.0,https://vuzopedia.ru/program/bakispec/10968
707,Бизнес-аналитика,38.03.01,Экономика,"Private equity analyst, Предприниматель, ICO аналитики остальные",50000.0,,,125.0,30.0,https://vuzopedia.ru/program/bakispec/10965
708,Экономика цифровых предприятий и сервисов,38.03.01,Экономика,"Инженер-экономист, ICO аналитик, Кредитный аналитики остальные",50000.0,,,124.0,30.0,https://vuzopedia.ru/program/bakispec/10964
709,Материально-техническое обеспечение УИС,38.05.01,Экономическая безопасность,"Специалист по экономической безопасности, Специалист по безопасности, Специалист комплаенс-контроляи остальные",,20.0,,,,https://vuzopedia.ru/program/bakispec/10963
710,Пробация,39.03.02,Социальная работа,"Специалист по социальной работе, Специалист по краудсорсингу общественных проблем, Социальный работники остальные",,75.0,,,,https://vuzopedia.ru/program/bakispec/10959
711,Дошкольное образование и дополнительное начальное образование,44.03.05,Педагогическое образование (с двумя профилями подготовки),"Воспитатель детского сада, Педагог, Учительи остальные",54000.0,,,160.0,10.0,https://vuzopedia.ru/program/bakispec/10955
712,"Анализ, контроль и правовое обеспечение экономической безопасности хозяйствующих субъектов",38.05.01,Экономическая безопасность,"Бухгалтер-ревизор, Аналитик данных, Аудитори остальные",63900.0,,,120.0,10.0,https://vuzopedia.ru/program/bakispec/10952
713,Художник виртуальных персонажей в виртуальном пространстве,54.05.03,Графика,"Science-художник, Медиа-художник, Иллюстратори остальные",625650.0,377.0,5.0,270.0,5.0,https://vuzopedia.ru/program/bakispec/10949
714,Управление государственными и муниципальными закупками,38.03.01,Экономика,"Агент по закупкам, Менеджер по закупкам, Государственный служащийи остальные",180000.0,,,95.0,30.0,https://vuzopedia.ru/program/bakispec/10948
715,Правовое обеспечение бизнеса,40.03.01,Юриспруденция,"Адвокат, Виртуальный адвокат, Инспектор по трудуи остальные",,,,,,https://vuzopedia.ru/program/bakispec/10945
716,Международное энергетическое сотрудничество,41.03.05,Международные отношения,"Дипломат, Маркетолог энергетических рынков, Менеджер ВЭДи остальные",,,,,,https://vuzopedia.ru/program/bakispec/10944
717,Образование в области физической культуры,44.03.01,Педагогическое образование,"Педагог, Учитель, Преподавательи остальные",40000.0,,,144.0,20.0,https://vuzopedia.ru/program/bakispec/10943
718,Эксплуатация судовых энергетических установок судов смешанного река-море плавания,26.05.06,Эксплуатация судовых энергетических установок,"Морской инженер, Специалист по судостроениюи остальные",62200.0,155.0,41.0,106.0,62.0,https://vuzopedia.ru/program/bakispec/10942
719,Информационно-аналитические технологии в государственном и муниципальном управлении,38.03.04,Государственное и муниципальное управление,"Государственный служащий, Модератор платформы общения с госорганами, Лоббисти остальные",65000.0,,,129.0,55.0,https://vuzopedia.ru/program/bakispec/10938
720,Современные кадровые технологии в управлении персоналом,38.03.03,Управление персоналом,"Специалист по кадрам, HR-специалист, Инспектор (менеджер) по кадрами остальные",79000.0,,,152.0,80.0,https://vuzopedia.ru/program/bakispec/10934
721,Управление проектами в государственной и муниципальной сфере,38.03.02,Менеджмент,"GR-менеджер, Государственный служащий, Координатор программ развития сообществи остальные",70000.0,,,135.0,26.0,https://vuzopedia.ru/program/bakispec/10930
722,Финансовая разведка в цифровой экономике,38.03.01,Экономика,"Финансист, ICO аналитик, Нотариуси остальные",70000.0,,,144.0,24.0,https://vuzopedia.ru/program/bakispec/10926
723,Сервис транспортных и технологических машин и оборудования,23.03.03,Эксплуатация транспортно-технологических машин и комплексов,"Автомеханик, Инженер по эксплуатации, Мастер по ремонту автомобилей (автослесарь)и остальные",169379.0,150.0,20.0,118.0,2.0,https://vuzopedia.ru/program/bakispec/10923
724,"Концертные народные инструменты (по видам инструментов: баян, аккордеон, домра, балалайка,..",53.05.01,Искусство концертного исполнительства,"Аккомпаниатор, Музыкальный руководитель, Преподаватель детской музыкальной школыи остальные",212700.0,302.0,3.0,180.0,1.0,https://vuzopedia.ru/program/bakispec/10919
725,"Концертные духовые и ударные инструменты (по видам инструментов: флейта, кларнет, гобой, ф..",53.05.01,Искусство концертного исполнительства,"Аккомпаниатор, Музыкальный руководитель, Музыканти остальные",212700.0,302.0,1.0,180.0,1.0,https://vuzopedia.ru/program/bakispec/10916
726,"Концертные струнные инструменты (по видам инструментов: скрипка, альт, виолончель, контраб..",53.05.01,Искусство концертного исполнительства,"Аккомпаниатор, Музыкальный руководитель, Музыканти остальные",,302.0,1.0,,,https://vuzopedia.ru/program/bakispec/10915
727,Руководство фольклорным коллективом,51.03.02,Народная художественная культура,"Исполнитель народных или этнических песен (народный певец), Музейный работник, Организатор музыкально-просветительской деятельностии остальные",37600.0,202.0,6.0,175.0,4.0,https://vuzopedia.ru/program/bakispec/10911
728,Руководство хореографическим коллективом,51.03.02,Народная художественная культура,"Балетмейстер-постановщик, Личный тьютор по эстетическому развитию, Танцори остальные",37600.0,202.0,6.0,175.0,5.0,https://vuzopedia.ru/program/bakispec/10907
729,Дополнительное образование (в области вокального искусства),44.03.01,Педагогическое образование,"Педагог, Учитель, Артист хораи остальные",42000.0,182.0,4.0,135.0,3.0,https://vuzopedia.ru/program/bakispec/10903
730,Музыкальная педагогика (в сфере основного общего и дополнительного образования),44.03.01,Педагогическое образование,"Педагог, Учитель, Артист хораи остальные",42000.0,182.0,4.0,135.0,3.0,https://vuzopedia.ru/program/bakispec/10900
731,Искусство иллюзиона,52.03.03,Цирковое искусство,Режиссёр циркаи остальные,161650.0,255.0,4.0,148.0,6.0,https://vuzopedia.ru/program/bakispec/10896
732,Сервис мехатронных систем,44.03.04,Профессиональное обучение (по отраслям),"Педагог, Учитель, Мастер профессионального обучения (техник, технолог, конструктор-модельер, дизайнер и др.)и остальные",199127.0,204.0,23.0,131.0,37.0,https://vuzopedia.ru/program/bakispec/10894
733,Биоэкология и техносферная безопасность,06.03.01,Биология,"Биотехнолог, Биолог, Эксперт-экологи остальные",223082.0,120.0,25.0,118.0,35.0,https://vuzopedia.ru/program/bakispec/10890
734,Дошкольная педагогика,44.03.01,Педагогическое образование,"Воспитатель детского сада, Педагог, Учительи остальные",62000.0,161.0,22.0,129.0,45.0,https://vuzopedia.ru/program/bakispec/10887
735,Hotel business,43.03.03,Гостиничное дело,"Менеджер ресторана, Администратор гостиницы, Event-менеджери остальные",175500.0,,,115.0,30.0,https://vuzopedia.ru/program/bakispec/10883
736,Экономика и управление,38.03.02,Менеджмент,"Менеджер, Финансовый менеджер, Экономисти остальные",90000.0,,,163.0,100.0,https://vuzopedia.ru/program/bakispec/10879
737,Экономика и финансы,38.03.02,Менеджмент,"Финансист, Менеджер, Финансовый менеджери остальные",90000.0,,,175.0,100.0,https://vuzopedia.ru/program/bakispec/10876
738,Перевод и переводоведение (языки стран Востока),45.03.02,Лингвистика,"Лингвист, Переводовед, Преподаватель межкультурной коммуникациии остальные",120000.0,,,105.0,30.0,https://vuzopedia.ru/program/bakispec/10872
739,Руководство проведением спасательных операций особого риска,20.03.01,Техносферная безопасность,"Спасатель, Инженер по охране труда, Инженер по защите в чрезвычайных ситуацияхи остальные",,50.0,,,,https://vuzopedia.ru/program/bakispec/10871
740,Организация и технологии управления туристским предприятием,43.03.02,Туризм,"Менеджер по туризму, Менеджер по организации мероприятий, Специалист по туризмуи остальные",52250.0,,,115.0,25.0,https://vuzopedia.ru/program/bakispec/10867
741,Межбанковские информационно-телекоммуникационные технологии,11.03.02,Инфокоммуникационные технологии и системы связи,"Инженер-проектировщик в области связи и телекоммуникаций, Информатик (специалист по информационным технологиям), IT-специалисти остальные",140940.0,130.0,23.0,119.0,8.0,https://vuzopedia.ru/program/bakispec/10863
742,Проектирование и управление в социально-образовательной сфере,44.03.01,Педагогическое образование,"Педагог, Организатор проектного обучения, Преподавательи остальные",39000.0,187.0,20.0,127.0,120.0,https://vuzopedia.ru/program/bakispec/10860
743,PR и цифровые коммуникации в креативных индустриях,42.03.01,Реклама и связи с общественностью,"PR-менеджер, Интернет-маркетолог, Контент-менеджери остальные",90000.0,248.0,5.0,133.0,125.0,https://vuzopedia.ru/program/bakispec/10856
744,Реклама в брендинге и интернет-маркетинге,42.03.01,Реклама и связи с общественностью,"Digital-стратег, Маркетолог, Интернет-маркетологи остальные",90000.0,248.0,6.0,133.0,125.0,https://vuzopedia.ru/program/bakispec/10852
745,Логистика и управление бизнес процессами в торговле,38.03.06,Торговое дело,"Торговый агент, Агент по закупкам, Брокери остальные",75000.0,,,125.0,56.0,https://vuzopedia.ru/program/bakispec/10848
746,Нейротехнологии в практической психологии,37.03.01,Психология,"Психолог, Нейропсихолог, Практический психологи остальные",135000.0,226.0,7.0,129.0,100.0,https://vuzopedia.ru/program/bakispec/10847
747,Менеджмент в аквакультуре,35.03.08,Водные биоресурсы и аквакультура,"Инженер комплексного использования водных ресурсов, Инспектор рыбоохраны, Техник-рыбоводи остальные",153300.0,175.0,12.0,136.0,10.0,https://vuzopedia.ru/program/bakispec/10843
748,Управление бизнес-процессами и инженерно-экономическим обеспечением водного транспорта,26.03.04,Инженерно-экономическое обеспечение технологий и бизнес-процессов водного транспорта,"Бухгалтер-экономист, Инженер по организации и нормированию труда, Инженер по организации перевозок и управлению на транспортеи остальные",55000.0,166.0,54.0,154.0,50.0,https://vuzopedia.ru/program/bakispec/10842
749,Судостроение и судоремонт,26.03.02,"Кораблестроение, океанотехника и системотехника объектов морской инфраструктуры","Инженер-конструктор, Инженер-кораблестроитель, Инженер-проектировщики остальные",55000.0,166.0,104.0,154.0,60.0,https://vuzopedia.ru/program/bakispec/10840
750,Инженерно-техническое обеспечение полетов воздушных судов и беспилотных летательных аппара..,25.03.01,Техническая эксплуатация летательных аппаратов и двигателей,"Авиационный механик (авиамеханик), Авиаинженер (авиационный инженер), Инженер-механики остальные",55000.0,179.0,36.0,134.0,155.0,https://vuzopedia.ru/program/bakispec/10836
751,Беспилотные авиационные системы,24.03.04,Авиастроение,"Авиаконструктор, Инженер-конструктор, Авиаинженер (авиационный инженер)и остальные",183900.0,183.0,33.0,139.0,15.0,https://vuzopedia.ru/program/bakispec/10834
752,Роботы и мехатронные системы,15.03.06,Мехатроника и робототехника,"Инженер-конструктор, Инженер-исследователь, Инженер АСУ ТПи остальные",55000.0,175.0,30.0,126.0,40.0,https://vuzopedia.ru/program/bakispec/10831
753,Управление и мониторинг машиностроительного оборудования,13.03.03,Энергетическое машиностроение,"Дефектоскопист нефтепроводов, Инженер по пневмоавтоматике, Инженер по энергетическому машиностроениюи остальные",153300.0,164.0,20.0,133.0,4.0,https://vuzopedia.ru/program/bakispec/10828
754,Инженерное программирование в машиностроении,13.03.03,Энергетическое машиностроение,"Программист, Инженер-энергетик, Инженер-электрики остальные",55000.0,164.0,35.0,133.0,29.0,https://vuzopedia.ru/program/bakispec/10827
755,Цифровое проектирование и программирование в приборостроении,12.03.01,Приборостроение,"Инженер-конструктор, Программист, Инженер-технологи остальные",55000.0,167.0,43.0,137.0,30.0,https://vuzopedia.ru/program/bakispec/10823
756,Интеллектуальные электронные системы,11.03.04,Электроника и наноэлектроника,"Программист, Инженер-схемотехник, Системный администратори остальные",153300.0,173.0,20.0,136.0,5.0,https://vuzopedia.ru/program/bakispec/10819
757,Радиоэлектроника беспилотных средств и алгоритмы обработки информации,11.03.01,Радиотехника,"Программист, Инженер-радиотехник, Инженер-схемотехники остальные",55000.0,172.0,67.0,126.0,31.0,https://vuzopedia.ru/program/bakispec/10816
758,Бизнес-инжиниринг и экспертиза в стройиндустрии,08.03.01,Строительство,"Инженер по проектно-сметной документации, Инженер по техническому надзору, Инженер-проектировщики остальные",153300.0,179.0,21.0,123.0,15.0,https://vuzopedia.ru/program/bakispec/10815
759,Трансляционная биоинженерия,06.05.01,Биоинженерия и биоинформатика,"Инженер-исследователь, Биоинженер, Биоинформатики остальные",153300.0,186.0,7.0,152.0,40.0,https://vuzopedia.ru/program/bakispec/10811
760,Образовательные технологии в прикладной физике и математике,03.03.01,Прикладные математика и физика,"Лаборант физических испытаний, Учитель математики, Преподавательи остальные",153300.0,166.0,30.0,125.0,20.0,https://vuzopedia.ru/program/bakispec/10807
761,Моделирование процессов и производств нефтегазового комплекса,01.03.04,Прикладная математика,"Математик, Инженер-механик, Специалист по подсчёту запасов нефти и газаи остальные",135000.0,177.0,34.0,152.0,10.0,https://vuzopedia.ru/program/bakispec/10804
762,Анимационная деятельность,51.03.03,Социально-культурная деятельность,"Аниматор, Менеджер социально-культурной деятельности, Художественный редактори остальные",54000.0,,,110.0,60.0,https://vuzopedia.ru/program/bakispec/10803
763,Исторические и современные клавишные инструменты,53.05.01,Искусство концертного исполнительства,"Аккомпаниатор, Учитель музыки и пения, Музыканти остальные",762370.0,345.0,17.0,305.0,3.0,https://vuzopedia.ru/program/bakispec/10799
764,Биоматериаловедение,19.03.01,Биотехнология,"Инженер-исследователь, Инженер-технолог, Биотехнологи остальные",399000.0,288.0,10.0,221.0,2.0,https://vuzopedia.ru/program/bakispec/10796
765,Русский язык и дополнительное образование (медиакоммуникация),44.03.05,Педагогическое образование (с двумя профилями подготовки),"Педагог, Учитель, Преподаватель лингвистикии остальные",165000.0,3.0,,121.0,7.0,https://vuzopedia.ru/program/bakispec/10794
766,Музыкальное образование и театральное искусство,44.03.05,Педагогическое образование (с двумя профилями подготовки),"Педагог, Учитель, Аниматори остальные",165000.0,14.0,,125.0,12.0,https://vuzopedia.ru/program/bakispec/10792
767,История и дополнительное образование (экскурсионная и анимационная деятельность в туризме),44.03.05,Педагогическое образование (с двумя профилями подготовки),"Историк, Педагог, Учительи остальные",165000.0,3.0,,121.0,7.0,https://vuzopedia.ru/program/bakispec/10788
768,Начальное образование. Детская практическая психология,44.03.05,Педагогическое образование (с двумя профилями подготовки),"Педагог, Учитель, Педагог-психологи остальные",50000.0,3.0,,190.0,25.0,https://vuzopedia.ru/program/bakispec/10784
769,Подземная разработка рудных месторождений и современные цифровые технологии добычи полезны..,21.05.04,Горное дело,"Горный мастер, Горный инженер, Маркшейдери остальные",209000.0,157.0,5.0,128.0,50.0,https://vuzopedia.ru/program/bakispec/10783
770,Экономика и управление горно-металлургическим предприятием,38.03.01,Экономика,"Менеджер, Экономисти остальные",434000.0,,,142.0,15.0,https://vuzopedia.ru/program/bakispec/10779
771,Теория и практика современных средств массовой информации,42.03.02,Журналистика,"Журналист, Медиа-консультант, Медиа-менеджери остальные",,,,130.0,12.0,https://vuzopedia.ru/program/bakispec/10776
772,Правоприменение в области гражданско-правовых отношений,40.03.01,Юриспруденция,"Правозащитник, Патентовед, Нотариуси остальные",,,,125.0,20.0,https://vuzopedia.ru/program/bakispec/10772
773,Управление проектом,38.03.02,Менеджмент,"Инновационный менеджер, Координатор программ развития сообществ, Менеджери остальные",,,,120.0,12.0,https://vuzopedia.ru/program/bakispec/10770
774,"Экономика, предпринимательство и финансы",38.03.01,Экономика,"Финансист, Предприниматель, Финансовый менеджери остальные",163000.0,,,120.0,28.0,https://vuzopedia.ru/program/bakispec/10766
775,Электротехнологические системы и установки,13.03.02,Электроэнергетика и электротехника,"Инженер-электрик, Энергодиспетчер (диспетчер энергостанций/энергосистем), Инженер по электротехнологическим установками остальные",,,,121.0,42.0,https://vuzopedia.ru/program/bakispec/10763
776,Обработка и анализ данных в сложных динамических системах,09.03.02,Информационные системы и технологии,"Web-программист, Аналитик компьютерных систем, Администратор баз данныхи остальные",135888.0,204.0,12.0,119.0,12.0,https://vuzopedia.ru/program/bakispec/10760
777,Зарубежная филология (английский и немецкий/французский языки; немецкий и английский языки..,45.03.01,Филология,"Литературный переводчик, Переводчик французского языка, Переводчик немецкого языкаи остальные",119052.0,184.0,5.0,106.0,5.0,https://vuzopedia.ru/program/bakispec/10759
778,Зарубежная филология (английский и немецкий/французский языки; немецкий и английский языки..,45.03.01,Филология,"Литературный переводчик, Переводчик французского языка, Переводчик немецкого языкаи остальные",119052.0,222.0,5.0,106.0,5.0,https://vuzopedia.ru/program/bakispec/10758
779,Зарубежная филология (английский и немецкий/французский языки; немецкий и английский языки..,45.03.01,Филология,"Переводчик французского языка, Переводчик немецкого языка, Лингвист-исследовательи остальные",119052.0,235.0,25.0,162.0,15.0,https://vuzopedia.ru/program/bakispec/10755
780,"Информационные технологии, математическое моделирование и компьютерный инжиниринг механиче..",01.03.03,Механика и математическое моделирование,"Тестировщик, QA-инженер, Аналитик данных, Разработчик математических и компьютерных моделейи остальные",119052.0,176.0,10.0,119.0,5.0,https://vuzopedia.ru/program/bakispec/10754
781,Информационные технологии в гидрометеорологии,05.03.05,Прикладная гидрометеорология,"Гидролог, Метеоролог, Картографи остальные",47808.0,123.0,10.0,132.0,12.0,https://vuzopedia.ru/program/bakispec/10752
782,Цифровые технологии в территориальном планировании,05.03.02,География,"Аэрофотосъемщик, Географ, Картографи остальные",135888.0,122.0,2.0,119.0,2.0,https://vuzopedia.ru/program/bakispec/10751
783,"Экономическая, политическая и рекреационная география",05.03.02,География,"Биогеограф, Географ, Учитель географиии остальные",135888.0,122.0,3.0,119.0,3.0,https://vuzopedia.ru/program/bakispec/10747
784,Информационные системы и защита информации,09.03.02,Информационные системы и технологии,"Программист, Информатик-технолог, IT-специалисти остальные",90000.0,,,119.0,10.0,https://vuzopedia.ru/program/bakispec/10746
785,"Эксплуатация и обслуживание объектов переработки, хранения и транспортировки нефти и газа",21.05.06,Нефтегазовые техника и технологии,"Инженер по технологическому обеспечению работы нефтегазового промысла, Инженер-диагност газопроводов, Геолог-нефтяники остальные",100000.0,168.0,15.0,136.0,20.0,https://vuzopedia.ru/program/bakispec/10743
786,Звукорежиссура зрелищных программ,51.05.01,Звукорежиссура культурно-массовых представлений и концертных программ,"Звукорежиссер, Культорганизатор, Преподаватель звукорежиссурыи остальные",68310.0,,,209.0,3.0,https://vuzopedia.ru/program/bakispec/10740
787,Музыкально-инструментальное искусство,53.03.02,Музыкально-инструментальное искусство,"Аккомпаниатор, Аранжировщик, Артист хораи остальные",68310.0,168.0,10.0,246.0,5.0,https://vuzopedia.ru/program/bakispec/10738
788,Проектирование цифрового контента и web-дизайн,50.03.01,Искусства и гуманитарные науки,"Web-дизайнер, Бренд-дизайнер, Интернет-маркетологи остальные",48070.0,,,171.0,6.0,https://vuzopedia.ru/program/bakispec/10735
789,Педагог народно-сценического танца,44.03.01,Педагогическое образование,"Педагог, Учитель, Личный тьютор по эстетическому развитиюи остальные",,226.0,5.0,,,https://vuzopedia.ru/program/bakispec/10731
790,Дополнительное образование. Педагог-организатор,44.03.01,Педагогическое образование,"Педагог, Учитель, Провизор-организатори остальные",,156.0,10.0,,,https://vuzopedia.ru/program/bakispec/10727
791,Театральное творчество,44.03.01,Педагогическое образование,"Педагог, Актер, Учительи остальные",48070.0,166.0,10.0,161.0,2.0,https://vuzopedia.ru/program/bakispec/10723
792,Промышленный и предметный дизайн,54.03.01,Дизайн,"Предметный дизайнер, Дизайнер, Преподаватель дизайнаи остальные",99600.0,211.0,21.0,159.0,47.0,https://vuzopedia.ru/program/bakispec/10719
793,Психология и педагогика дошкольного образования,44.03.02,Психолого-педагогическое образование,"Воспитатель детского сада, Педагог, Психологи остальные",57000.0,243.0,22.0,159.0,260.0,https://vuzopedia.ru/program/bakispec/10715
794,Арт-технологии в художественном проектировании изделий из керамики,29.03.04,Технология художественной обработки материалов,"Science-художник, Бренд-дизайнер, Дизайнер упаковкии остальные",,215.0,4.0,,,https://vuzopedia.ru/program/bakispec/10711
795,Организация транспортного бизнеса и управление предприятием,38.03.02,Менеджмент,"Менеджер, Предприниматель, Фрахтовщики остальные",95650.0,,,85.0,15.0,https://vuzopedia.ru/program/bakispec/10707
796,"Физическая культура, Реабилитационная педагогика",44.03.05,Педагогическое образование (с двумя профилями подготовки),"Педагог, Учитель, Преподавательи остальные",50000.0,195.0,17.0,214.0,75.0,https://vuzopedia.ru/program/bakispec/10703
797,"Дошкольное образование, Начальное образование",44.03.05,Педагогическое образование (с двумя профилями подготовки),"Воспитатель детского сада, Педагог, Учительи остальные",50000.0,192.0,18.0,125.0,45.0,https://vuzopedia.ru/program/bakispec/10699
798,"История, Социальная педагогика",44.03.05,Педагогическое образование (с двумя профилями подготовки),"Историк, Педагог, Учительи остальные",50000.0,196.0,17.0,170.0,55.0,https://vuzopedia.ru/program/bakispec/10695
799,"Английский язык, Родной (башкирский) язык и литература",44.03.05,Педагогическое образование (с двумя профилями подготовки),"Педагог, Учитель, Преподаватель лингвистикии остальные",50000.0,151.0,17.0,216.0,50.0,https://vuzopedia.ru/program/bakispec/10691
800,"Начальное образование, Дополнительное образование (креативные индустрии в изобразительном ..",44.03.05,Педагогическое образование (с двумя профилями подготовки),"Педагог, Учитель, Учитель ИЗОи остальные",50000.0,190.0,11.0,186.0,75.0,https://vuzopedia.ru/program/bakispec/10687
801,"Иностранный язык (английский), Дополнительное образование (переводоведение)",44.03.05,Педагогическое образование (с двумя профилями подготовки),"Учитель, Преподаватель лингвистики, Педагог-организатори остальные",50000.0,,,118.0,55.0,https://vuzopedia.ru/program/bakispec/10684
802,Черчение и компьютерная графика,44.03.01,Педагогическое образование,"Педагог, Учитель, Дизайнер компьютерных программи остальные",50000.0,,,125.0,30.0,https://vuzopedia.ru/program/bakispec/10680
803,"Эксплуатация, ремонт, обслуживание, санитарное содержание жилищного фонда и объектов гражд..",38.03.10,Жилищное хозяйство и коммунальная инфраструктура,"Техник-смотритель жилищного хозяйства, Специалист по домашнему и коммунальному хозяйству, Сити-менеджер (городской управляющий)и остальные",50000.0,,,119.0,155.0,https://vuzopedia.ru/program/bakispec/10679
804,Инженерно-геодезические изыскания в землеустройстве,21.03.02,Землеустройство и кадастры,"Инженер по кадастру, Инженер по землеустройству, Землеустроительи остальные",50000.0,,,145.0,120.0,https://vuzopedia.ru/program/bakispec/10675
805,Надзор в сфере охраны труда и готовности к чрезвычайным ситуациям,20.03.01,Техносферная безопасность,"Инженер по охране труда, Инженер по защите в чрезвычайных ситуациях, Инженер по организации и нормированию трудаи остальные",50000.0,,,173.0,70.0,https://vuzopedia.ru/program/bakispec/10671
806,Электроэнергетические сети и электрооборудование производственных и жилых объектов,13.03.02,Электроэнергетика и электротехника,"Инженер-электрик, Энергодиспетчер (диспетчер энергостанций/энергосистем), Инженер по электротехнологическим установками остальные",50000.0,17.0,,154.0,160.0,https://vuzopedia.ru/program/bakispec/10667
807,Технологические машины и оборудование в промышленности,15.03.02,Технологические машины и оборудование,"Инженер-конструктор, Инженер-исследователь, Инженер-мехатроники остальные",50000.0,20.0,,129.0,780.0,https://vuzopedia.ru/program/bakispec/10663
808,Конфликтология в управлении персоналом,37.03.02,Конфликтология,"Бизнес-тренер, GR-менеджер, Коучи остальные",131000.0,185.0,9.0,152.0,30.0,https://vuzopedia.ru/program/bakispec/10662
809,Информационные системы и аналитика данных в международном бизнесе,09.03.03,Прикладная информатика,"Актуарий, Программист, Web-программисти остальные",150000.0,205.0,45.0,133.0,45.0,https://vuzopedia.ru/program/bakispec/10660
810,Педагогика и психология дополнительного образования,44.03.04,Профессиональное обучение (по отраслям),"Педагог, Учитель, Преподаватель программ дополнительного образованияи остальные",42000.0,10.0,,114.0,20.0,https://vuzopedia.ru/program/bakispec/10659
811,Туризм,44.03.04,Профессиональное обучение (по отраслям),"Педагог, Учитель, Мастер профессионального обучения (техник, технолог, конструктор-модельер, дизайнер и др.)и остальные",127000.0,166.0,5.0,120.0,3.0,https://vuzopedia.ru/program/bakispec/10656
812,Фармацевтическая и пищевая биотехнология,19.03.01,Биотехнология,"Биофармаколог, Фармацевт, Биотехнологи остальные",42000.0,124.0,31.0,120.0,9.0,https://vuzopedia.ru/program/bakispec/10654
813,Постстрессовая психотерапия для лиц с физическими и психологическими травмами,37.03.01,Психология,"Психолог, Психолог-консультанти остальные",58000.0,,,165.0,140.0,https://vuzopedia.ru/program/bakispec/10652
814,Системное администрирование информационно-коммуникационных систем,09.03.03,Прикладная информатика,"Программист, Системный администратор, Информатик (специалист по информационным технологиям)и остальные",54000.0,,,127.0,120.0,https://vuzopedia.ru/program/bakispec/10651
815,Бизнес планирование в строительстве,38.03.01,Экономика,"Девелопер, Специалист по бизнес-планированию и разработке бизнес-планов, Сметчики остальные",134000.0,,,85.0,100.0,https://vuzopedia.ru/program/bakispec/10647
816,Прикладная информатика в строительстве,09.03.03,Прикладная информатика,"Программист, IT-специалист, Специалист по прикладной информатикеи остальные",90000.0,,,112.0,50.0,https://vuzopedia.ru/program/bakispec/10646
817,Реставрация скульптуры,54.05.04,Скульптура,"Реставратор, Скульптор, художник-скульптор, Скульптор-монументалисти остальные",480000.0,303.0,4.0,266.0,2.0,https://vuzopedia.ru/program/bakispec/10644
818,Медальерное искусство,54.05.04,Скульптура,"Скульптор, художник-скульптор, Скульптор-монументалист, Художники остальные",480000.0,303.0,4.0,266.0,4.0,https://vuzopedia.ru/program/bakispec/10643
819,"Физика в системе основного, среднего общего и среднего профессионального образования",44.03.01,Педагогическое образование,"Педагог, Учитель, Лаборант физических испытанийи остальные",70000.0,147.0,8.0,119.0,8.0,https://vuzopedia.ru/program/bakispec/10642
820,Медиация и социальная педагогика,44.03.01,Педагогическое образование,"Инспектор по делам несовершеннолетних, Педагог, Учительи остальные",139900.0,148.0,40.0,115.0,20.0,https://vuzopedia.ru/program/bakispec/10639
821,Изобразительное искусство в образовании и дизайн,44.03.01,Педагогическое образование,"Педагог, Учитель, Учитель ИЗОи остальные",139900.0,177.0,20.0,164.0,5.0,https://vuzopedia.ru/program/bakispec/10635
822,Региональное развитие и геоинформационные технологии,05.03.02,География,"Аэрофотосъемщик, Географ, Картографи остальные",158900.0,145.0,20.0,119.0,10.0,https://vuzopedia.ru/program/bakispec/10631
823,"Информационные системы, программирование и анализ данных",02.03.03,Математическое обеспечение и администрирование информационных систем,"Программист, Web-программист, Системный администратори остальные",139900.0,180.0,15.0,145.0,8.0,https://vuzopedia.ru/program/bakispec/10627
824,Инженерное компьютерное проектирование и индустриальная математика,01.03.02,Прикладная математика и информатика,"Программист, Системный администратор, Математики остальные",139900.0,179.0,12.0,119.0,5.0,https://vuzopedia.ru/program/bakispec/10623
825,Техника и технологии комплексов радиовещания,11.03.01,Радиотехника,"Инженер-радиотехник, Звукорежиссер, Инженер связии остальные",104000.0,172.0,12.0,130.0,10.0,https://vuzopedia.ru/program/bakispec/10622
826,Звукоинженерия в теле- и киноиндустрии,11.03.01,Радиотехника,"Инженер-радиотехник, Звукорежиссер, Инженер по телевизионному оборудованию (ТВ-инженер)и остальные",272000.0,234.0,18.0,197.0,8.0,https://vuzopedia.ru/program/bakispec/10618
827,Организация внутреннего и международного туризма,43.03.02,Туризм,"Администратор гостиницы, Менеджер по туризму, Менеджер по организации мероприятийи остальные",105000.0,,,146.0,150.0,https://vuzopedia.ru/program/bakispec/10615
828,Классификация и происхождение товаров в таможенных целях,38.05.02,Таможенное дело,"Менеджер по работе с таможней, Сюрвейер, Таможенный брокери остальные",,218.0,4.0,,,https://vuzopedia.ru/program/bakispec/10614
829,Компьютерные технологии в дизайне,54.03.01,Дизайн,"Разработчик компьютерных игр, Креативный директор, IT-специалисти остальные",459000.0,258.0,10.0,197.0,55.0,https://vuzopedia.ru/program/bakispec/10612
830,AI360: ML NATIVE,01.03.02,Прикладная математика и информатика,"Программист, IT-специалист, Специалист по искусственному интеллектуи остальные",,305.0,36.0,,,https://vuzopedia.ru/program/bakispec/10610
831,Технология производства и переработки продукции животноводства и растениеводства,35.03.07,Технология производства и переработки сельскохозяйственной продукции,"Инженер-технолог, Инженер пищевой промышленности, Инженер-технолог пищевого производстваи остальные",42000.0,216.0,65.0,156.0,30.0,https://vuzopedia.ru/program/bakispec/10608
832,Цифровой маркетинг,43.03.01,Сервис,"Маркетолог, Интернет-маркетолог, Супервайзери остальные",65700.0,221.0,26.0,115.0,150.0,https://vuzopedia.ru/program/bakispec/10607
833,Управление в сфере молодежной политики,39.03.01,Социология,"Социальный педагог, Event-менеджер, Педагог-организатор культурного досугаи остальные",65700.0,155.0,25.0,115.0,60.0,https://vuzopedia.ru/program/bakispec/10603
834,Социальное проектирование в государственном управлении,39.03.01,Социология,"Государственный служащий, Координатор программ развития сообществ, Модератор платформы общения с госорганамии остальные",65700.0,179.0,25.0,115.0,55.0,https://vuzopedia.ru/program/bakispec/10599
835,Информационные системы на финансовых рынках,01.03.05,Статистика,"IT-специалист, Research Analyst (аналитика по исследованиям в банке или брокерской фирме), Финансовый аналитик (специалист финансового анализа и моделирования)и остальные",145050.0,129.0,23.0,124.0,46.0,https://vuzopedia.ru/program/bakispec/10598
836,Управление качеством в производственно-технологических и социально-экономических системах,27.03.02,Управление качеством,"Инженер по управлению качеством, Менеджер по развитию, Менеджер по качествуи остальные",220000.0,132.0,9.0,119.0,3.0,https://vuzopedia.ru/program/bakispec/10596
837,Управление в креативных индустриях,38.03.02,Менеджмент,"Координатор программ развития сообществ, Куратор мультимедийных выставок, Медиа-аналитики остальные",256672.0,,,134.0,40.0,https://vuzopedia.ru/program/bakispec/10595
838,Дополнительное образование (в области сценического искусства),44.03.01,Педагогическое образование,"Педагог, Учитель, Руководитель художественной студиии остальные",256672.0,184.0,10.0,110.0,5.0,https://vuzopedia.ru/program/bakispec/10591
839,Цифровой дизайн и веб-разработка,38.03.05,Бизнес-информатика,"Web-дизайнер, Программист, Дизайнер компьютерных программи остальные",76000.0,3.0,,149.0,143.0,https://vuzopedia.ru/program/bakispec/10588
840,Бизнес-аналитик 1С,38.03.05,Бизнес-информатика,"Аналитик данных, IT-специалист, ERP-программисти остальные",76000.0,3.0,,143.0,138.0,https://vuzopedia.ru/program/bakispec/10587
841,Информационные системы и технологии в отраслях транспортно-дорожного комплекса,09.03.02,Информационные системы и технологии,"Информатик (специалист по информационным технологиям), IT-специалист, Специалист по информационным системами остальные",90600.0,,,119.0,62.0,https://vuzopedia.ru/program/bakispec/10582
842,Искусство мультимедиа: режиссура и технологии,50.03.01,Искусства и гуманитарные науки,"Искусствовед, Личный тьютор по эстетическому развитию, Медиа-менеджери остальные",280000.0,,,142.0,15.0,https://vuzopedia.ru/program/bakispec/10578
843,Артист-танцовщик ансамбля спортивного бального танца (педагог- репетитор),52.03.02,Хореографическое исполнительство,"Педагог, Танцор, Преподавательи остальные",294515.0,224.0,4.0,205.0,1.0,https://vuzopedia.ru/program/bakispec/10575
844,Востоковедение и африканистика,41.03.01,Зарубежное регионоведение,"Африканист, Востоковед, Регионоведи остальные",390000.0,,,150.0,15.0,https://vuzopedia.ru/program/bakispec/10572
845,Медиалингвистика и коммуникации,45.03.02,Лингвистика,"Контент-менеджер, Гид-переводчик, Литературный переводчики остальные",176200.0,,,135.0,35.0,https://vuzopedia.ru/program/bakispec/10568
846,История: культура и власть,46.03.01,История,"Историк, Историограф, Исторический консультант, исторический реконструктори остальные",390000.0,,,150.0,10.0,https://vuzopedia.ru/program/bakispec/10564
847,Медиа и цифровые индустрии,42.03.01,Реклама и связи с общественностью,"Менеджер по рекламе, Рекламный агент, Медиа-аналитики остальные",390000.0,,,150.0,10.0,https://vuzopedia.ru/program/bakispec/10560
848,Медиа и цифровые индустрии,50.03.01,Искусства и гуманитарные науки,"Искусствовед, Медиа-консультант, Медиа-менеджери остальные",390000.0,,,160.0,25.0,https://vuzopedia.ru/program/bakispec/10559
849,История: культура и власть,41.03.06,Публичная политика и социальные науки,"Историк, Исторический консультант, исторический реконструктор, Культурологи остальные",390000.0,,,155.0,15.0,https://vuzopedia.ru/program/bakispec/10555
850,Управление образовательным продуктом,41.03.06,Публичная политика и социальные науки,"Координатор программ развития сообществ, Политик, Социологи остальные",390000.0,,,155.0,15.0,https://vuzopedia.ru/program/bakispec/10552
851,Публичное управление,41.03.06,Публичная политика и социальные науки,"Модератор платформы общения с госорганами, Политик, Политтехнологи остальные",390000.0,,,155.0,15.0,https://vuzopedia.ru/program/bakispec/10551
852,Медиа и цифровые индустрии,41.03.06,Публичная политика и социальные науки,"Медиатор, Медиа-аналитик, Медиа-консультанти остальные",390000.0,,,155.0,15.0,https://vuzopedia.ru/program/bakispec/10547
853,Востоковедение и африканистика,41.03.06,Публичная политика и социальные науки,"Африканист, Востоковеди остальные",390000.0,,,150.0,15.0,https://vuzopedia.ru/program/bakispec/10543
854,Управление образовательным продуктом,38.03.02,Менеджмент,"Координатор программ развития сообществ, Менеджер, Менеджер продуктов в области информационных технологийи остальные",390000.0,,,145.0,18.0,https://vuzopedia.ru/program/bakispec/10542
855,Публичное управление,38.03.02,Менеджмент,"Менеджер, Политтехнологи остальные",390000.0,,,145.0,16.0,https://vuzopedia.ru/program/bakispec/10538
856,Медиа и цифровые индустрии,38.03.02,Менеджмент,"Медиа-аналитик, Медиа-консультант, Медиа-менеджери остальные",390000.0,,,145.0,16.0,https://vuzopedia.ru/program/bakispec/10534
857,Организация производства и проектирование цифровых двойников предприятий,27.03.05,Инноватика,"Инженер-патентовед, Инженер по НИОКР, Инженер по рационализаторству и изобретательствуи остальные",189000.0,194.0,16.0,158.0,9.0,https://vuzopedia.ru/program/bakispec/10532
858,Цифровое проектирование конструкций и технологий соединения материалов,15.03.01,Машиностроение,"Инженер-конструктор, Инженер-технолог, Инженер по сваркеи остальные",189000.0,198.0,25.0,178.0,5.0,https://vuzopedia.ru/program/bakispec/10531
859,Профессионально ориентированный перевод,45.05.01,Перевод и переводоведение,"Гид-переводчик, Письменный переводчик, Лингвист-исследовательи остальные",125000.0,208.0,9.0,113.0,25.0,https://vuzopedia.ru/program/bakispec/10530
860,Английский язык и литература с изучением второго иностранного,45.03.01,Филология,"Литературный переводчик, Литературовед, Лингвисти остальные",125000.0,181.0,10.0,176.0,25.0,https://vuzopedia.ru/program/bakispec/10527
861,Украинский язык и литература. Английский язык,45.03.01,Филология,"Литературный переводчик, Литературовед, Письменный переводчики остальные",125000.0,145.0,10.0,110.0,10.0,https://vuzopedia.ru/program/bakispec/10524
862,Начальное и дошкольное образование с курсом логопедии,44.03.05,Педагогическое образование (с двумя профилями подготовки),"Воспитатель детского сада, Педагог-игромастер, Педагоги остальные",128000.0,158.0,25.0,140.0,10.0,https://vuzopedia.ru/program/bakispec/10523
863,"Международные отношения, геополитика и глобалистика",41.03.05,Международные отношения,"Дипломат, Менеджер, Политики остальные",150000.0,223.0,11.0,135.0,30.0,https://vuzopedia.ru/program/bakispec/10522
864,Технические средства природообустройства и защиты в чрезвычайных ситуациях,23.05.01,Наземные транспортно-технологические средства,"Инженер по защите в чрезвычайных ситуациях, Инженер по безопасности транспортной сети, Инженер природообустройстваи остальные",79000.0,,,191.0,21.0,https://vuzopedia.ru/program/bakispec/10519
865,Экономика персонала,38.03.03,Управление персоналом,"Специалист по кадрам, HR-специалист, Менеджер по персоналуи остальные",220200.0,226.0,15.0,136.0,10.0,https://vuzopedia.ru/program/bakispec/10516
866,Технологическая подготовка деревообрабатывающих производств,35.03.02,Технология лесозаготовительных и деревоперерабатывающих производств,"Инженер-технолог по деревообработке, Специалист по системам автоматизированного проектирования в деревообрабатывающих и мебельных производствах, Станочник-распиловщики остальные",60800.0,142.0,25.0,122.0,2.0,https://vuzopedia.ru/program/bakispec/10515
867,Экология и природоохранное обустройство территорий,20.03.02,Природообустройство и водопользование,"Инженер комплексного использования водных ресурсов, Инженер природообустройства, Портовый экологи остальные",246000.0,120.0,25.0,119.0,1.0,https://vuzopedia.ru/program/bakispec/10511
868,Инжиниринг информационных систем и бизнес-процессов,09.03.03,Прикладная информатика,"Программист, Информатик (специалист по информационным технологиям), IT-специалисти остальные",246000.0,151.0,24.0,146.0,6.0,https://vuzopedia.ru/program/bakispec/10507
869,Менеджмент в сфере туризма,38.03.02,Менеджмент,"Менеджер, Менеджер по туризму, Менеджер по организации мероприятийи остальные",106000.0,,,85.0,50.0,https://vuzopedia.ru/program/bakispec/10503
870,Экономика и предпринимательство в туризме,38.03.01,Экономика,"Бухгалтер-экономист, Предприниматель, Экономисти остальные",106000.0,,,85.0,50.0,https://vuzopedia.ru/program/bakispec/10500
871,Водные технологии,18.03.01,Химическая технология,"Лаборант, Инженер-технолог по водоподготовке (водоочистке, очистных сооружений), Лаборант химико-бактериологического анализаи остальные",143000.0,119.0,20.0,118.0,10.0,https://vuzopedia.ru/program/bakispec/10498
872,Автоматизация промышленных предприятий,15.03.04,Автоматизация технологических процессов и производств,"Инженер-технолог, Инженер АСУ ТП, Инженер по автоматизации и механизациии остальные",143000.0,142.0,17.0,128.0,10.0,https://vuzopedia.ru/program/bakispec/10494
873,Художественная роспись,54.03.02,Декоративно-прикладное искусство и народные промыслы,"Руководитель художественной студии, Учитель экономики, технологии обработки тканей, пищевых продуктов и декоративно-прикладного творчества, Специалист по декоративно-прикладному искусствуи остальные",63973.0,263.0,6.0,127.0,5.0,https://vuzopedia.ru/program/bakispec/10490
874,Организация туристкой деятельности,43.03.02,Туризм,"Менеджер ресторана, Аниматор, Администратор гостиницыи остальные",56444.0,267.0,6.0,254.0,35.0,https://vuzopedia.ru/program/bakispec/10487
875,Проектирование и продюсирование в социально-культурной сфере,51.03.03,Социально-культурная деятельность,"Аниматор, Event-менеджер, Игропрактики остальные",37553.0,237.0,10.0,150.0,5.0,https://vuzopedia.ru/program/bakispec/10483
876,Математическое моделирование и теория управления,09.03.01,Информатика и вычислительная техника,"Актуарий, Инженер-исследователь, Аналитик компьютерных системи остальные",,289.0,36.0,,,https://vuzopedia.ru/program/bakispec/10479
877,Проектирование и разработка комплексных бизнес-приложений,01.03.02,Прикладная математика и информатика,"Программист, IT-директор (CIO), Web-программисти остальные",767000.0,303.0,10.0,259.0,5.0,https://vuzopedia.ru/program/bakispec/10475
878,Фундаментальная математика,01.03.01,Математика,"Актуарий, Программист, Математики остальные",,288.0,16.0,,,https://vuzopedia.ru/program/bakispec/10471
879,Естественные и компьютерные науки,09.03.01,Информатика и вычислительная техника,"Актуарий, Программист, Аналитик данныхи остальные",767000.0,304.0,70.0,260.0,15.0,https://vuzopedia.ru/program/bakispec/10468
880,Инженерное проектирование и цифровые системы управления биотехнологического оборудования,19.03.01,Биотехнология,"Биотехнолог, Инженер по оборудованию, Техник по биотехническим и медицинским аппаратам и системами остальные",429000.0,,,149.0,27.0,https://vuzopedia.ru/program/bakispec/10464
881,Проектирование технологических комплексов в сварочном производстве,15.05.02,Робототехника военного и специального назначения,"Инженер-конструктор, Военный, Военный инженери остальные",439000.0,235.0,16.0,135.0,14.0,https://vuzopedia.ru/program/bakispec/10460
882,Проектирование технологических машин-автоматов и автоматизированных комплексов,15.05.01,Проектирование технологических машин и комплексов,"Инженер-конструктор, Инженер АСУ ТП, Инженер по автоматизации и механизациии остальные",439000.0,249.0,23.0,138.0,10.0,https://vuzopedia.ru/program/bakispec/10459
883,Управление техническими системами в креативных индустриях,15.03.06,Мехатроника и робототехника,"Инженер-мехатроник, Инженер по сопровождению программного обеспечения, IT-специалисти остальные",459000.0,274.0,19.0,138.0,10.0,https://vuzopedia.ru/program/bakispec/10456
884,Математическое и компьютерное моделирование в механике,02.03.01,Математика и компьютерные науки,"Инженер-исследователь, Математик, Аналитик данныхи остальные",459000.0,277.0,14.0,196.0,11.0,https://vuzopedia.ru/program/bakispec/10455
885,Управление высокотехнологичными проектами,38.03.02,Менеджмент,"Инновационный менеджер, Менеджер по развитию, Менеджери остальные",146280.0,233.0,10.0,110.0,10.0,https://vuzopedia.ru/program/bakispec/10451
886,Управление трансфером технологий,27.03.05,Инноватика,"Инженер-патентовед, Инженер по рационализаторству и изобретательству, Инновационный менеджери остальные",165540.0,204.0,12.0,181.0,5.0,https://vuzopedia.ru/program/bakispec/10450
887,Сервис на транспорте,23.05.04,Эксплуатация железных дорог,"Инженер по безопасности транспортной сети, Инженер по организации перевозок и управлению на транспорте, Инженер по эксплуатации железных дороги остальные",161400.0,113.0,30.0,99.0,10.0,https://vuzopedia.ru/program/bakispec/10446
888,Медицинская инженерия и цифровые технологии,12.03.01,Приборостроение,"Инженер-технолог, Инженер по медицинской технике, Инженер приборостроенияи остальные",77000.0,189.0,25.0,159.0,28.0,https://vuzopedia.ru/program/bakispec/10443
889,Конференц-перевод,45.03.02,Лингвистика,"Гид-переводчик, Лингвист-исследователь, Переводчики остальные",337000.0,266.0,5.0,205.0,16.0,https://vuzopedia.ru/program/bakispec/10439
890,Вагоны,23.05.03,Подвижной состав железных дорог,"Инженер-конструктор, Инженер-механик, Инженер-механик подвижного составаи остальные",,,,,,https://vuzopedia.ru/program/bakispec/10435
891,Управление качеством в логистических системах,27.03.02,Управление качеством,"Инженер по управлению качеством, Инженер-технолог по качеству, Логисти остальные",,,,,,https://vuzopedia.ru/program/bakispec/10431
892,Информационные таможенные системы и технологии,09.03.02,Информационные системы и технологии,"Программист, Инженер-схемотехник, Системный администратори остальные",,,,,,https://vuzopedia.ru/program/bakispec/10427
893,Сети и сетевые устройства вычислительных систем,09.03.01,Информатика и вычислительная техника,"Инженер-схемотехник, Web-программист, Системный администратори остальные",173800.0,239.0,44.0,161.0,10.0,https://vuzopedia.ru/program/bakispec/10426
894,Техническое обеспечение эксплуатации спортивных объектов,27.03.04,Управление в технических системах,"Инженер, Инженер по эксплуатации объектов спортивной инфраструктуры, Техник-технологи остальные",173800.0,174.0,10.0,145.0,8.0,https://vuzopedia.ru/program/bakispec/10422
895,Мехатроника киберфизических систем,15.03.06,Мехатроника и робототехника,"Инженер-мехатроник, Инженер-машиностроитель, Кибернетики остальные",173800.0,228.0,25.0,121.0,8.0,https://vuzopedia.ru/program/bakispec/10419
896,Цифровая энергетика,13.03.02,Электроэнергетика и электротехника,"Инженер-энергетик, Инженер-электрик, Инженер по электротехнологическим установками остальные",58000.0,145.0,35.0,119.0,30.0,https://vuzopedia.ru/program/bakispec/10418
897,Системы автоматического управления беспилотными аппаратами,27.03.04,Управление в технических системах,"Авиаконструктор, Авиаинженер (авиационный инженер), Инженер по системам автоматического управления летательных аппаратови остальные",173800.0,221.0,20.0,140.0,4.0,https://vuzopedia.ru/program/bakispec/10416
898,Электропривод и средства автоматизации,13.03.02,Электроэнергетика и электротехника,"Инженер-электрик, Энергодиспетчер (диспетчер энергостанций/энергосистем), Инженер КИПиАи остальные",173800.0,193.0,17.0,141.0,2.0,https://vuzopedia.ru/program/bakispec/10415
899,Электрическое и электронное оборудование автомобилей и тракторов,13.03.02,Электроэнергетика и электротехника,"Инженер, Инженер-энергетик, Автомеханики остальные",173800.0,193.0,15.0,141.0,2.0,https://vuzopedia.ru/program/bakispec/10411
900,Проектирование и производство судов,26.03.02,"Кораблестроение, океанотехника и системотехника объектов морской инфраструктуры","Инженер-конструктор, Инженер-кораблестроитель, Инженер-проектировщики остальные",206200.0,182.0,15.0,176.0,8.0,https://vuzopedia.ru/program/bakispec/10407
901,Цифровое проектирование в самолетостроении,24.03.04,Авиастроение,"Авиаконструктор, Инженер-конструктор, Инженер-конструктор по динамике полета и управлению летательным аппаратоми остальные",206200.0,235.0,22.0,134.0,7.0,https://vuzopedia.ru/program/bakispec/10403
902,"Калмыцкий язык и литература, китайский язык",44.03.05,Педагогическое образование (с двумя профилями подготовки),"Педагог, Учитель, Преподаватель лингвистикии остальные",123937.0,118.0,24.0,115.0,1.0,https://vuzopedia.ru/program/bakispec/10400
903,Формообразующие технологии в машиностроении,15.03.05,Конструкторско-технологическое обеспечение машиностроительных производств,"Инженер-конструктор, Инженер-технолог, Инженер по металлургическим машинам и оборудованиюи остальные",173800.0,204.0,34.0,170.0,4.0,https://vuzopedia.ru/program/bakispec/10399
904,Дизайн и технология художественной обработки материалов,44.03.04,Профессиональное обучение (по отраслям),"Педагог, Учитель, Мастер профессионального обучения (техник, технолог, конструктор-модельер, дизайнер и др.)и остальные",123397.0,125.0,25.0,119.0,1.0,https://vuzopedia.ru/program/bakispec/10395
905,Зооинженеринг и IT-технологии в животноводстве,36.03.02,Зоотехния,"Зоотехник, Животновод, Оператор по искусственному осеменению животных и птицыи остальные",49136.0,118.0,82.0,135.0,61.0,https://vuzopedia.ru/program/bakispec/10391
906,Государственная служба и управление городом,38.03.04,Государственное и муниципальное управление,"Государственный служащий, Координатор программ развития сообществ, Модератор платформы общения с госорганамии остальные",348000.0,,,140.0,49.0,https://vuzopedia.ru/program/bakispec/10387
907,Технология и Дополнительное образование (техническое творчество и дизайн),44.03.05,Педагогическое образование (с двумя профилями подготовки),"Педагог, Учитель, Учитель ИЗОи остальные",44000.0,158.0,49.0,123.0,25.0,https://vuzopedia.ru/program/bakispec/10384
908,История и Организация воспитательной деятельности,44.03.05,Педагогическое образование (с двумя профилями подготовки),"Педагог, Методист в сфере образования, Учительи остальные",54000.0,191.0,35.0,132.0,20.0,https://vuzopedia.ru/program/bakispec/10383
909,Педагог профессионального образования (технологии производственных процессов и их безопасн..,44.03.04,Профессиональное обучение (по отраслям),"Педагог, Учитель, Мастер производственного обученияи остальные",54000.0,174.0,10.0,170.0,15.0,https://vuzopedia.ru/program/bakispec/10379
910,Аддитивные технологии,44.03.04,Профессиональное обучение (по отраслям),"Педагог, Учитель, Преподавательи остальные",58600.0,212.0,10.0,156.0,20.0,https://vuzopedia.ru/program/bakispec/10378
911,Правоприменительная деятельность в гражданско-правовой и уголовно-правовой сферах,40.03.01,Юриспруденция,"Инспектор уголовного розыска, Правозащитник, Патентоведи остальные",90000.0,1.0,,132.0,77.0,https://vuzopedia.ru/program/bakispec/10374
912,Управление банковским бизнесом,38.03.02,Менеджмент,"Банковский служащий, Предприниматель, Финансовый аналитик (специалист финансового анализа и моделирования)и остальные",315000.0,258.0,9.0,150.0,32.0,https://vuzopedia.ru/program/bakispec/10370
913,Менеджмент изменений,38.03.02,Менеджмент,"Инновационный менеджер, Менеджер, Менеджер по внутренним коммуникациями остальные",315000.0,258.0,3.0,150.0,27.0,https://vuzopedia.ru/program/bakispec/10366
914,Управление транспортными системами,23.03.01,Технология транспортных процессов,"Инженер по организации перевозок и управлению на транспорте, Фрахтовщик, Транспортный планировщики остальные",175000.0,20.0,,99.0,30.0,https://vuzopedia.ru/program/bakispec/10363
915,Статистика и управление данными,01.03.05,Статистика,"Аналитик данных, IT-специалист, ICO аналитики остальные",315000.0,,,124.0,17.0,https://vuzopedia.ru/program/bakispec/10359
916,Программирование и администрирование систем радиосвязи,11.03.02,Инфокоммуникационные технологии и системы связи,"Инженер-радиотехник, Системный администратор, Инженер связии остальные",100000.0,140.0,149.0,116.0,175.0,https://vuzopedia.ru/program/bakispec/10355
917,Программирование и администрирование сетей и систем связи,11.03.02,Инфокоммуникационные технологии и системы связи,"Инженер по спутниковым коммуникациям, Инженер по электромагнитной совместимости, Инженер связии остальные",90000.0,134.0,169.0,115.0,255.0,https://vuzopedia.ru/program/bakispec/10351
918,Управление цифровыми инновациями,09.03.03,Прикладная информатика,"Программист, Инженер по сопровождению программного обеспечения, Менеджер непрерывности бизнесаи остальные",190000.0,183.0,20.0,130.0,25.0,https://vuzopedia.ru/program/bakispec/10348
919,Политика и экономика стран Северо-Восточной Азии,58.03.01,Востоковедение и африканистика,"Политолог, Дипломат, Кореисти остальные",192500.0,,,160.0,30.0,https://vuzopedia.ru/program/bakispec/10347
920,Инвестиционно-строительный бизнес,38.03.01,Экономика,"Инженер по проектно-сметной документации, Инженер-экономист, Менеджер строительного проектаи остальные",192500.0,235.0,6.0,126.0,50.0,https://vuzopedia.ru/program/bakispec/10343
921,Организация строительного производства,08.03.01,Строительство,"Инженер по проектно-сметной документации, Инженер по техническому надзору, Инженер-проектировщики остальные",215800.0,,,124.0,30.0,https://vuzopedia.ru/program/bakispec/10339
922,Помощник руководителя в системе управления организацией,46.03.02,Документоведение и архивоведение,"Архивариус, Секретарь, Оператор персонального компьютера (ПК)и остальные",76300.0,174.0,10.0,143.0,50.0,https://vuzopedia.ru/program/bakispec/10336
923,Организация предпринимательской деятельности,44.03.04,Профессиональное обучение (по отраслям),"Педагог, Учитель, Мастер профессионального обучения (техник, технолог, конструктор-модельер, дизайнер и др.)и остальные",75000.0,,,121.0,10.0,https://vuzopedia.ru/program/bakispec/10332
924,Менеджмент и маркетинг,44.03.04,Профессиональное обучение (по отраслям),"Педагог, Учитель, Маркетологи остальные",75000.0,202.0,10.0,199.0,30.0,https://vuzopedia.ru/program/bakispec/10330
925,Налоги и бизнес в цифровой экономике,38.03.01,Экономика,"Налоговый бухгалтер (специалист по налогообложению), Налоговый инспектор, Налоговый консультанти остальные",65000.0,240.0,1.0,125.0,52.0,https://vuzopedia.ru/program/bakispec/10327
926,Международная торговля и таможенное дело в цифровой экономике,38.05.02,Таможенное дело,"Менеджер ВЭД, Менеджер по работе с таможней, Сюрвейери остальные",65000.0,,,128.0,58.0,https://vuzopedia.ru/program/bakispec/10323
927,Флористический дизайн,54.03.01,Дизайн,"Флорист, Дизайнер, Преподаватель дизайнаи остальные",,311.0,5.0,,,https://vuzopedia.ru/program/bakispec/10319
928,Культурный менеджмент и кураторство арт-проектами,51.03.01,Культурология,"Культорганизатор, Куратор мультимедийных выставок, Личный тьютор по эстетическому развитиюи остальные",,190.0,12.0,,,https://vuzopedia.ru/program/bakispec/10316
929,Арт-критика,50.03.04,Теория и история искусств,"Искусствовед, Личный тьютор по эстетическому развитию, Музееведи остальные",,215.0,5.0,,,https://vuzopedia.ru/program/bakispec/10315
930,"Педагог спортивно-бального танца, тренер",44.03.01,Педагогическое образование,"Педагог, Учитель, Спортивный тренери остальные",153755.0,285.0,6.0,205.0,6.0,https://vuzopedia.ru/program/bakispec/10312
931,Лечебно-диагностический профиль,34.03.01,Сестринское дело,"Медицинская сестра (медсестра), Медицинская сестра по массажу, Младшая медицинская сестра по уходу за больнымии остальные",80500.0,,,131.0,25.0,https://vuzopedia.ru/program/bakispec/10311
932,Финансы и управление активами,38.03.01,Экономика,"Финансист, Бухгалтер-экономист, Private equity analystи остальные",80500.0,,,137.0,100.0,https://vuzopedia.ru/program/bakispec/10308
933,Корабельные и судовые энергетические установки,26.05.02,"Проектирование, изготовление и ремонт энергетических установок и систем автоматизации кораблей и судов","Инженер-энергетик, Инженер по электроприводу, Инженер по энергетическому машиностроениюи остальные",427900.0,185.0,24.0,133.0,4.0,https://vuzopedia.ru/program/bakispec/10306
934,Интеллектуальное управление морскими беспилотными системами,27.03.04,Управление в технических системах,"Инженер по приборам ориентации, навигации и стабилизации летательных аппаратов, Инженер-электроник бортовых комплексов управления, Инженер-системотехники остальные",266200.0,199.0,44.0,129.0,20.0,https://vuzopedia.ru/program/bakispec/10303
935,Оборудование и технология сварочного производства (программа подготовки инженеров-сварщико..,15.03.01,Машиностроение,"Инженер, Инженер-технолог, Инженер по сваркеи остальные",266200.0,224.0,14.0,119.0,15.0,https://vuzopedia.ru/program/bakispec/10300
936,Морская добыча и подготовка к транспортировке нефти и газа,13.03.03,Энергетическое машиностроение,"Инженер, Дефектоскопист нефтепроводов, Инженер по энергетическому машиностроениюи остальные",266200.0,188.0,25.0,119.0,10.0,https://vuzopedia.ru/program/bakispec/10299
937,Программно-аппаратные комплексы управления и обработки информации,09.03.01,Информатика и вычислительная техника,"Программист, Системный администратор, Администратор сайтаи остальные",266200.0,224.0,33.0,134.0,10.0,https://vuzopedia.ru/program/bakispec/10298
938,Искусственный интеллект и цифровые технологии в промышленности,09.03.01,Информатика и вычислительная техника,"Аналитик компьютерных систем, Разработчик нейронных сетей, Intelligent Systems Developer (разработчик интеллектуальных систем)и остальные",266200.0,224.0,29.0,134.0,10.0,https://vuzopedia.ru/program/bakispec/10294
939,Программное обеспечение интеллектуальных компьютерных и встраиваемых систем,09.03.01,Информатика и вычислительная техника,"Программист, Администратор баз данных, Инженер по сопровождению программного обеспеченияи остальные",266200.0,224.0,29.0,134.0,10.0,https://vuzopedia.ru/program/bakispec/10291
940,Технологии материалов микроэлектроники,22.03.01,Материаловедение и технологии материалов,"Инженер-технолог, Инженер по наноэлектронике, Наноинженери остальные",348000.0,203.0,25.0,138.0,5.0,https://vuzopedia.ru/program/bakispec/10287
941,Конструирование и производство технологического оборудования для производства электронной ..,11.03.03,Конструирование и технология электронных средств,"Инженер-конструктор, Инженер-технолог, Инженер-схемотехники остальные",,215.0,25.0,,,https://vuzopedia.ru/program/bakispec/10283
942,Графический дизайн и мультимедиа,54.03.01,Дизайн,"Web-дизайнер, Графический дизайнер, Креативный директори остальные",,18.0,,120.0,10.0,https://vuzopedia.ru/program/bakispec/10280
943,Благоустройство городских и сельских территорий,08.03.01,Строительство,"Архитектор ландшафтов, Архитектор-градостроитель, Ландшафтный дизайнери остальные",,143.0,20.0,,,https://vuzopedia.ru/program/bakispec/10279
944,Педагог-хореограф,52.03.02,Хореографическое исполнительство,"Танцор, Руководитель художественной студии, Преподавательи остальные",293055.0,,,122.0,25.0,https://vuzopedia.ru/program/bakispec/10275
945,Кадровое делопроизводство,46.03.02,Документоведение и архивоведение,"Архивариус, Делопроизводитель, Специалист по кадрами остальные",147192.0,,,119.0,20.0,https://vuzopedia.ru/program/bakispec/10272
946,Перевод и переводоведение (английский язык и немецкий/испанский/французский/китайский/араб..,45.03.02,Лингвистика,"Переводчик французского языка, Переводчик китайского языка, Переводчик немецкого языкаи остальные",147192.0,6.0,,124.0,90.0,https://vuzopedia.ru/program/bakispec/10270
947,Филологическое обеспечение права,45.03.01,Филология,"Лингвист, Лингвокриминалист, Лингвист-исследовательи остальные",147192.0,,,141.0,14.0,https://vuzopedia.ru/program/bakispec/10267
948,"Иностранный язык (английский) и Иностранный язык (немецкий или французский, или китайский)",44.03.05,Педагогическое образование (с двумя профилями подготовки),"Педагог, Учитель, Преподаватель лингвистикии остальные",147192.0,211.0,50.0,140.0,50.0,https://vuzopedia.ru/program/bakispec/10263
949,Психолого-педагогическое консультирование и медиация,44.03.02,Психолого-педагогическое образование,"Педагог, Психолог, Педагог-психологи остальные",147192.0,198.0,15.0,127.0,15.0,https://vuzopedia.ru/program/bakispec/10259
950,Детская практическая психология и консультативная работа с семьей,44.03.02,Психолого-педагогическое образование,"Педагог, Психолог, Педагог-психологи остальные",147192.0,178.0,67.0,147.0,51.0,https://vuzopedia.ru/program/bakispec/10258
951,Социальная работа в организациях различных сфер деятельности,39.03.02,Социальная работа,"Валеолог, Модератор платформы персональных благотворительных программ, Медиатор социальных конфликтови остальные",66210.0,,,133.0,15.0,https://vuzopedia.ru/program/bakispec/10256
952,Арт-менеджмент,38.03.02,Менеджмент,"Арт-директор, Куратор мультимедийных выставок, Менеджер социально-культурной деятельностии остальные",147192.0,,,123.0,20.0,https://vuzopedia.ru/program/bakispec/10255
953,Мировая торговля,38.03.02,Менеджмент,"Торговый агент, Коммерческий агент, Менеджер по работе с клиентамии остальные",147192.0,,,124.0,25.0,https://vuzopedia.ru/program/bakispec/10252
954,Геодезическое обеспечение строительного надзора и экспертиз,21.05.01,Прикладная геодезия,"Геодезист, Инженер городского кадастра, Кадастровый инженери остальные",79796.0,152.0,15.0,139.0,35.0,https://vuzopedia.ru/program/bakispec/10250
955,Публичная политика в социально-экономической сфере,41.03.06,Публичная политика и социальные науки,"Digital-стратег, GR-менеджер, PR-менеджери остальные",140000.0,217.0,5.0,145.0,15.0,https://vuzopedia.ru/program/bakispec/10247
956,Технология деревоперерабатывающих производств,35.03.02,Технология лесозаготовительных и деревоперерабатывающих производств,"Инженер-композитчик, Дизайнер мебели, Инженер-строительи остальные",48000.0,103.0,77.0,99.0,20.0,https://vuzopedia.ru/program/bakispec/10246
957,Цифровизация технического регулирования и метрологии,27.03.02,Управление качеством,"Метролог, Инженер по метрологии, Инженер по стандартизации, метрологии и сертификациии остальные",158800.0,180.0,11.0,177.0,5.0,https://vuzopedia.ru/program/bakispec/10243
958,"Машинное обучение, методы оптимизации и прогнозирование",01.05.01,Фундаментальная математика и механика,"Инженер-исследователь, Математик, Специалист по машинному обучениюи остальные",170000.0,209.0,9.0,138.0,7.0,https://vuzopedia.ru/program/bakispec/10240
959,Сертификация и менеджмент качества,27.03.02,Управление качеством,"Тестировщик, QA-инженер, Инженер по стандартизации, метрологии и сертификации, Инженер по техническому надзоруи остальные",158800.0,180.0,10.0,177.0,5.0,https://vuzopedia.ru/program/bakispec/10239
960,Материаловедение и технологии конструкционных и специальных материалов,22.03.01,Материаловедение и технологии материалов,"Инженер-технолог, Инженер-металловед, Конструктор новых металлических сплавови остальные",158800.0,167.0,17.0,119.0,5.0,https://vuzopedia.ru/program/bakispec/10235
961,Рациональное использование материальных и энергетических ресурсов в химической технологии ..,18.03.02,"Энерго- и ресурсосберегающие процессы в химической технологии, нефтехимии и биотехнологии","Специалист по энергоэффективности и энергосбережению, Эксперт-эколог, Химики остальные",158800.0,150.0,32.0,118.0,10.0,https://vuzopedia.ru/program/bakispec/10232
962,Информационные биотехнические системы и технологии,09.03.02,Информационные системы и технологии,"Аналитик компьютерных систем, Аналитик данных, IT-специалисти остальные",,163.0,20.0,,,https://vuzopedia.ru/program/bakispec/10231
963,Интеллектуальные системы,09.03.01,Информатика и вычислительная техника,"Программист, Аналитик компьютерных систем, Администратор баз данныхи остальные",50000.0,167.0,39.0,132.0,80.0,https://vuzopedia.ru/program/bakispec/10227
964,Электроснабжение и механизация строительства,08.03.01,Строительство,"Инженер по механизации и автоматизации строительства, Инженер по оборудованию, Инженер по эксплуатациии остальные",,170.0,25.0,,,https://vuzopedia.ru/program/bakispec/10224
965,Техническая эксплуатация объектов жилищно-коммунального комплекса,08.03.01,Строительство,"Инженер по проектно-сметной документации, Инженер по эксплуатации, Инженер-строительи остальные",158800.0,170.0,21.0,125.0,25.0,https://vuzopedia.ru/program/bakispec/10222
966,Автомобили и автомобильное хозяйство,23.03.01,Технология транспортных процессов,"Автомеханик, Автооценщик, Инженер по обслуживанию транспортаи остальные",181500.0,131.0,25.0,130.0,5.0,https://vuzopedia.ru/program/bakispec/10219
967,Менеджмент производственных систем в машиностроении,15.03.01,Машиностроение,"Инженер по оборудованию, Инженер-машиностроитель, Менеджери остальные",181500.0,205.0,25.0,121.0,5.0,https://vuzopedia.ru/program/bakispec/10216
968,Экономика и аналитика интеллектуального бизнеса,09.03.02,Информационные системы и технологии,"Аналитик данных, Информатик (специалист по информационным технологиям), IT-специалисти остальные",168000.0,237.0,25.0,177.0,15.0,https://vuzopedia.ru/program/bakispec/10214
969,Разработка месторождений полезных ископаемых открытым или подземным способом,21.05.04,Горное дело,"Горный мастер, Горный инженер-обогатитель, Горный инженери остальные",189850.0,182.0,12.0,153.0,2.0,https://vuzopedia.ru/program/bakispec/10211
970,Горнопромышленная геология и гидрогеология,21.05.02,Прикладная геология,"Геммолог, Геолог, Инженер-геологи остальные",189850.0,182.0,11.0,153.0,2.0,https://vuzopedia.ru/program/bakispec/10208
971,Международная логистика,38.05.02,Таможенное дело,"Логист, Менеджер по работе с таможней, Сюрвейери остальные",60000.0,,,129.0,64.0,https://vuzopedia.ru/program/bakispec/10207
972,Психологическое обеспечение в чрезвычайных и экстремальных ситуациях,37.05.01,Клиническая психология,"Психолог, Специалист по психологическому обеспечению в чрезвычайной ситуациии остальные",139960.0,167.0,36.0,129.0,35.0,https://vuzopedia.ru/program/bakispec/10203
973,Теологические и правовые основы национальной безопасности,48.03.01,Теология,"Теолог, Специалист по вопросам межнациональных и межконфессиональных отношенийи остальные",139960.0,159.0,19.0,153.0,6.0,https://vuzopedia.ru/program/bakispec/10202
974,Практическая философия: инжиниринг нейросетей,47.03.01,Философия,"Философ, Философ, научный сотрудник, Специалист по этике, моралисти остальные",139960.0,138.0,25.0,115.0,3.0,https://vuzopedia.ru/program/bakispec/10198
975,Интернет-СМИ и периодическая печать,42.03.02,Журналистика,"Журналист, Медиа-менеджер, Дата-журналисти остальные",139960.0,233.0,4.0,143.0,6.0,https://vuzopedia.ru/program/bakispec/10196
976,"Психосоциальная работа, реабилитация и консультирование",39.03.02,Социальная работа,"Психолог, Социальный педагог, Специалист по социальной работеи остальные",139960.0,166.0,31.0,150.0,2.0,https://vuzopedia.ru/program/bakispec/10194
977,Искусственный интеллект и аналитика бизнес-процессов,09.03.03,Прикладная информатика,"Аналитик данных, Информатик-технолог, Intelligent Systems Developer (разработчик интеллектуальных систем)и остальные",38000.0,150.0,119.0,146.0,53.0,https://vuzopedia.ru/program/bakispec/10191
978,Информационные системы и технологии в робототехнике и автоматизации,09.03.02,Информационные системы и технологии,"Учитель информатики и вычислительной техники, Информатик-технолог, IT-специалисти остальные",158720.0,150.0,31.0,146.0,5.0,https://vuzopedia.ru/program/bakispec/10187
979,Языковые технологии (английский язык/немецкий язык),45.03.03,Фундаментальная и прикладная лингвистика,"Переводчик немецкого языка, Переводчик английского языка, Цифровой лингвисти остальные",139960.0,119.0,18.0,110.0,5.0,https://vuzopedia.ru/program/bakispec/10183
980,Дошкольное образование и Детская психология,44.03.05,Педагогическое образование (с двумя профилями подготовки),"Воспитатель детского сада, Педагог, Учительи остальные",51000.0,187.0,46.0,143.0,23.0,https://vuzopedia.ru/program/bakispec/10180
981,"Иностранный язык (первый, второй)",44.03.05,Педагогическое образование (с двумя профилями подготовки),"Педагог, Учитель, Преподаватель лингвистикии остальные",139960.0,141.0,35.0,115.0,15.0,https://vuzopedia.ru/program/bakispec/10178
982,География и Информатика,44.03.05,Педагогическое образование (с двумя профилями подготовки),"Педагог, Географ, Учительи остальные",139960.0,141.0,26.0,115.0,13.0,https://vuzopedia.ru/program/bakispec/10174
983,Изобразительное искусство. Черчение и Компьютерная графика,44.03.05,Педагогическое образование (с двумя профилями подготовки),"Учитель, Учитель ИЗО, Личный тьютор по эстетическому развитиюи остальные",139960.0,141.0,26.0,115.0,13.0,https://vuzopedia.ru/program/bakispec/10171
984,Физика и Образовательный менеджмент,44.03.05,Педагогическое образование (с двумя профилями подготовки),"Педагог, Учитель, Координатор образовательной онлайн-платформыи остальные",154700.0,140.0,20.0,123.0,5.0,https://vuzopedia.ru/program/bakispec/10170
985,Обществознание и Организация воспитательной деятельности,44.03.05,Педагогическое образование (с двумя профилями подготовки),"Педагог, Учитель, Директор по воспитательной работеи остальные",154700.0,195.0,15.0,152.0,40.0,https://vuzopedia.ru/program/bakispec/10166
986,Начальное образование и Филологическое образование,44.03.05,Педагогическое образование (с двумя профилями подготовки),"Педагог, Учитель, Учитель начальных классов и начальных классов компенсирующего и коррекционно-развивающего образованияи остальные",72500.0,228.0,15.0,148.0,20.0,https://vuzopedia.ru/program/bakispec/10163
987,Педагогика профессионального образования,44.03.04,Профессиональное обучение (по отраслям),"Педагог, Учитель, Мастер производственного обученияи остальные",75000.0,255.0,15.0,157.0,10.0,https://vuzopedia.ru/program/bakispec/10159
988,Реклама и связи с общественностью в межкультурных коммуникациях (русский и английский язык),42.03.01,Реклама и связи с общественностью,"Digital-стратег, Web-дизайнер, GR-менеджери остальные",75000.0,,,64.0,100.0,https://vuzopedia.ru/program/bakispec/10158
989,Бизнес-психология и коучинг в управлении персоналом,38.03.03,Управление персоналом,"Бизнес-тренер, Специалист по кадрам, Коучи остальные",85000.0,,,95.0,100.0,https://vuzopedia.ru/program/bakispec/10155
990,Менеджмент в креативных индустриях,38.03.02,Менеджмент,"Арт-директор, Event-менеджер, Координатор программ развития сообществи остальные",85000.0,241.0,20.0,76.0,114.0,https://vuzopedia.ru/program/bakispec/10151
991,Гастрономический менеджмент,19.03.04,Технология продукции и организация общественного питания,"Ресторатор, Технолог общественного питания, Инженер пищевой промышленностии остальные",59150.0,,,119.0,25.0,https://vuzopedia.ru/program/bakispec/10148
992,"Начальное образование, Методика воспитательной деятельности",44.03.05,Педагогическое образование (с двумя профилями подготовки),"Педагог, Методист в сфере образования, Учительи остальные",131440.0,157.0,24.0,154.0,7.0,https://vuzopedia.ru/program/bakispec/10147
993,Коммуникативные стратегии в образовании,44.03.01,Педагогическое образование,"Педагог, Методист в сфере образования, Учительи остальные",193000.0,203.0,25.0,121.0,50.0,https://vuzopedia.ru/program/bakispec/10144
994,Гибридные силовые установки и электромобили,23.03.03,Эксплуатация транспортно-технологических машин и комплексов,"Инженер по электрооборудованию автомобилей, Инженер-конструктор автомобилей, Мастер по ремонту автомобилей (автослесарь)и остальные",79500.0,15.0,,119.0,16.0,https://vuzopedia.ru/program/bakispec/10142
995,Экономическая безопасность и экспертиза деятельности хозяйствующих субъектов,38.05.01,Экономическая безопасность,"Специалист по экономической безопасности, Специалист по безопасности, Специалист комплаенс-контроляи остальные",72000.0,,,116.0,39.0,https://vuzopedia.ru/program/bakispec/10138
996,Иммерсивные технологии в музейно-экскурсионной деятельности,51.03.04,Музеология и охрана объектов культурного и природного наследия,"Музейный работник, Музеевед, Экскурсоводи остальные",,141.0,16.0,,,https://vuzopedia.ru/program/bakispec/10135
997,Технологии промышленного и прикладного садоводства,35.03.05,Садоводство,"Флорист, Садовод, Работник зеленого хозяйстваи остальные",148100.0,125.0,20.0,99.0,10.0,https://vuzopedia.ru/program/bakispec/10131
998,Электрооборудование и автоматика судов,26.03.02,"Кораблестроение, океанотехника и системотехника объектов морской инфраструктуры","Инженер автоматики и телемеханики, Инженер-кораблестроитель, Электромонтер по ремонту и обслуживанию электрооборудованияи остальные",,131.0,20.0,,,https://vuzopedia.ru/program/bakispec/10127
999,Разработка и управление цифровыми продуктами,09.03.04,Программная инженерия,"Инженер, Программист, IT-специалисти остальные",292000.0,207.0,25.0,147.0,2.0,https://vuzopedia.ru/program/bakispec/10123
1000,Материаловедение и дизайн новых материалов,22.03.01,Материаловедение и технологии материалов,"Инженер-исследователь, Инженер-композитчик, Химик-разработчик, технолог по продуктуи остальные",,150.0,10.0,,,https://vuzopedia.ru/program/bakispec/10120
