id,name,code,sphere,career_prospects,cost,min_budget_score,budget_places,min_paid_score,paid_places,url
1,Государственное и общественное управление в сфере физической культуры и спорта,49.04.01,Физическая культура,"Государственный служащий, Специалист государственного и муниципального управления, Руководительи остальные",58900.0,21.0,,40.0,20.0,https://vuzopedia.ru/program/magistratura/13451
2,Религиозная философия,47.04.01,Философия,"Религиовед, Философ, Философ, научный сотрудники остальные",175000.0,,,60.0,20.0,https://vuzopedia.ru/program/magistratura/13447
3,Математическое и программное обеспечение цифровых радиотехнических систем и комплексов,01.04.02,Прикладная математика и информатика,"Программист, Инженер по сопровождению программного обеспечения, Инженер-разработчик аппаратного обеспеченияи остальные",143200.0,,,30.0,20.0,https://vuzopedia.ru/program/magistratura/13443
4,Управление воспитательными системами и психология лидерства,44.04.02,Психолого-педагогическое образование,"Психолог, Педагог-психолог, Директор по воспитательной работеи остальные",172000.0,14.0,,30.0,16.0,https://vuzopedia.ru/program/magistratura/13439
5,Актерское мастерство,52.04.01,Хореографическое искусство,"Актер, Актёр драматического театра, Актер музыкального театраи остальные",220000.0,,,55.0,30.0,https://vuzopedia.ru/program/magistratura/13436
6,Банковский менеджмент и управление рисками,38.04.08,Финансы и кредит,"Банковский служащий, Финансовый менеджер, Специалист банковского делаи остальные",210000.0,,,55.0,60.0,https://vuzopedia.ru/program/magistratura/13432
7,Инструментальные методы и модели в цифровой экономике,38.04.01,Экономика,"Бухгалтер-экономист, Инженер-экономист, Экономист-кибернетики остальные",210000.0,,,55.0,60.0,https://vuzopedia.ru/program/magistratura/13428
8,Цифровое развитие государственного управления,38.04.04,Государственное и муниципальное управление,"Государственный служащий, Информатик (специалист по информационным технологиям), Специалист государственного и муниципального управленияи остальные",210000.0,,,55.0,250.0,https://vuzopedia.ru/program/magistratura/13424
9,Технологическое предпринимательство и управление инновационным бизнесом,38.04.02,Менеджмент,"Инновационный менеджер, Предприниматель, Эксперт в области науки, технологий и инновацийи остальные",210000.0,,,55.0,50.0,https://vuzopedia.ru/program/magistratura/13420
10,Продюсирование игровых проектов,38.04.02,Менеджмент,"Спортивный тренер, Менеджер киберспорта, Продюсери остальные",210000.0,,,55.0,60.0,https://vuzopedia.ru/program/magistratura/13416
11,Менеджмент в киберспорте и фиджитал-спорте,38.04.02,Менеджмент,"Менеджер киберспорта, Менеджер, Тренинг-менеджери остальные",210000.0,,,55.0,60.0,https://vuzopedia.ru/program/magistratura/13412
12,Управление сестринской деятельностью,38.04.02,Менеджмент,"R&D менеджер здравоохранения, Менеджер в сфере здравоохранения, Руководительи остальные",210000.0,,,55.0,120.0,https://vuzopedia.ru/program/magistratura/13408
13,Управление спортивной организацией,49.04.03,Спорт,"Спортивный менеджер, Руководитель некоммерческой организации(НКО), Руководительи остальные",210000.0,,,55.0,90.0,https://vuzopedia.ru/program/magistratura/13404
14,Корпоративная логистика,38.04.02,Менеджмент,"Логист, Менеджер непрерывности бизнеса, Операционный логисти остальные",210000.0,,,55.0,60.0,https://vuzopedia.ru/program/magistratura/13400
15,Логистическая аналитика,38.04.02,Менеджмент,"Аналитик данных, Логист, Операционный логисти остальные",210000.0,,,55.0,60.0,https://vuzopedia.ru/program/magistratura/13396
16,"Коммуникационный менеджмент, PR и управление сообществами",38.04.02,Менеджмент,"PR-менеджер, Менеджер, Специалист по медиакоммуникациями остальные",210000.0,,,55.0,60.0,https://vuzopedia.ru/program/magistratura/13392
17,Авторская и коммерческая анимация,54.04.01,Дизайн,"Аниматор, 3D-аниматор, Художник-аниматори остальные",220000.0,,,55.0,120.0,https://vuzopedia.ru/program/magistratura/13388
18,Цифровое продюсирование и медиадистрибуция,54.04.01,Дизайн,"Медиадизайнер, Дизайнер, Продюсери остальные",220000.0,,,55.0,90.0,https://vuzopedia.ru/program/magistratura/13384
19,Креативные индустрии и управление проектами,54.04.01,Дизайн,"Дизайнер эмоций, Креативный директор, Дизайнери остальные",220000.0,,,55.0,30.0,https://vuzopedia.ru/program/magistratura/13380
20,Нейродизайн интерфейсов и визуальных коммуникаций,54.04.01,Дизайн,"Дизайнер компьютерных программ, Дизайнер, Дизайнер интерфейсови остальные",220000.0,,,55.0,30.0,https://vuzopedia.ru/program/magistratura/13376
21,Биодизайн и природа материалов,54.04.01,Дизайн,"Биоинформатик, Дизайнер, Дизайнер-конструктори остальные",220000.0,,,55.0,30.0,https://vuzopedia.ru/program/magistratura/13372
22,Продуктовый дизайн,54.04.01,Дизайн,"Бренд-дизайнер, Дизайнер упаковки, Дизайнери остальные",220000.0,,,55.0,30.0,https://vuzopedia.ru/program/magistratura/13368
23,Интерактивный дизайн и медиаискусство,54.04.01,Дизайн,"Web-дизайнер, Бренд-дизайнер, Дизайнери остальные",220000.0,,,55.0,30.0,https://vuzopedia.ru/program/magistratura/13364
24,"Управление цифровыми проектами, продуктами и инновациями",09.04.03,Прикладная информатика,"Инновационный менеджер, Менеджер проекта, Руководитель разработки программного обеспеченияи остальные",220000.0,,,55.0,350.0,https://vuzopedia.ru/program/magistratura/13360
25,Цифровая экономика и искусственный интеллект,38.04.01,Экономика,"Инженер-экономист, Специалист по искусственному интеллекту, Экономист-кибернетики остальные",210000.0,,,55.0,500.0,https://vuzopedia.ru/program/magistratura/13356
26,Экономика и организация высокотехнологичных производств,38.04.01,Экономика,"Бухгалтер-экономист, Инженер-экономист, Экономист-кибернетики остальные",90000.0,,,24.0,10.0,https://vuzopedia.ru/program/magistratura/13353
27,Междисциплинарный подход в преподавании русского как иностранного: язык для специальных це..,44.04.01,Педагогическое образование,"Филолог-русист (русист), Учитель русского языка и литературы, Преподаватель русского языка как иностранногои остальные",306000.0,,,40.0,15.0,https://vuzopedia.ru/program/magistratura/13352
28,ART-менеджмент и продюсирование,44.04.01,Педагогическое образование,"Продюсер исполнительских искусств, Продюсер, Театральный менеджер, театральный продюсер, заведующий труппойи остальные",170000.0,,,40.0,17.0,https://vuzopedia.ru/program/magistratura/13348
29,Экранные технологии и управление медиабизнесом,42.04.04,Телевидение,"Медиа-менеджер, Специалист по бизнес-планированию и разработке бизнес-планов, Специалист по медиакоммуникациям (масс-медиа)и остальные",306000.0,15.0,,40.0,10.0,https://vuzopedia.ru/program/magistratura/13340
30,"Устойчивые проекты онлайн-образования: ИИ-технологии, финансы, управление",38.04.02,Менеджмент,"Педагог, Координатор образовательной онлайн-платформы, Продюсер онлайн-курсови остальные",340000.0,,,40.0,12.0,https://vuzopedia.ru/program/magistratura/13336
31,Цифровая трансформация бизнеса: экономика и информационные технологии,38.04.01,Экономика,"Инженер-экономист, Информатик (специалист по информационным технологиям), Руководитель по цифровой трансформации (CDO – Chief Data Officer)и остальные",262800.0,,,40.0,15.0,https://vuzopedia.ru/program/magistratura/13332
32,Инновационные методы конструирования и технологии изделий из кожи,29.04.05,Конструирование изделий легкой промышленности,"Технолог швейных изделий, Технолог текстильного производства, Технолог (инженер-технолог) трикотажного производстваи остальные",374000.0,6.0,,40.0,8.0,https://vuzopedia.ru/program/magistratura/13328
33,Цифровые технологии в художественной обработке материалов и ювелирном искусстве,29.04.04,Технология художественной обработки материалов,"Ювелир, Инженер-технолог художественной обработки металлов, Информатик (специалист по информационным технологиям)и остальные",306000.0,10.0,,40.0,7.0,https://vuzopedia.ru/program/magistratura/13324
34,Управление качеством изделий текстильной и легкой промышленности,29.04.02,Технология и проектирование текстильных изделий,"Технолог швейных изделий, Технолог текстильного производства, Технолог лёгкой промышленностии остальные",374000.0,7.0,,40.0,5.0,https://vuzopedia.ru/program/magistratura/13320
35,Инновационные методы технологии и конструирования изделий из кожи,29.04.01,Технология изделий легкой промышленности,"Модельер-конструктор одежды, Технолог швейных изделий, Технолог-конструктори остальные",374000.0,6.0,,40.0,7.0,https://vuzopedia.ru/program/magistratura/13316
36,Сертификация и экспертиза изделий текстильной и легкой промышленности,27.04.01,Стандартизация и метрология,"Контролер качества текстильных изделий, Технолог текстильного производства, Специалист по стандартизации и сертификации продукциии остальные",306000.0,5.0,,40.0,7.0,https://vuzopedia.ru/program/magistratura/13312
37,Интеллектуальные технологии в системах автоматизации и робототехнике,15.04.04,Автоматизация технологических процессов и производств,"Инженер по автоматизации и механизации, Специалист по интегрированным интеллектуальным робототехническим комплексам, Разработчик интеллектуальных систем управления динамической диспетчеризациейи остальные",306000.0,7.0,,40.0,10.0,https://vuzopedia.ru/program/magistratura/13308
38,Цифровая трансформация бизнеса: информационные технологии и экономика,09.04.02,Информационные системы и технологии,"Информатик-технолог, Информатик (специалист по информационным технологиям), Руководитель по цифровой трансформации (CDO – Chief Data Officer)и остальные",374000.0,6.0,,40.0,12.0,https://vuzopedia.ru/program/magistratura/13304
39,"Устойчивые продукты онлайн-образования: ИИ-технологии, финансы, управление",09.04.02,Информационные системы и технологии,"Специалист по искусственному интеллекту, Специалист по информационным технологиям в образовании, Проектировщик индивидуальных траекторий (разработчик образовательных траекторий)и остальные",374000.0,6.0,,40.0,14.0,https://vuzopedia.ru/program/magistratura/13300
40,Дизайн систем управления на основе искусственного интеллекта,09.04.01,Информатика и вычислительная техника,"Дизайнер компьютерных программ, Специалист по искусственному интеллекту, Техник по информационным системами остальные",306000.0,7.0,,40.0,7.0,https://vuzopedia.ru/program/magistratura/13296
41,Судебная защита прав и законных интересов,40.04.01,Юриспруденция,"Юрист по земельно-имущественным отношениям, Юрист по трудовому праву, Юристи остальные",,2.0,,,,https://vuzopedia.ru/program/magistratura/13293
42,Правовые основы государственного и муниципального управления,40.04.01,Юриспруденция,"Корпоративный юрист, Специалист государственного и муниципального управления, Юрист по земельно-имущественным отношениями остальные",,1.0,,,,https://vuzopedia.ru/program/magistratura/13289
43,Русский язык в поликультурном пространстве,45.04.01,Филология,"Лингвист-исследователь, Филолог-русист (русист), Учитель русского языка и литературыи остальные",131000.0,,,15.0,10.0,https://vuzopedia.ru/program/magistratura/13285
44,Магистр прикладной юриспруденции,40.04.01,Юриспруденция,"Корпоративный юрист, Юрист по трудовому праву, Юристи остальные",65000.0,2.0,,15.0,18.0,https://vuzopedia.ru/program/magistratura/13281
45,Экологический инжиниринг и менеджмент,05.04.06,Экология и природопользование,"Менеджер-эколог, Эксперт-эколог, Инженер-экологи остальные",120000.0,,,15.0,20.0,https://vuzopedia.ru/program/magistratura/13277
46,Профориентология и профессиональная ориентация,44.04.01,Педагогическое образование,"Педагог, Социальный педагог, Профориентологи остальные",126000.0,10.0,,50.0,10.0,https://vuzopedia.ru/program/magistratura/13274
47,Руководство образовательной деятельностью,44.04.01,Педагогическое образование,"Педагог, Руководитель, Руководитель в сфере образованияи остальные",126000.0,5.0,,50.0,10.0,https://vuzopedia.ru/program/magistratura/13270
48,Управление в воспитании и дополнительном образовании,44.04.01,Педагогическое образование,"Директор по воспитательной работе, Педагог дополнительного образования, Специалист по управлению в учреждениях дополнительного образованияи остальные",126000.0,5.0,,50.0,10.0,https://vuzopedia.ru/program/magistratura/13266
49,Безопасность образовательных организаций,44.04.01,Педагогическое образование,"Педагог, Инженер по охране труда и технике безопасности, Специалист по безопасностии остальные",126000.0,,,50.0,10.0,https://vuzopedia.ru/program/magistratura/13262
50,Географическое образование и этнографический туризм,44.04.01,Педагогическое образование,"Биогеограф, Географ, Этнографи остальные",290000.0,15.0,,50.0,10.0,https://vuzopedia.ru/program/magistratura/13258
51,Биоинформатика и анализ больших данных в экологическом мониторинге,06.04.01,Биология,"Биоинформатик, Инженер-эколог, Специалист-технолог в области экологических биотехнологийи остальные",221500.0,,,50.0,10.0,https://vuzopedia.ru/program/magistratura/13254
52,Нейродефектология в системе образования лиц с ограниченными возможностями здоровья,44.04.03,Специальное (дефектологическое) образование,"Дефектолог, Педагог-нейродефектолог, Учитель-дефектологи остальные",125000.0,,,50.0,10.0,https://vuzopedia.ru/program/magistratura/13250
53,Проектирование и экспертиза образовательных систем,44.04.01,Педагогическое образование,"Педагог, Педагог-организатор, Проектировщик индивидуальных траекторий (разработчик образовательных траекторий)и остальные",126000.0,,,50.0,10.0,https://vuzopedia.ru/program/magistratura/13246
54,Социальная психология личности: консультирование и психотерапия,37.04.01,Психология,"Психолог, Социальный психолог, Психолог-консультанти остальные",110000.0,,,50.0,10.0,https://vuzopedia.ru/program/magistratura/13242
55,Психология организаций и бизнеса,37.04.01,Психология,"Корпоративный психолог, Практический психолог, Психолог-консультанти остальные",110000.0,,,50.0,10.0,https://vuzopedia.ru/program/magistratura/13238
56,Криминалистика и уголовное судопроизводство,40.04.01,Юриспруденция,"Корпоративный юрист, Криминалист, Юристи остальные",126600.0,,,50.0,20.0,https://vuzopedia.ru/program/magistratura/13234
57,Цифровые инновации в области физико-математического образования,44.04.01,Педагогическое образование,"Учитель математики, Учитель математики и физики, Учитель физикии остальные",290000.0,,,50.0,10.0,https://vuzopedia.ru/program/magistratura/13230
58,Организация инновационных систем управления и производства,27.04.05,Инноватика,"Инновационный менеджер, Провизор-организатор, Эксперт в области науки, технологий и инновацийи остальные",,7.0,,,,https://vuzopedia.ru/program/magistratura/13226
59,Цифровой инжиниринг и интеллектуальные технологические комплексы,15.04.04,Автоматизация технологических процессов и производств,"Программист, Инженер по автоматизации и механизации, Информатик (специалист по информационным технологиям)и остальные",,10.0,,,,https://vuzopedia.ru/program/magistratura/13222
60,Управление воспитательной деятельностью в образовательной организации,44.04.01,Педагогическое образование,"Методист в сфере образования, Педагог-психолог, Директор по воспитательной работеи остальные",,8.0,,,,https://vuzopedia.ru/program/magistratura/13218
61,Цифровые технологии в прикладной геофизике / digital technologies in applied geophysics,09.04.02,Информационные системы и технологии,"Геофизик, Информатик-технолог, Информатик (специалист по информационным технологиям)и остальные",231800.0,8.0,,40.0,10.0,https://vuzopedia.ru/program/magistratura/13217
62,Геоэкологические исследования и инжиниринг / Environmental sciences and Engineering,05.04.06,Экология и природопользование,"Геоэколог, Инженер-эколог, Техник-экологи остальные",269500.0,5.0,,40.0,10.0,https://vuzopedia.ru/program/magistratura/13213
63,Проектный инжиниринг в нефтегазохимической отрасли,27.04.05,Инноватика,"Инженер по технологическому обеспечению работы нефтегазового промысла, Конструктор-проектировщик нефтегазового оборудования, Специалист по диспетчерско-технологическому управлению нефтегазовой отраслии остальные",265000.0,13.0,,40.0,5.0,https://vuzopedia.ru/program/magistratura/13209
64,Проектирование технологических процессов и оборудования нефтегазохимических производств,18.04.01,Химическая технология,"Нефтехимик, инженер-нефтехимик, Химик-разработчик, технолог по продукту, Инженер-химики остальные",231800.0,15.0,,40.0,5.0,https://vuzopedia.ru/program/magistratura/13205
65,Финансовые технологии в государственном секторе,38.04.08,Финансы и кредит,"Финансист, Финансовый менеджер, Финансовый консультанти остальные",60000.0,,,20.0,19.0,https://vuzopedia.ru/program/magistratura/13204
66,"Налогообложение, внутренний контроль и правовое обеспечение бизнеса",38.04.01,Экономика,"Налоговый бухгалтер (специалист по налогообложению), Бухгалтер-экономист, Налоговый консультанти остальные",60000.0,4.0,,30.0,22.0,https://vuzopedia.ru/program/magistratura/13200
67,"Администрирование экономики города и региона, Telegram",38.04.01,Экономика,"Инженер-экономист, Специалист государственного и муниципального управления, Экономисти остальные",60000.0,,,30.0,14.0,https://vuzopedia.ru/program/magistratura/13196
68,Филологическое образование в поликультурном пространстве (русский язык как иностранный),44.04.01,Педагогическое образование,"Филолог-русист (русист), Учитель русского языка и литературы, Преподаватель русского языка как иностранногои остальные",176660.0,8.0,,30.0,10.0,https://vuzopedia.ru/program/magistratura/13194
69,Коммуникационный консалтинг,42.04.05,Медиакоммуникации,"Консультант по электронному бизнесу, Медиа-консультант, Профконсультанти остальные",105000.0,,,30.0,15.0,https://vuzopedia.ru/program/magistratura/13191
70,Журналистика в условиях современных социокультурных медиапрактик,42.04.02,Журналистика,"Журналист, Арт-журналист, Научный журналисти остальные",105000.0,,,30.0,15.0,https://vuzopedia.ru/program/magistratura/13188
71,Социология социальных процессов и изменений,39.04.01,Социология,"Специалист по социальной работе, Социолог, Социальный инженери остальные",85000.0,,,30.0,15.0,https://vuzopedia.ru/program/magistratura/13185
72,Технологические системы атомных станций,14.04.01,Ядерная энергетика и теплофизика,"Монтажник оборудования атомных станций, Специалист по управлению проектами и программами в области производства электроэнергии атомными электростанциями, Специалист в области информационных технологий на атомных станцияхи остальные",120000.0,10.0,,35.0,10.0,https://vuzopedia.ru/program/magistratura/13182
73,Расчет и проектирование транспортных сооружений,08.04.01,Строительство,"Инженер-строитель, Инженер-строитель автомобильных дорог, Менеджер строительного проектаи остальные",162200.0,10.0,,35.0,15.0,https://vuzopedia.ru/program/magistratura/13179
74,Digital Linguistic Educational Content Design (Проектирование цифрового лингвистического о..,45.04.02,Лингвистика,Преподаватель лингвистикии остальные,216000.0,,,60.0,15.0,https://vuzopedia.ru/program/magistratura/13176
75,Русско-китайский перевод и межкультурная коммуникация,45.04.02,Лингвистика,"Переводчик китайского языка, Менеджер по межкультурной коммуникации, Переводчики остальные",216000.0,,,60.0,20.0,https://vuzopedia.ru/program/magistratura/13173
76,Аналитика и экспертиза в управлении,39.04.01,Социология,"Аналитик данных, Специалист по социальной работе, Социологи остальные",85000.0,13.0,,60.0,20.0,https://vuzopedia.ru/program/magistratura/13170
77,Медицинская и прикладная зоология,06.04.01,Биология,"Зоотехник, Зоолог, Зооинженери остальные",,9.0,,,,https://vuzopedia.ru/program/magistratura/13167
78,Прикладная информатика в инженерно-физических исследованиях,03.04.02,Физика,"Инженер информационной безопасности, Информатик (специалист по информационным технологиям), Специалист по прикладной информатикеи остальные",,6.0,,,,https://vuzopedia.ru/program/magistratura/13164
79,Арктическое право. Экологическое право. Право недропользования.,40.04.01,Юриспруденция,"Корпоративный юрист, Сетевой юрист, Юрист по морскому праву (морской юрист)и остальные",95000.0,,,50.0,20.0,https://vuzopedia.ru/program/magistratura/13161
80,Экономика замкнутого цикла северных территорий,38.04.01,Экономика,"Бухгалтер-экономист, Инженер-экономист, Специалист по экономической безопасностии остальные",332000.0,,,60.0,10.0,https://vuzopedia.ru/program/magistratura/13158
81,Образование лиц с интеллектуальными нарушениями,44.04.03,Специальное (дефектологическое) образование,"Педагог, Педагог инклюзивного образования, Педагог по работе с одаренными детьмии остальные",332000.0,9.0,,80.0,10.0,https://vuzopedia.ru/program/magistratura/13155
82,Психологопедагогическое сопровождение (тьюторство) семьи,44.04.02,Психолого-педагогическое образование,"Педагог-психолог, Семейный психолог, Социальный психологи остальные",332000.0,,,80.0,10.0,https://vuzopedia.ru/program/magistratura/13152
83,Фундаментальная и компьютерная лингвистика тюркских и монгольских языков,45.04.02,Лингвистика,"Компьютерный лингвист, Тюрколог, Преподаватель монгольского языкаи остальные",283500.0,9.0,,70.0,10.0,https://vuzopedia.ru/program/magistratura/13149
84,Математические основы искусственного интеллекта и математического моделирования,01.04.01,Математика,"Математик, Специалист по искусственному интеллекту, Специалист по математическому моделированиюи остальные",332000.0,8.0,,80.0,10.0,https://vuzopedia.ru/program/magistratura/13146
85,Управление бизнесом в пищевой отрасли,19.04.01,Биотехнология,"Инженер пищевой промышленности, Менеджер непрерывности бизнеса, Руководительи остальные",218400.0,35.0,,40.0,1.0,https://vuzopedia.ru/program/magistratura/13145
86,Технологии глубокой переработки возобновляемых и вторичных ресурсов,18.04.01,Химическая технология,"Инженер-технолог, Технолог по нефтепереработке, Техник-технологи остальные",,25.0,,,,https://vuzopedia.ru/program/magistratura/13130
87,"Медико-биологические аппараты, системы и комплексы",12.04.04,Биотехнические системы и технологии,"Биотехнолог, Биолог, Биолог-исследовательи остальные",,25.0,,,,https://vuzopedia.ru/program/magistratura/13127
88,Наноструктуированные натуральные и искусственные материалы,28.04.01,Нанотехнологии и микросистемная техника,"Наноинженер, Нанотехнолог, Проектировщик нанотехнологических материалов (наноматериалов)и остальные",,15.0,,,,https://vuzopedia.ru/program/magistratura/13124
89,Управление качеством в производственных системах,27.04.02,Управление качеством,"Инженер по управлению качеством, Инженер-технолог по качеству, Менеджер по качествуи остальные",215000.0,25.0,,40.0,5.0,https://vuzopedia.ru/program/magistratura/13121
90,Технология рециклинга в нефтегазохимии,18.04.01,Химическая технология,"Инженер по технологическому обеспечению работы нефтегазового промысла, Нефтехимик, инженер-нефтехимик, Химик-технологи остальные",,16.0,,,,https://vuzopedia.ru/program/magistratura/13120
91,Экономика данных и аналитика,01.04.05,Статистика,"Бухгалтер-экономист, Аналитик данных, Статистики остальные",218400.0,25.0,,40.0,1.0,https://vuzopedia.ru/program/magistratura/13117
92,Проектирование и моделирование нефтехимических процессов,18.04.01,Химическая технология,"Нефтехимик, инженер-нефтехимик, Химик-технолог, Инженер-химики остальные",180000.0,9.0,,30.0,5.0,https://vuzopedia.ru/program/magistratura/13114
93,Химическая технология и оборудование нефтехимических производств,18.04.01,Химическая технология,"Нефтехимик, инженер-нефтехимик, Химик-технолог, Технолог по нефтепереработкеи остальные",180000.0,9.0,,30.0,3.0,https://vuzopedia.ru/program/magistratura/13111
94,Искусственный интеллект в газопереработке и газохимии,18.04.01,Химическая технология,"Нефтехимик, инженер-нефтехимик, Химик-технолог, Специалист по искусственному интеллектуи остальные",180000.0,9.0,,30.0,5.0,https://vuzopedia.ru/program/magistratura/13108
95,Проектирование и эксплуатация энергетических объектов и систем,13.04.01,Теплоэнергетика и теплотехника,"Инженер-энергетик, Инженер-проектировщик, Инженер-теплоэнергетики остальные",160500.0,13.0,,30.0,10.0,https://vuzopedia.ru/program/magistratura/13105
96,Технологическое предпринимательство и инновационное развитие бизнеса,38.04.02,Менеджмент,"Инновационный менеджер, Предприниматель, Специалист по бизнес-планированию и разработке бизнес-планови остальные",160500.0,,,30.0,20.0,https://vuzopedia.ru/program/magistratura/13102
97,Цифровой мониторинг промышленного оборудования нефтегазовой отрасли,09.04.02,Информационные системы и технологии,"Инженер по технологическому обеспечению работы нефтегазового промысла, Информатик (специалист по информационным технологиям), Специалист по диспетчерско-технологическому управлению нефтегазовой отраслии остальные",160500.0,,,30.0,15.0,https://vuzopedia.ru/program/magistratura/13099
98,Архитектура интеллектуальных систем,09.04.01,Информатика и вычислительная техника,"Информатик (специалист по информационным технологиям), Intelligent Systems Developer (разработчик интеллектуальных систем), Специалист по интегрированным интеллектуальным робототехническим комплексами остальные",154000.0,8.0,,30.0,10.0,https://vuzopedia.ru/program/magistratura/13096
99,Современные технологии инклюзивного образования,44.04.02,Психолого-педагогическое образование,"Педагог, Педагог инклюзивного образования, Педагог-организатори остальные",,12.0,,,,https://vuzopedia.ru/program/magistratura/13094
100,Операционное управление организацией,38.04.02,Менеджмент,"Менеджер по развитию, Менеджер, Руководительи остальные",,10.0,,,,https://vuzopedia.ru/program/magistratura/13091
101,Энергетические комплексы морской техники,26.04.02,"Кораблестроение, океанотехника и системотехника объектов морской инфраструктуры","Инженер-энергетик, Морской инженер, Системный инженер морской инфраструктурыи остальные",,18.0,,,,https://vuzopedia.ru/program/magistratura/13088
102,Биотехнология и инжиниринг пищевых производств,19.04.01,Биотехнология,"Биоинженер, Биотехнолог, Инженер-технолог пищевого производстваи остальные",,10.0,,,,https://vuzopedia.ru/program/magistratura/13085
103,Промышленный биоинжиниринг,19.04.01,Биотехнология,"Биоинженер, Генетик, Биолог-исследовательи остальные",,10.0,,,,https://vuzopedia.ru/program/magistratura/13082
104,Агрогенетика,19.04.01,Биотехнология,"Биолог, Генетик, Биолог-исследовательи остальные",,10.0,,,,https://vuzopedia.ru/program/magistratura/13079
105,Биомедицинская химия и биохимические технологии,18.04.01,Химическая технология,"Химик-технолог, Биохимик, Специалист биохимического производстваи остальные",,10.0,,,,https://vuzopedia.ru/program/magistratura/13076
106,Химические технологии в нефтегазовой отрасли,18.04.01,Химическая технология,"Нефтехимик, инженер-нефтехимик, Химик-технолог, Химики остальные",,10.0,,,,https://vuzopedia.ru/program/magistratura/13073
107,Технологии мониторинга морских экосистем и морское природопользование,05.04.06,Экология и природопользование,"Гидроэколог, Эксперт-эколог, Экологи остальные",,11.0,,,,https://vuzopedia.ru/program/magistratura/13070
108,Менеджмент в креативных индустриях,51.04.01,Культурология,"Менеджер социально-культурной деятельности, Менеджер, Бренд-менеджери остальные",120000.0,,,45.0,10.0,https://vuzopedia.ru/program/magistratura/13067
109,Психология и педагогика в наукоемких и высокотехнологичных сферах,44.04.02,Психолого-педагогическое образование,"Педагог-психолог, Киберпсихолог, Корпоративный психологи остальные",380000.0,,,80.0,5.0,https://vuzopedia.ru/program/magistratura/13066
110,Стратегический менеджмент в цифровой экономике,38.04.02,Менеджмент,"Бухгалтер-экономист, Инженер-экономист, Менеджери остальные",196000.0,5.0,,80.0,50.0,https://vuzopedia.ru/program/magistratura/13063
111,Доверенные программно-аппаратные комплексы и системы на кристалле для объектов критической..,27.04.03,Системный анализ и управление,"Аналитик информационной безопасности, Инженер информационной безопасности, Информатик (специалист по информационным технологиям)и остальные",417000.0,8.0,,80.0,7.0,https://vuzopedia.ru/program/magistratura/13060
112,Технологии искусственного интеллекта в системной инженерии,27.04.03,Системный анализ и управление,"Инженер-системотехник, Специалист по искусственному интеллекту, Техник по информационным системами остальные",417000.0,8.0,,80.0,6.0,https://vuzopedia.ru/program/magistratura/13057
113,Экспериментальная и теоретическая ядерная физика,14.04.02,Ядерные физика и технологии,"Физик-атомщик (физик-ядерщик), Инженер-атомщик, Специалист ядерно-физической лаборатории в области атомной энергетикии остальные",476000.0,,,80.0,5.0,https://vuzopedia.ru/program/magistratura/13054
114,Разработка и конструирование ядерных и киберфизических систем,14.04.02,Ядерные физика и технологии,"Физик-атомщик (физик-ядерщик), Инженер-физик, Специалист по киберфизическим системами остальные",476000.0,6.0,,80.0,1.0,https://vuzopedia.ru/program/magistratura/13051
115,Исследования и разработки в ядерной физике и технологиях,14.04.02,Ядерные физика и технологии,"Физик-атомщик (физик-ядерщик), Инженер по ядерной технике, Инженер-физики остальные",476000.0,6.0,,80.0,1.0,https://vuzopedia.ru/program/magistratura/13048
116,"Материалы, приборы и технологии инновационной биомедицины",12.04.04,Биотехнические системы и технологии,"Биоинженер, Биотехнолог, Биологи остальные",500000.0,10.0,,80.0,5.0,https://vuzopedia.ru/program/magistratura/13045
117,Цифровая аналитика,09.04.03,Прикладная информатика,"Аналитик данных, Информатик (специалист по информационным технологиям), Системный аналитики остальные",500000.0,8.0,,80.0,3.0,https://vuzopedia.ru/program/magistratura/13042
118,Информационное обеспечение финансовой безопасности,09.04.03,Прикладная информатика,"Информатик (специалист по информационным технологиям), Финансовый менеджер, Финансовый инженери остальные",500000.0,7.0,,80.0,2.0,https://vuzopedia.ru/program/magistratura/13041
119,Al-Augmented Digital Systems Engineering,09.04.02,Информационные системы и технологии,"Инженер-разработчик аппаратного обеспечения, Информатик (специалист по информационным технологиям), Специалист по искусственному интеллектуи остальные",500000.0,,,80.0,30.0,https://vuzopedia.ru/program/magistratura/13038
120,Управление внедрением ИИ в бизнес,01.04.02,Прикладная математика и информатика,"Intelligent Systems Developer (разработчик интеллектуальных систем), Специалист по искусственному интеллекту, Специалист по бизнес-планированию и разработке бизнес-планови остальные",580000.0,,,80.0,100.0,https://vuzopedia.ru/program/magistratura/13017
121,Специалист по работе с данными и применению ИИ,01.04.02,Прикладная математика и информатика,"Аналитик данных, Специалист по искусственному интеллекту, Разработчик баз данныхи остальные",400000.0,,,80.0,370.0,https://vuzopedia.ru/program/magistratura/13014
122,Цифровые финансы: инновации и бизнес-решения,27.04.05,Инноватика,"Финансист, Финансовый менеджер, Финансовый консультанти остальные",499000.0,5.0,,50.0,40.0,https://vuzopedia.ru/program/magistratura/13011
123,Управление продуктом в цифровом бизнесе,27.04.05,Инноватика,"Бизнес-тренер, Консультант по электронному бизнесу, Специалист по бизнес-планированию и разработке бизнес-планови остальные",499000.0,,,50.0,210.0,https://vuzopedia.ru/program/magistratura/13008
124,Дизайн и развитие цифровых продуктов,27.04.05,Инноватика,"Дизайнер компьютерных программ, Дизайнер интерфейсов, Дизайнер-визуализатори остальные",499000.0,,,50.0,70.0,https://vuzopedia.ru/program/magistratura/13005
125,Навигационные системы беспилотных аппаратов,24.04.02,Системы управления движением и навигация,"Инженер по приборам ориентации, навигации и стабилизации летательных аппаратов, Оператор беспилотных летательных аппаратов (БПЛА), Проектировщик интерфейсов беспилотной авиациии остальные",599000.0,16.0,,50.0,5.0,https://vuzopedia.ru/program/magistratura/13002
126,Передовые пищевые системы: производство и управление на основе цифровых технологий,19.04.01,Биотехнология,"Инженер пищевой промышленности, Инженер-технолог пищевого производства, Информатик (специалист по информационным технологиям)и остальные",499000.0,16.0,,50.0,5.0,https://vuzopedia.ru/program/magistratura/12999
127,"Системный анализ, управление и робототехника",27.04.03,Системный анализ и управление,"Специалист по интегрированным интеллектуальным робототехническим комплексам, Системный аналитик, Робототехники остальные",499000.0,10.0,,50.0,5.0,https://vuzopedia.ru/program/magistratura/12996
128,Роботизированные химические технологии,15.04.04,Автоматизация технологических процессов и производств,"Проектировщик промышленной робототехники, Специалист по интегрированным интеллектуальным робототехническим комплексам, Робототехники остальные",499000.0,16.0,,50.0,5.0,https://vuzopedia.ru/program/magistratura/12993
129,Электроинженерия,15.04.06,Мехатроника и робототехника,"Инженер-электрик, Инженер по электротехнологическим установкам, Инженер электронной техникии остальные",499000.0,10.0,,50.0,5.0,https://vuzopedia.ru/program/magistratura/12990
130,Функциональные материалы и системы передачи данных на базе лазерных и синхротронных технол..,12.04.05,Лазерная техника и лазерные технологии,"Инженер по лазерной технике и лазерным технологиям, Нанотехнолог, Материаловеди остальные",499000.0,8.0,,50.0,25.0,https://vuzopedia.ru/program/magistratura/12987
131,Лазерные технологии и наносистемы,12.04.03,Фотоника и оптоинформатика,"Инженер по лазерной технике и лазерным технологиям, Инженер по наноэлектронике, Нанофизики остальные",499000.0,37.0,,50.0,10.0,https://vuzopedia.ru/program/magistratura/12984
132,Безопасность беспилотных систем,11.04.03,Конструирование и технология электронных средств,"Аналитик информационной безопасности, Инженер информационной безопасности, Куратор информационной безопасностии остальные",599000.0,26.0,,50.0,5.0,https://vuzopedia.ru/program/magistratura/12981
133,Разработка и эксплуатация промышленного бэкенда,11.04.02,Инфокоммуникационные технологии и системы связи,"Программист, Инженер-разработчик аппаратного обеспечения, Информатик (специалист по информационным технологиям)и остальные",599000.0,89.0,,50.0,25.0,https://vuzopedia.ru/program/magistratura/12978
134,Разработка ассистивных ИТ-решений,09.04.04,Программная инженерия,"Инженер по сопровождению программного обеспечения, Инженер-разработчик аппаратного обеспечения, Информатик (специалист по информационным технологиям)и остальные",599000.0,18.0,,50.0,5.0,https://vuzopedia.ru/program/magistratura/12975
135,Управление ИТ-инфраструктурой бизнеса,09.04.02,Информационные системы и технологии,"Программист, Портфельный менеджер (портфельный управляющий), Техник по информационным системами остальные",599000.0,,,50.0,20.0,https://vuzopedia.ru/program/magistratura/12972
136,Программирование и компьютерные науки,01.04.02,Прикладная математика и информатика,"Программист, Инженер по сопровождению программного обеспечения, Техник-программисти остальные",599000.0,45.0,,50.0,3.0,https://vuzopedia.ru/program/magistratura/12969
137,Управление разработкой месторождений нефти и газа,21.04.01,Нефтегазовое дело,"Менеджер нефтегазовых проектов, Специалист по разведке нефтяных и газовых месторождений, Технолог по нефтепереработкеи остальные",350000.0,,,41.0,25.0,https://vuzopedia.ru/program/magistratura/12934
138,Инженерия киберфизических систем,09.04.01,Информатика и вычислительная техника,"Инженер информационной безопасности, Инженер по сопровождению программного обеспечения, Инженер-разработчик аппаратного обеспеченияи остальные",286000.0,15.0,,41.0,4.0,https://vuzopedia.ru/program/magistratura/12931
139,Историко-культурный туризм в регионах России,46.04.01,История,"Историк, Историограф, Исторический консультант, исторический реконструктори остальные",260000.0,11.0,,41.0,1.0,https://vuzopedia.ru/program/magistratura/12928
140,Цифровые технологии наукоёмкой инженерии,16.04.01,Техническая физика,"Информатик (специалист по информационным технологиям), Инженер-физик, Физики остальные",190000.0,15.0,,2.0,3.0,https://vuzopedia.ru/program/magistratura/12927
141,Передовые исследования и технологии,06.04.01,Биология,"Биолог, Биолог-исследователь, Микробиологи остальные",190000.0,82.0,,20.0,10.0,https://vuzopedia.ru/program/magistratura/12924
142,Фундаментальная наука и прорывные технологии,04.04.01,Химия,"Химик-разработчик, технолог по продукту, Химик-технолог, Химик-исследователь, научный сотрудник в области химиии остальные",242000.0,45.0,,20.0,10.0,https://vuzopedia.ru/program/magistratura/12921
143,Цифровые технологии в нефтегазовом инжиниринге,01.04.03,Механика и математическое моделирование,"Инженер по сопровождению программного обеспечения, Инженер по технологическому обеспечению работы нефтегазового промысла, Специалист по диспетчерско-технологическому управлению нефтегазовой отраслии остальные",,7.0,,,,https://vuzopedia.ru/program/magistratura/12918
144,Международные бизнес-процессы стран Азии и Африки,58.04.01,Востоковедение и африканистика,"Африканист, Специалист в области международных отношений, Экономист-международники остальные",240048.0,11.0,,40.0,2.0,https://vuzopedia.ru/program/magistratura/12916
145,Историко-культурное наследие Татарстана и татарского народа,46.04.01,История,"Историк, Историограф, Исторический консультант, исторический реконструктори остальные",72600.0,14.0,,40.0,1.0,https://vuzopedia.ru/program/magistratura/12914
146,Прикладная лингвистика и литературоведение,45.04.01,Филология,"Литературовед, Лингвист, Лингвист-исследовательи остальные",180000.0,30.0,,40.0,5.0,https://vuzopedia.ru/program/magistratura/12911
147,Искусственный интеллект в тюркоязычном медиапространстве,45.04.01,Филология,"Тюрколог, Специалист по искусственному интеллекту, Преподаватель филологии (филологических дисциплин)и остальные",226800.0,20.0,,40.0,4.0,https://vuzopedia.ru/program/magistratura/12908
148,Иностранные языки и литература в поликультурном пространстве,45.04.01,Филология,"Лингвист, Преподаватель зарубежной литературы, Преподаватель филологии (филологических дисциплин)и остальные",180000.0,30.0,,40.0,5.0,https://vuzopedia.ru/program/magistratura/12905
149,Психология родительства и семейного воспитания,44.04.02,Психолого-педагогическое образование,"Психолог, Коррекционный психолог, специальный психолог, Семейный психологи остальные",187080.0,13.0,,40.0,2.0,https://vuzopedia.ru/program/magistratura/12902
150,Цифровые технологии и нейросети в образовании,44.04.01,Педагогическое образование,"Педагог, Педагог-организатор, Специалист по искусственному интеллектуи остальные",181500.0,21.0,,40.0,4.0,https://vuzopedia.ru/program/magistratura/12899
151,Бизнес-педагогика и креативные индустрии,44.04.01,Педагогическое образование,"Педагог, Предприниматель, Специалист по педагогическому дизайну, педагогический дизайнери остальные",181500.0,21.0,,40.0,4.0,https://vuzopedia.ru/program/magistratura/12896
152,Магистр частного права,40.04.01,Юриспруденция,"Юрист по недвижимости, Юрист по трудовому праву, Юристи остальные",180000.0,40.0,,40.0,21.0,https://vuzopedia.ru/program/magistratura/12893
153,Магистр публичного права,40.04.01,Юриспруденция,"Корпоративный юрист, Сетевой юрист, Юристи остальные",180000.0,55.0,,40.0,30.0,https://vuzopedia.ru/program/magistratura/12890
154,Налоговый менеджмент,38.04.02,Менеджмент,"Налоговый бухгалтер (специалист по налогообложению), Налоговый инспектор, Налоговый консультанти остальные",196000.0,15.0,,40.0,3.0,https://vuzopedia.ru/program/magistratura/12887
155,Менеджмент в сфере услуг,38.04.02,Менеджмент,"Менеджер по работе с клиентами, Менеджер по развитию, Менеджер космических продуктов, услуг и технологийи остальные",196000.0,13.0,,40.0,3.0,https://vuzopedia.ru/program/magistratura/12884
156,Экономика данных и цифровая аналитика,38.04.01,Экономика,"Бухгалтер-экономист, Инженер-экономист, Экономисти остальные",199320.0,14.0,,40.0,1.0,https://vuzopedia.ru/program/magistratura/12881
157,Экономика предприятия и цифровое развитие,38.04.01,Экономика,"Бухгалтер-экономист, Инженер-экономист, Экономисти остальные",165024.0,33.0,,40.0,4.0,https://vuzopedia.ru/program/magistratura/12878
158,Архитектура и медиаискусство,07.04.01,Архитектура,"Архитектор ландшафтов, Архитектор-реставратор, Архитектор-градостроительи остальные",223000.0,15.0,,40.0,4.0,https://vuzopedia.ru/program/magistratura/12875
159,Заповедное дело,05.04.06,Экология и природопользование,"Геоэколог, Эксперт-эколог, Биоэкологи остальные",203580.0,10.0,,40.0,1.0,https://vuzopedia.ru/program/magistratura/12872
160,Прикладная и фундаментальная физика,03.04.02,Физика,"Учитель физики, Инженер-физик, Физики остальные",203580.0,18.0,,40.0,1.0,https://vuzopedia.ru/program/magistratura/12869
161,Математика в искусственном интеллекте,02.04.01,Математика и компьютерные науки,"Математик, Учитель математики и информатики, Специалист по искусственному интеллектуи остальные",181500.0,8.0,,40.0,5.0,https://vuzopedia.ru/program/magistratura/12866
162,"Машинное зрение, высокопроизводительные вычисления и математическое моделирование",01.04.04,Прикладная математика,"Разработчик систем компьютерного зрения, Специалист по компьютерному зрению, Специалист по машинному обучениюи остальные",263952.0,10.0,,40.0,1.0,https://vuzopedia.ru/program/magistratura/12863
163,Анализ данных и машинное обучение в цифровой индустрии и экономике,01.04.02,Прикладная математика и информатика,"Аналитик данных, Специалист по машинному обучению, Специалист по искусственному интеллектуи остальные",245952.0,12.0,,40.0,3.0,https://vuzopedia.ru/program/magistratura/12860
164,Русский язык,45.04.01,Филология,"Педагог, Учитель русского языка и литературы, Преподаватель русского языка как иностранногои остальные",128000.0,15.0,,60.0,5.0,https://vuzopedia.ru/program/magistratura/12858
165,Software development technologies,02.04.02,Фундаментальная информатика и информационные технологии,"Инженер-разработчик аппаратного обеспечения, Разработчик мобильных приложений (mobil-разработчик), Руководитель разработки программного обеспеченияи остальные",128000.0,,,51.0,1.0,https://vuzopedia.ru/program/magistratura/12855
166,Геоинформационно-картографическое обеспечение устойчивого развития территорий,05.04.03,Картография и геоинформатика,"Специалист по картографии, Техник-картограф, Специалист по геоинформационному сервису (ГИС-сервису)и остальные",126000.0,19.0,,60.0,2.0,https://vuzopedia.ru/program/magistratura/12852
167,Electronic Information Technology,11.04.02,Инфокоммуникационные технологии и системы связи,"Информатик (специалист по информационным технологиям), Преподаватель информационных технологий, Техник по информационным системами остальные",144800.0,,,60.0,1.0,https://vuzopedia.ru/program/magistratura/12849
168,Физические основы кабельного производства,03.04.02,Физика,"Монтажник связи-кабельщик, Инженер-физик, Физики остальные",144800.0,,,60.0,15.0,https://vuzopedia.ru/program/magistratura/12846
169,Optoelectronic Information Engineering,03.04.02,Физика,"Инженер-оптотехник, Инженер-физик, Физики остальные",144800.0,,,60.0,1.0,https://vuzopedia.ru/program/magistratura/12843
170,Интеллектуальные и бесперебойные системы электроснабжения и кабельная инфраструктура,13.04.02,Электроэнергетика и электротехника,"Инженер-электроник, Электромонтажник по кабельным сетям, Специалист по электроснабжениюи остальные",126000.0,18.0,,40.0,1.0,https://vuzopedia.ru/program/magistratura/12840
171,Energy flows management of small scale power generation facilities,13.04.01,Теплоэнергетика и теплотехника,"Инженер-энергетик, Инженер-теплоэнергетик, Энергоаудитори остальные",144800.0,,,40.0,2.0,https://vuzopedia.ru/program/magistratura/12837
172,Технология функциональных продуктов питания,19.04.03,Продукты питания животного происхождения,"Технолог общественного питания, Инженер-технолог общественного питания, Менеджер общественного питанияи остальные",126000.0,14.0,,70.0,1.0,https://vuzopedia.ru/program/magistratura/12834
173,Управление земельными ресурсами и объектами недвижимости,21.04.02,Землеустройство и кадастры,"Агент по недвижимости, Управляющий недвижимостью (менеджер по недвижимости), Специалист по земельно-имущественным отношениями остальные",222000.0,10.0,,50.0,2.0,https://vuzopedia.ru/program/magistratura/12832
174,Сенсорные и управляющие системы робототехнических комплексов,15.04.02,Технологические машины и оборудование,"Intelligent Systems Developer (разработчик интеллектуальных систем), Специалист по интегрированным интеллектуальным робототехническим комплексам, Робототехники остальные",246000.0,15.0,,50.0,2.0,https://vuzopedia.ru/program/magistratura/12829
175,Архитектор цифровой трансформации,38.04.02,Менеджмент,"Информатик-технолог, Информатик (специалист по информационным технологиям), Руководитель по цифровой трансформации (CDO – Chief Data Officer)и остальные",90000.0,,,40.0,10.0,https://vuzopedia.ru/program/magistratura/12826
176,Алгоритм и системы управления автономными транспортными средствами (ПИШ),11.04.04,Электроника и наноэлектроника,"Инженер-разработчик аппаратного обеспечения, Intelligent Systems Developer (разработчик интеллектуальных систем), Специалист по искусственному интеллектуи остальные",,12.0,,,,https://vuzopedia.ru/program/magistratura/12823
177,Искуственный интеллект и машинное обучение в беспилотных мобильных системах и комплексах (..,01.04.02,Прикладная математика и информатика,"Intelligent Systems Developer (разработчик интеллектуальных систем), Специалист по машинному обучению, Специалист по искусственному интеллектуи остальные",168000.0,15.0,,80.0,3.0,https://vuzopedia.ru/program/magistratura/12820
178,Управление производственными рисками и промышленная безопасность в нефтегазовом комплексе,20.04.01,Техносферная безопасность,"Инженер по промышленной безопасности, Специалист по безопасности, Риск-менеджери остальные",90000.0,10.0,,80.0,13.0,https://vuzopedia.ru/program/magistratura/12817
179,Менеджмент воспитательных проектов и инициатив,44.04.02,Психолого-педагогическое образование,"Директор по воспитательной работе, Менеджер, Менеджер проектаи остальные",156800.0,8.0,,80.0,2.0,https://vuzopedia.ru/program/magistratura/12814
180,Информационно-измерительные системы с элементами искусственного интеллекта,12.04.01,Приборостроение,"Наладчик контрольно-измерительных приборов и автоматики, Сборщик электроизмерительных приборов, Специалист по искусственному интеллектуи остальные",168000.0,15.0,,30.0,10.0,https://vuzopedia.ru/program/magistratura/12811
181,Фундаментальная и медицинская биология,06.04.01,Биология,"Биолог, Биолог-исследователь, Лаборант-микробиологи остальные",168000.0,10.0,,40.0,10.0,https://vuzopedia.ru/program/magistratura/12808
182,Венчурные инвестиции и технологическое предпринимательство,27.04.07,Наукоемкие технологии и экономика инноваций,"Инвестиционный специалист, Предприниматель, Инвестиционный аналитики остальные",780000.0,20.0,,15.0,5.0,https://vuzopedia.ru/program/magistratura/12807
183,Технологическое предпринимательство: материаловедение и электроника,22.04.01,Материаловедение и технологии материалов,"Предприниматель, Химик-материаловед, Материаловеди остальные",780000.0,8.0,,15.0,2.0,https://vuzopedia.ru/program/magistratura/12804
184,Цифровая трансформация в управлении здравоохранением,19.04.01,Биотехнология,"R&D менеджер здравоохранения, Менеджер в сфере здравоохранения, Руководитель по цифровой трансформации (CDO – Chief Data Officer)и остальные",780000.0,15.0,,15.0,1.0,https://vuzopedia.ru/program/magistratura/12801
185,Биомедицинские технологии,19.04.01,Биотехнология,"Биоинженер, Биоинформатик, Клинический биоинформатики остальные",780000.0,15.0,,15.0,1.0,https://vuzopedia.ru/program/magistratura/12798
186,Биотехнология и биомедицинская информатика,19.04.01,Биотехнология,"Биоинженер, Биотехнолог, Биоинформатики остальные",780000.0,15.0,,15.0,1.0,https://vuzopedia.ru/program/magistratura/12796
187,"Ядерная физика, УТС и компьютерные методы в физике",14.04.02,Ядерные физика и технологии,"Физик-атомщик (физик-ядерщик), Инженер-физик, Физики остальные",,4.0,,,,https://vuzopedia.ru/program/magistratura/12794
188,Технологическое предпринимательство: материаловедение и электроника,11.04.04,Электроника и наноэлектроника,"Инженер электронной техники, Предприниматель, Материаловеди остальные",780000.0,5.0,,15.0,1.0,https://vuzopedia.ru/program/magistratura/12791
189,Физика перспективных технологий: микро- и наноэлектроника,11.04.04,Электроника и наноэлектроника,"Инженер по наноэлектронике, Нанофизик, Инженер-физики остальные",780000.0,5.0,,15.0,1.0,https://vuzopedia.ru/program/magistratura/12788
190,Прикладная математика и информатика,09.04.01,Информатика и вычислительная техника,"Математик, Информатик (специалист по информационным технологиям), Учитель математики и информатикии остальные",831000.0,375.0,,15.0,45.0,https://vuzopedia.ru/program/magistratura/12785
191,Биология и биоинформатика,06.04.01,Биология,"Биоинженер, Биоинформатик, Биологи остальные",780000.0,10.0,,15.0,2.0,https://vuzopedia.ru/program/magistratura/12782
192,"Физика атомных ядер и элементарных частиц, физика высоких энергий",03.04.01,Прикладные математика и физика,"Физик-атомщик (физик-ядерщик), Нанофизик, Инженер-физики остальные",780000.0,4.0,,15.0,1.0,https://vuzopedia.ru/program/magistratura/12779
193,Суперкомпьютерное моделирование в прикладной физике,03.04.01,Прикладные математика и физика,"Инженер-физик, Специалист по нейромоделированию, Специалист по математическому моделированиюи остальные",780000.0,4.0,,15.0,1.0,https://vuzopedia.ru/program/magistratura/12776
194,Термоядерные и плазменные технологии,03.04.01,Прикладные математика и физика,"Инженер по ядерной технике, Инженер-термофизик, Специалист ядерно-физической лаборатории в области атомной энергетикии остальные",780000.0,4.0,,15.0,1.0,https://vuzopedia.ru/program/magistratura/12773
195,Природоподобные технологии и биомиметический дизайн материалов и систем,03.04.01,Прикладные математика и физика,"Проектировщик нанотехнологических материалов (наноматериалов), Материаловед, Специалист по биомеханикеи остальные",780000.0,4.0,,15.0,1.0,https://vuzopedia.ru/program/magistratura/12770
196,Синхротронные и нейтронные методы исследований,03.04.01,Прикладные математика и физика,"Физик-атомщик (физик-ядерщик), Радиофизик, Нанофизики остальные",780000.0,4.0,,15.0,1.0,https://vuzopedia.ru/program/magistratura/12767
197,"Конвергентные нано-, био-, информационные и когнитивные технологии",03.04.01,Прикладные математика и физика,"Биоинженер, Биоинформатик, Менеджер в области нанотехнологийи остальные",,5.0,,,,https://vuzopedia.ru/program/magistratura/12764
198,Биоинженерия и биотехнология,03.04.01,Прикладные математика и физика,"Биоинженер, Биотехнолог, Биоинформатики остальные",,5.0,,,,https://vuzopedia.ru/program/magistratura/12761
199,Цифровая трансформация в управлении здравоохранением,03.04.01,Прикладные математика и физика,"R&D менеджер здравоохранения, Менеджер в сфере здравоохранения, Руководитель по цифровой трансформации (CDO – Chief Data Officer)и остальные",,5.0,,,,https://vuzopedia.ru/program/magistratura/12758
200,Биоинженерия и биоинформатика,03.04.01,Прикладные математика и физика,"Биоинженер, Биоинформатик, Клинический биоинформатики остальные",,5.0,,,,https://vuzopedia.ru/program/magistratura/12755
201,Медицинская физика и биоинформатика,03.04.01,Прикладные математика и физика,"Биофизик, Биоинформатик, Клинический биоинформатики остальные",780000.0,5.0,,15.0,1.0,https://vuzopedia.ru/program/magistratura/12752
202,Технологическое предпринимательство: наукоемкие материаловедение и электроника (сетевая пр..,03.04.01,Прикладные математика и физика,"Инженер-электроник, Предприниматель, Материаловеди остальные",780000.0,34.0,,15.0,6.0,https://vuzopedia.ru/program/magistratura/12749
203,"Физика перспективных технологий: альтернативная энергетика, научное программирование и фун..",03.04.01,Прикладные математика и физика,"Астрофизик, Нанофизик, Инженер-физики остальные",780000.0,17.0,,15.0,3.0,https://vuzopedia.ru/program/magistratura/12746
204,Фундаментальная и прикладная физика природных систем,03.04.01,Прикладные математика и физика,"Биофизик, Физик, Техник-геофизики остальные",780000.0,12.0,,15.0,2.0,https://vuzopedia.ru/program/magistratura/12743
205,Технологические предпринимательство: DeepTech проекты,03.04.01,Прикладные математика и физика,"Информатик (специалист по информационным технологиям), Intelligent Systems Developer (разработчик интеллектуальных систем), Предпринимательи остальные",780000.0,38.0,,15.0,2.0,https://vuzopedia.ru/program/magistratura/12740
206,Современная механика и робототехника,03.04.01,Прикладные математика и физика,"Проектировщик промышленной робототехники, Техник-механик, Робототехники остальные",780000.0,38.0,,15.0,2.0,https://vuzopedia.ru/program/magistratura/12737
207,Общая и прикладная физика,03.04.01,Прикладные математика и физика,"Лаборант по физико-механическим испытаниям, Инженер-физик, Физики остальные",780000.0,40.0,,15.0,1.0,https://vuzopedia.ru/program/magistratura/12734
208,Технологическое предпринимательство: наукоемкие компьютерные технологии (сетевая программа..,03.04.01,Прикладные математика и физика,"Инновационный менеджер, Консультант по электронному бизнесу, Предпринимательи остальные",780000.0,58.0,,15.0,4.0,https://vuzopedia.ru/program/magistratura/12731
209,Управление IT-продуктами,27.04.07,Наукоемкие технологии и экономика инноваций,"Менеджер проекта, Менеджер продуктов в области информационных технологий, Руководитель по цифровой трансформации (CDO – Chief Data Officer)и остальные",560000.0,,,15.0,150.0,https://vuzopedia.ru/program/magistratura/12728
210,Цифровая трансформация бизнеса,09.04.01,Информатика и вычислительная техника,"Консультант по электронному бизнесу, Специалист по бизнес-планированию и разработке бизнес-планов, Руководитель по цифровой трансформации (CDO – Chief Data Officer)и остальные",560000.0,,,15.0,50.0,https://vuzopedia.ru/program/magistratura/12725
211,Распределенные системы и искусственный интеллект,09.04.01,Информатика и вычислительная техника,"Системный администратор, Инженер-системотехник, Специалист по искусственному интеллектуи остальные",831000.0,15.0,,15.0,12.0,https://vuzopedia.ru/program/magistratura/12723
212,Авиационные технологии,03.04.01,Прикладные математика и физика,"Авиаконструктор, Авиационный механик (авиамеханик), Авиаинженер (авиационный инженер)и остальные",,14.0,,15.0,4.0,https://vuzopedia.ru/program/magistratura/12720
213,Управление биологическим и генетическими ресурсами,06.04.01,Биология,"Биотехнолог, Биолог, Биолог-исследовательи остальные",167800.0,10.0,,40.0,2.0,https://vuzopedia.ru/program/magistratura/12717
214,Физико-химия материалов и технологии металлокерамики и печатных плат,22.04.01,Материаловедение и технологии материалов,"Химик-материаловед, Инженер-физик, Материаловеди остальные",167800.0,12.0,,40.0,5.0,https://vuzopedia.ru/program/magistratura/12714
215,Искусственный интеллект в образовании,02.04.03,Математическое обеспечение и администрирование информационных систем,"Педагог, Intelligent Systems Developer (разработчик интеллектуальных систем), Специалист по искусственному интеллектуи остальные",167800.0,13.0,,40.0,20.0,https://vuzopedia.ru/program/magistratura/12711
216,Педагогическое образование (Образование в области ФКиС),44.04.01,Педагогическое образование,"Педагог, Учитель, Учитель физкультурыи остальные",142200.0,,,61.0,30.0,https://vuzopedia.ru/program/magistratura/12708
217,Управление развитием туризма и гостеприимства,43.04.02,Туризм,"Специалист по гостеприимству, Менеджер по туризму, Специалист по туризмуи остальные",165300.0,14.0,,61.0,3.0,https://vuzopedia.ru/program/magistratura/12706
218,Философия культуры,47.04.01,Философия,"Философ, Культуролог, Философ, научный сотрудники остальные",91800.0,,,40.0,10.0,https://vuzopedia.ru/program/magistratura/12703
219,Философия искусственного интеллекта и практики применения нейросетей,47.04.01,Философия,"Философ, Философ, научный сотрудник, Специалист по искусственному интеллектуи остальные",91800.0,,,40.0,10.0,https://vuzopedia.ru/program/magistratura/12700
220,Управление молодежной политикой в регионе,38.04.04,Государственное и муниципальное управление,"Государственный служащий, Специалист по работе с молодежью, Специалист государственного и муниципального управленияи остальные",92700.0,,,50.0,25.0,https://vuzopedia.ru/program/magistratura/12698
221,Педагогическая психология,37.04.01,Психология,"Педагог, Психолог, Педагог-психологи остальные",92700.0,10.0,,30.0,55.0,https://vuzopedia.ru/program/magistratura/12695
222,Искусственный интеллект и цифровые коммуникации в государственном аудите,38.04.09,Государственный аудит,"Государственный аудитор, Специалист по искусственному интеллекту, Менеджер по внутренним коммуникациями остальные",75000.0,,,40.0,825.0,https://vuzopedia.ru/program/magistratura/12692
223,Искусственный интеллект в индустрии красоты,38.04.06,Торговое дело,"Директор (администратор) салона красоты, Intelligent Systems Developer (разработчик интеллектуальных систем), Специалист по искусственному интеллектуи остальные",75000.0,,,40.0,825.0,https://vuzopedia.ru/program/magistratura/12689
224,Искусственный интеллект и экосистемы в управлении организациями и проектами,38.04.02,Менеджмент,"Менеджер, Специалист по машинному обучению, Специалист по искусственному интеллектуи остальные",75000.0,,,40.0,1125.0,https://vuzopedia.ru/program/magistratura/12680
225,Искусственный интеллект в экономике,38.04.01,Экономика,"Инженер-экономист, Разработчик нейронных сетей, Специалист по искусственному интеллектуи остальные",75000.0,,,40.0,1125.0,https://vuzopedia.ru/program/magistratura/12677
226,Обработка металлов давлением,22.04.02,Металлургия,"Инженер по металлургическим машинам и оборудованию, Инженер-технолог по обработке металлов давлением, Специалист по обработке металлов давлениеми остальные",164816.0,,,53.0,10.0,https://vuzopedia.ru/program/magistratura/12669
227,Металлургия черных металлов,22.04.02,Металлургия,"Инженер по металлургическим машинам и оборудованию, Инженер-металлург, Специалист по металлургии черных металлови остальные",164816.0,,,53.0,10.0,https://vuzopedia.ru/program/magistratura/12666
228,Материаловедение и технологии материалов в металлургии и машиностроении,22.04.01,Материаловедение и технологии материалов,"Инженер-технолог, Химик-материаловед, Материаловеди остальные",164816.0,15.0,,53.0,10.0,https://vuzopedia.ru/program/magistratura/12663
229,Управление разработкой и внедрением ИТ-решений,09.04.01,Информатика и вычислительная техника,"Инженер-разработчик аппаратного обеспечения, Информатик (специалист по информационным технологиям), Руководитель разработки программного обеспеченияи остальные",164816.0,5.0,,53.0,5.0,https://vuzopedia.ru/program/magistratura/12660
230,Химия и биотехнология пива и напитков,19.04.02,Продукты питания из растительного сырья,"Биотехнолог, Оператор линии фильтрации в пивоваренном производстве, Биохимики остальные",288500.0,,,30.0,5.0,https://vuzopedia.ru/program/magistratura/12657
231,История и культура Северного Кавказа,46.04.01,История,"Историк, Культуролог, Регионоведи остальные",,4.0,,,,https://vuzopedia.ru/program/magistratura/12656
232,Педагогическое сопровождение образовательной деятельности в сфере физической культуры и сп..,44.04.01,Педагогическое образование,"Педагог, Педагог-организатор, Преподаватель физических дисциплини остальные",,6.0,,,,https://vuzopedia.ru/program/magistratura/12653
233,Историческое просвещение и формирование духовно-нравственных и культурно-исторических ценн..,44.04.01,Педагогическое образование,"Историк, Исторический консультант, исторический реконструктор, Преподавательи остальные",,6.0,,,,https://vuzopedia.ru/program/magistratura/12650
234,Теория и методика преподавания изобразительного искусства: инновационные подходы и техноло..,44.04.01,Педагогическое образование,"Учитель ИЗО, Учитель изобразительного искусства и черчения, Руководитель изобразительной деятельности в дошкольных учрежденияхи остальные",,6.0,,,,https://vuzopedia.ru/program/magistratura/12647
235,Исследовательские и проектные методы в образовании физике,44.04.01,Педагогическое образование,"Педагог, Учитель математики и физики, Учитель физикии остальные",,6.0,,,,https://vuzopedia.ru/program/magistratura/12644
236,Литературный процесс: цифровое пространство и педагогические инновации,44.04.01,Педагогическое образование,"Литературовед, Преподаватель зарубежной литературы, Учитель русского языка и литературыи остальные",,6.0,,,,https://vuzopedia.ru/program/magistratura/12641
237,Современное географическое образование: содержание и технологии,44.04.01,Педагогическое образование,"Педагог, Учитель географии, Преподаватель географии (географических дисциплин)и остальные",,6.0,,,,https://vuzopedia.ru/program/magistratura/12638
238,Управление современными патриотически ориентированными воспитательными системами,44.04.01,Педагогическое образование,"Педагог, Социальный педагог, Директор по воспитательной работеи остальные",,7.0,,,,https://vuzopedia.ru/program/magistratura/12635
239,Педагогический инжиниринг в образовании,44.04.01,Педагогическое образование,"Педагог, Педагог-организатор, Специалист по педагогическому дизайну, педагогический дизайнери остальные",,7.0,,,,https://vuzopedia.ru/program/magistratura/12632
240,Педагогические технологии профессионального обучения,44.04.01,Педагогическое образование,"Педагог, Педагог-организатор, Специалист по педагогическому дизайну, педагогический дизайнери остальные",49000.0,13.0,,60.0,20.0,https://vuzopedia.ru/program/magistratura/12629
241,Теория и технология спортивной тренировки,49.04.01,Физическая культура,"Спортивный тренер, Спортивный психолог, Спортивный менеджери остальные",62000.0,5.0,,65.0,25.0,https://vuzopedia.ru/program/magistratura/12626
242,"Россия и Центральная Азия: история, культура и международные отношения",46.04.01,История,"Историк, Культуролог, Специалист в области международных отношенийи остальные",168000.0,8.0,,65.0,7.0,https://vuzopedia.ru/program/magistratura/12623
243,Право России и Китая,40.04.01,Юриспруденция,"Китаист, Юрист, Юрист-международники остальные",171000.0,,,65.0,25.0,https://vuzopedia.ru/program/magistratura/12620
244,Цифровые технологии в государственном и муниципальном управлении,38.04.04,Государственное и муниципальное управление,"Государственный служащий, Информатик (специалист по информационным технологиям), Специалист государственного и муниципального управленияи остальные",62000.0,,,65.0,50.0,https://vuzopedia.ru/program/magistratura/12617
245,Безопасность компьютерных систем (в сфере информационных технологий),09.04.02,Информационные системы и технологии,"Аналитик информационной безопасности, Инженер информационной безопасности, Специалист по безопасностии остальные",168000.0,,,65.0,15.0,https://vuzopedia.ru/program/magistratura/12614
246,Экологическая и криминалистическая экспертиза,04.04.01,Химия,"Лаборант химико-бактериологического анализа, Химик-технолог, Химик-криминалист, химик судебно-медицинской экспертизыи остальные",168000.0,,,65.0,15.0,https://vuzopedia.ru/program/magistratura/12611
247,Космическая физика,03.04.02,Физика,"Астрофизик, Инженер-физик, Физики остальные",,15.0,,,,https://vuzopedia.ru/program/magistratura/12608
248,Цифровые технологии в медицине,01.04.02,Прикладная математика и информатика,"Архитектор медицинского оборудования, Инженер по медицинской технике, Руководитель по цифровой трансформации (CDO – Chief Data Officer)и остальные",,20.0,,,,https://vuzopedia.ru/program/magistratura/12605
249,Стратегический менеджмент и инновации в образовании,44.04.04,Профессиональное обучение (по отраслям),"Инновационный менеджер, Менеджер по развитию, Руководитель в сфере образованияи остальные",86800.0,10.0,,24.0,10.0,https://vuzopedia.ru/program/magistratura/12602
250,Психология кризисного консультирования,37.04.01,Психология,"Коррекционный психолог, специальный психолог, Специалист по психологическому обеспечению в чрезвычайной ситуации, Психолог-консультанти остальные",70000.0,,,24.0,28.0,https://vuzopedia.ru/program/magistratura/12599
251,Системный анализ и управление информационными системами на транспорте,27.04.03,Системный анализ и управление,"Инженер по организации перевозок и управлению на транспорте, Информатик (специалист по информационным технологиям), Системный аналитики остальные",,10.0,,,,https://vuzopedia.ru/program/magistratura/12596
252,Технологии гостинично-ресторанного сервиса,43.04.01,Сервис,"Менеджер ресторана, Администратор гостиницы, Менеджер гостиничного сервисаи остальные",60000.0,5.0,,45.0,50.0,https://vuzopedia.ru/program/magistratura/12594
253,Стратегическое управление бизнес-процессами отраслевых организаций,38.04.02,Менеджмент,"Менеджер непрерывности бизнеса, Антикризисный управляющий, Специалист по бизнес-планированию и разработке бизнес-планови остальные",60000.0,,,45.0,125.0,https://vuzopedia.ru/program/magistratura/12591
254,Интеллектуальные технологии и инновации в агроинженерии,35.04.06,Агроинженерия,"Агроинженер, Агроинформатик (агрокибернетик), Intelligent Systems Developer (разработчик интеллектуальных систем)и остальные",55000.0,,,45.0,15.0,https://vuzopedia.ru/program/magistratura/12588
255,"Биотехнологические производства на основе микробного синтеза, биокатализа и генной инженерии",19.04.01,Биотехнология,"Биотехнолог, Генный инженер, Системный биотехнологи остальные",55000.0,6.0,,45.0,30.0,https://vuzopedia.ru/program/magistratura/12585
256,Роботизированные комплексы аддитивного производства и предиктивное обслуживание мехатронны..,15.04.06,Мехатроника и робототехника,"Инженер-мехатроник, Техник-мехатроник, Проектировщик-эргономист роботизированных системи остальные",45000.0,8.0,,45.0,30.0,https://vuzopedia.ru/program/magistratura/12582
257,Инженерия промышленных технических систем,15.04.02,Технологические машины и оборудование,"Инженер-технолог, Инженер-разработчик аппаратного обеспечения, Техник, старший техники остальные",55000.0,9.0,,45.0,45.0,https://vuzopedia.ru/program/magistratura/12579
258,Прикладные цифровые комплексы,09.04.03,Прикладная информатика,"Информатик-технолог, Информатик (специалист по информационным технологиям), Специалист по прикладной информатикеи остальные",55000.0,23.0,,45.0,45.0,https://vuzopedia.ru/program/magistratura/12576
259,Психолого-педагогическое сопровождение в системе образования,44.04.01,Педагогическое образование,"Психолог, Педагог-психолог, Практический психологи остальные",70000.0,,,40.0,15.0,https://vuzopedia.ru/program/magistratura/12574
260,Психологическая деятельность и экспертиза,37.04.01,Психология,"Психолог, Инженерный психолог, Практический психологи остальные",102000.0,,,40.0,20.0,https://vuzopedia.ru/program/magistratura/12571
261,Прикладная информатика в технике и технологии,09.04.03,Прикладная информатика,"Информатик-технолог, Информатик (специалист по информационным технологиям), Учитель математики и информатикии остальные",102000.0,,,40.0,15.0,https://vuzopedia.ru/program/magistratura/12568
262,Цифровая трансформация технических систем,35.04.06,Агроинженерия,"Системный администратор, Техник по информационным системам, Руководитель по цифровой трансформации (CDO – Chief Data Officer)и остальные",102000.0,16.0,,40.0,4.0,https://vuzopedia.ru/program/magistratura/12565
263,Электроэнергетика и электротехника,35.04.06,Агроинженерия,"Инженер-электротехник, Слесарь-электрик по ремонту электрооборудования, Техник-электрики остальные",280000.0,25.0,,40.0,1.0,https://vuzopedia.ru/program/magistratura/12562
264,Экономическая оценка и управление инвестиционной деятельностью,38.04.01,Экономика,"Бухгалтер-экономист, Инвестиционный специалист, Инвестиционный аналитики остальные",70000.0,,,40.0,15.0,https://vuzopedia.ru/program/magistratura/12559
265,Инновационное управление и экономическое развитие малых городов и сельских территорий,38.04.04,Государственное и муниципальное управление,"Менеджер по развитию, Руководитель по развитию городской среды, Специалист (менеджер) по устойчивому развитиюи остальные",253000.0,,,40.0,10.0,https://vuzopedia.ru/program/magistratura/12556
266,Психология карьерного консультирования,44.04.02,Психолого-педагогическое образование,"Психолог, Корпоративный психолог, Психолог-консультанти остальные",67000.0,9.0,,40.0,15.0,https://vuzopedia.ru/program/magistratura/12555
267,Корпоративные и публичные финансы,38.04.01,Экономика,"Финансист, Финансовый менеджер, Финансовый консультанти остальные",67000.0,,,40.0,15.0,https://vuzopedia.ru/program/magistratura/12552
268,Российско-китайский диалог,41.04.05,Международные отношения,"Специалист в области международных отношений, Экономист-международник, Юрист-международники остальные",204600.0,,,40.0,6.0,https://vuzopedia.ru/program/magistratura/12549
269,"Проектирование, строительство объектов производства и транспортировки СПГ",08.04.01,Строительство,"Инженер-строитель, Менеджер строительного проекта, Специалист по модернизации строительных технологийи остальные",,10.0,,,,https://vuzopedia.ru/program/magistratura/12546
270,Функционирование биологических систем,06.04.01,Биология,"Биолог, Биолог-исследователь, Микробиологи остальные",,6.0,,,,https://vuzopedia.ru/program/magistratura/12544
271,Физиологические основы здоровьесбережения,06.04.01,Биология,"Нейробиолог (нейрофизиолог), Биолог-исследователь, Фитнес-тренер (тренер по фитнесу)и остальные",178000.0,,,40.0,15.0,https://vuzopedia.ru/program/magistratura/12541
272,Физико-химические методы исследования в химии,04.04.01,Химия,"Химик-технолог, Инженер-химик, Химик-лаборант, лаборант-исследовательи остальные",178000.0,,,40.0,10.0,https://vuzopedia.ru/program/magistratura/12538
273,Информационные технологии и бизнес-аналитика в сфере биотехнологий,09.04.01,Информатика и вычислительная техника,"Информатик (специалист по информационным технологиям), Техник по информационным системам, Специалист по информационным технологиям в медицинеи остальные",377000.0,22.0,,50.0,8.0,https://vuzopedia.ru/program/magistratura/12535
274,Управление разработками и технологиями упаковочной отрасли,29.04.03,Технология полиграфического и упаковочного производства,"Дизайнер упаковки, Инженер-технолог, Машинист расфасовочно-упаковочных машини остальные",420000.0,15.0,,50.0,5.0,https://vuzopedia.ru/program/magistratura/12532
275,Биотехнология и устойчивое развитие мясной и молочной отрасли,19.04.01,Биотехнология,"Биоинженер, Биотехнолог, Инженер-технолог молока и молочных продуктови остальные",420000.0,15.0,,50.0,5.0,https://vuzopedia.ru/program/magistratura/12529
276,Биоинформатика и моделирование биологических систем,19.04.01,Биотехнология,"Биотехнолог, Биоинформатик, Биохимики остальные",339000.0,7.0,,50.0,13.0,https://vuzopedia.ru/program/magistratura/12526
277,Функциональные ингредиенты и БАД: биодизайн и системная инженерия,19.04.01,Биотехнология,"Биоинженер, Биотехнолог, Биологи остальные",420000.0,15.0,,50.0,5.0,https://vuzopedia.ru/program/magistratura/12523
278,Химия и технология полимерных материалов и косметических средств,18.04.01,Химическая технология,"Химик-разработчик, технолог по продукту, Химик-технолог, Химик-неорганики остальные",420000.0,15.0,,50.0,5.0,https://vuzopedia.ru/program/magistratura/12520
279,Управление эпизоотическими рисками и прогнозирование биологических угроз,36.04.01,Ветеринарно-санитарная экспертиза,"Ветеринар, Ветеринарно-санитарный врач, Ветеринарный фельдшери остальные",377000.0,38.0,,50.0,3.0,https://vuzopedia.ru/program/magistratura/12517
280,"Железобетонные и каменные конструкции, реконструкция и техническая эксплуатация зданий и с..",08.04.01,Строительство,"Инженер-строитель, Инженер-строитель мостов и тоннелей, Инженер-строитель автомобильных дороги остальные",186368.0,7.0,,40.0,10.0,https://vuzopedia.ru/program/magistratura/12515
281,Управление международным производственным бизнесом,38.04.02,Менеджмент,"Менеджер, Менеджер проекта, Специалист по бизнес-планированию и разработке бизнес-планови остальные",159800.0,,,40.0,10.0,https://vuzopedia.ru/program/magistratura/12512
282,Проектный менеджмент,38.04.02,Менеджмент,"Event-менеджер, Менеджер строительного проекта, Менеджери остальные",65368.0,,,55.0,235.0,https://vuzopedia.ru/program/magistratura/12511
283,Научная деятельность в области ветеринарии,36.04.01,Ветеринарно-санитарная экспертиза,"Ветеринар, Ветеринарно-санитарный врач, Ветеринарный фельдшери остальные",,9.0,,,,https://vuzopedia.ru/program/magistratura/12508
284,Государственный ветеринарно-санитарный инспектор,36.04.01,Ветеринарно-санитарная экспертиза,"Ветеринар, Ветеринарный врач (ветеринар), Санитар ветеринарныйи остальные",,7.0,,,,https://vuzopedia.ru/program/magistratura/12505
285,Ветеринарно-санитарный эксперт,36.04.01,Ветеринарно-санитарная экспертиза,"Ветеринар, Ветеринарно-санитарный врач, Санитар ветеринарныйи остальные",,7.0,,,,https://vuzopedia.ru/program/magistratura/12502
286,Эколог агроландшафтов,35.04.03,Агрохимия и агропочвоведение,"Геоэколог, Агроэколог, Эксперт-экологи остальные",,10.0,,,,https://vuzopedia.ru/program/magistratura/12499
287,Ветеринарная биотехнология,19.04.01,Биотехнология,"Ветеринар, Ветеринарно-санитарный врач, Ветеринарный врач (ветеринар)и остальные",54566.0,13.0,,55.0,21.0,https://vuzopedia.ru/program/magistratura/12496
288,Прикладная биоинформатика,09.04.03,Прикладная информатика,"Биоинженер, Биоинформатик, Клинический биоинформатики остальные",93635.0,,,55.0,10.0,https://vuzopedia.ru/program/magistratura/12493
289,"Православная теология, методика преподавания",48.04.01,Теология,"Теолог, Религиовед, Преподаватель религиоведенияи остальные",46550.0,,,30.0,20.0,https://vuzopedia.ru/program/magistratura/12490
290,Интеллектуальные вычислительные системы,09.04.01,Информатика и вычислительная техника,"Инженер-разработчик аппаратного обеспечения, Intelligent Systems Developer (разработчик интеллектуальных систем), Программист высокопроизводительных вычислительных системи остальные",149460.0,20.0,,30.0,10.0,https://vuzopedia.ru/program/magistratura/12487
291,Управление и развитие в социальной сфере,39.04.02,Социальная работа,"Специалист по социальной работе, Социальный работник, Социальный инженери остальные",199900.0,15.0,,40.0,15.0,https://vuzopedia.ru/program/magistratura/12484
292,Агрохимия и фитосанитарная безопасность,35.04.03,Агрохимия и агропочвоведение,"Агроном, Агрохимик, Агроэкологи остальные",200000.0,10.0,,55.0,2.0,https://vuzopedia.ru/program/magistratura/12481
293,Историческая аналитика,46.04.01,История,"Историк, Аналитик данных, Исторический консультант, исторический реконструктори остальные",146000.0,15.0,,50.0,2.0,https://vuzopedia.ru/program/magistratura/12478
294,Сторителлинг и имиджелогия в креативных индустриях,45.04.01,Филология,"Имиджмейкер, Креативный директор, Филолог (филолог-исследователь)и остальные",146000.0,14.0,,50.0,2.0,https://vuzopedia.ru/program/magistratura/12475
295,Реабилитация лиц с ограниченными возможностями здоровья и адаптивная физическая культура,44.04.03,Специальное (дефектологическое) образование,"Дефектолог, Фитнес-тренер (тренер по фитнесу), Социальный работник по адаптации людей с ограниченными возможностями через Интернети остальные",96000.0,12.0,,30.0,28.0,https://vuzopedia.ru/program/magistratura/12472
296,Информационные технологии в музыкальном образовании,44.04.01,Педагогическое образование,"Педагог, Учитель, Учитель музыки и пенияи остальные",146430.0,,,50.0,10.0,https://vuzopedia.ru/program/magistratura/12469
297,Интеграция дисциплин естественно-научного цикла в условиях трансформации образования,44.04.01,Педагогическое образование,"Педагог, Учитель биологии, Учитель химиии остальные",146430.0,10.0,,50.0,2.0,https://vuzopedia.ru/program/magistratura/12466
298,Лингводидактика и межкультурная коммуникация (английский/немецкий/китайский язык),44.04.01,Педагогическое образование,"Лингвист, Лингвист-исследователь, Менеджер по межкультурной коммуникациии остальные",146430.0,10.0,,50.0,2.0,https://vuzopedia.ru/program/magistratura/12463
299,Технологии искусственного интеллекта в образовательных практиках,44.04.01,Педагогическое образование,"Педагог, Intelligent Systems Developer (разработчик интеллектуальных систем), Специалист по искусственному интеллектуи остальные",146430.0,10.0,,50.0,3.0,https://vuzopedia.ru/program/magistratura/12460
300,Управление туристскими проектами в условиях креативной экономики,43.04.02,Туризм,"Инженер-экономист, Менеджер по туризму, Специалист по туризмуи остальные",146000.0,15.0,,50.0,3.0,https://vuzopedia.ru/program/magistratura/12457
301,Мехатроника и автоматизация сельскохозяйственной техники,35.04.06,Агроинженерия,"Инженер-мехатроник, Инженер-мехатроник в автомобилестроении, Техник-мехатроники остальные",146430.0,7.0,,50.0,5.0,https://vuzopedia.ru/program/magistratura/12454
302,Психология и психодиагностика в образовании,44.04.02,Психолого-педагогическое образование,"Педагог-психолог, Педагог-организатор, Психолог-консультанти остальные",96000.0,,,40.0,30.0,https://vuzopedia.ru/program/magistratura/12453
303,Управление ресторанным и гостиничным бизнесом,38.04.02,Менеджмент,"Менеджер ресторана, Администратор гостиницы, Менеджер гостиничного сервисаи остальные",156939.0,,,40.0,30.0,https://vuzopedia.ru/program/magistratura/12450
304,Российско-китайский бизнес и международные экономические отношения,38.04.01,Экономика,"Специалист в области международных отношений, Экономист-международник, Экономисти остальные",105000.0,,,40.0,45.0,https://vuzopedia.ru/program/magistratura/12447
305,Логопедическое сопровождение обучающихся начальных классов,44.04.03,Специальное (дефектологическое) образование,"Дефектолог, Логопед, Учитель-дефектологи остальные",54500.0,6.0,,40.0,8.0,https://vuzopedia.ru/program/magistratura/12444
306,Правовое образование и судебная лингвистическая экспертиза,44.04.01,Педагогическое образование,"Преподаватель лингвистики, Лингвист-исследователь, Учитель права (преподаватель правовых дисциплин)и остальные",42900.0,12.0,,50.0,10.0,https://vuzopedia.ru/program/magistratura/12443
307,Правовое образование и кризисная психология,44.04.01,Педагогическое образование,"Учитель, Педагог-психолог, Учитель права (преподаватель правовых дисциплин)и остальные",103900.0,15.0,,50.0,5.0,https://vuzopedia.ru/program/magistratura/12440
308,Международные отношения и трансграничное сотрудничество,44.04.01,Педагогическое образование,"Специалист по международному образованию, Специалист в области международных отношений, Юрист-международники остальные",103900.0,18.0,,50.0,5.0,https://vuzopedia.ru/program/magistratura/12437
309,Русский язык как иностранный в полиэтническом и поликультурном пространстве,44.04.01,Педагогическое образование,"Лингвист, Учитель русского языка и литературы, Преподаватель русского языка как иностранногои остальные",103900.0,17.0,,50.0,5.0,https://vuzopedia.ru/program/magistratura/12434
310,"Цифровые инновации в филологии, лингводидактике и медиалингвистике",44.04.01,Педагогическое образование,"Лингвист, Преподаватель филологии (филологических дисциплин), Цифровой лингвисти остальные",103900.0,17.0,,50.0,5.0,https://vuzopedia.ru/program/magistratura/12431
311,"Психология здоровья, физической культуры и спорта",37.04.01,Психология,"Психолог, Педагог-психолог, Спортивный психологи остальные",48300.0,,,50.0,20.0,https://vuzopedia.ru/program/magistratura/12428
312,Дидактика переводческой деятельности,44.04.01,Педагогическое образование,"Гид-переводчик, Литературный переводчик, Переводоведи остальные",103900.0,12.0,,50.0,5.0,https://vuzopedia.ru/program/magistratura/12425
313,Педагогика высшего образования,44.04.01,Педагогическое образование,"Педагог, Учитель, Педагог-психологи остальные",85700.0,9.0,,50.0,15.0,https://vuzopedia.ru/program/magistratura/12424
314,"Проектирование, строительство и обслуживание скважин на шельфе",21.04.01,Нефтегазовое дело,"Инженер по технологическому обеспечению работы нефтегазового промысла, Конструктор-проектировщик нефтегазового оборудования, Менеджер нефтегазовых проектови остальные",332930.0,,,50.0,15.0,https://vuzopedia.ru/program/magistratura/12421
315,Экология и экологический менеджмент,05.04.06,Экология и природопользование,"Менеджер-эколог, Инженер-эколог, Экологи остальные",366870.0,10.0,,50.0,10.0,https://vuzopedia.ru/program/magistratura/12418
316,Государственное управление экономическим развитием региона в условиях цифровизации,38.04.02,Менеджмент,"Бухгалтер-экономист, Государственный служащий, Экономист по финансам и кредитами остальные",222600.0,,,30.0,10.0,https://vuzopedia.ru/program/magistratura/12415
317,Сурдопедагогика,44.04.03,Специальное (дефектологическое) образование,"Сурдопереводчик, Учитель-дефектолог, Сурдопедагоги остальные",201038.0,10.0,,50.0,5.0,https://vuzopedia.ru/program/magistratura/12412
318,Бизнес и финансовая аналитика,38.04.08,Финансы и кредит,"Аналитик фондового рынка (финансовый аналитик), Финансист, Финансовый аналитик (специалист финансового анализа и моделирования)и остальные",116000.0,,,70.0,25.0,https://vuzopedia.ru/program/magistratura/12409
319,Информационные системы на транспорте,09.04.01,Информатика и вычислительная техника,"Системный администратор, Менеджер продуктов в области информационных технологий, Оператор автоматизированных транспортных сетейи остальные",76600.0,,,40.0,20.0,https://vuzopedia.ru/program/magistratura/12408
320,Управление внешнеэкономической деятельностью,38.04.02,Менеджмент,"Инженер-экономист, Экономист-международник, Экономисти остальные",114200.0,9.0,,40.0,2.0,https://vuzopedia.ru/program/magistratura/12405
321,Стратегия развития и финансовый анализ,38.04.01,Экономика,"Менеджер по развитию, Финансовый аналитик (специалист финансового анализа и моделирования), Инвестиционный аналитики остальные",114200.0,18.0,,40.0,2.0,https://vuzopedia.ru/program/magistratura/12402
322,Radioecology and Radiation Protection,14.04.02,Ядерные физика и технологии,"Эксперт-эколог, Инженер-эколог, Радиологи остальные",246000.0,,,60.0,10.0,https://vuzopedia.ru/program/magistratura/12399
323,Биотехнологии,06.04.01,Биология,"Биотехнолог, Биолог, Системный биотехнологи остальные",182000.0,7.0,,60.0,10.0,https://vuzopedia.ru/program/magistratura/12396
324,Финансы организаций,38.04.01,Экономика,"Финансист, Финансовый менеджер, Финансовый консультанти остальные",182826.0,,,60.0,10.0,https://vuzopedia.ru/program/magistratura/12394
325,Инновации в конструировании одежды,29.04.05,Конструирование изделий легкой промышленности,"Дизайнер одежды, Модельер-конструктор меховых изделий, Модельер-конструктор одеждыи остальные",374000.0,,,50.0,15.0,https://vuzopedia.ru/program/magistratura/12391
326,Нутрициология и проектирование функциональных продуктов питания,19.04.04,Технология продукции и организация общественного питания,"Технолог общественного питания, Диетолог, Молекулярный диетологи остальные",95000.0,,,50.0,20.0,https://vuzopedia.ru/program/magistratura/12388
327,Управление снабжением организаций,38.04.02,Менеджмент,"Менеджер по закупкам, Директор, Специалист по тыловому обеспечению (интендант)и остальные",198000.0,,,40.0,20.0,https://vuzopedia.ru/program/magistratura/12387
328,Стратегическое управление качеством на предприятиях в фармацевтической и смежных отраслях,27.04.02,Управление качеством,"Фармацевт, Химик фармацевтической промышленности, Менеджер по качеству на химическом производствеи остальные",250000.0,10.0,,40.0,20.0,https://vuzopedia.ru/program/magistratura/12384
329,Искусственный интеллект и цифровые технологии в АПК,35.04.06,Агроинженерия,"Агроинформатик (агрокибернетик), Intelligent Systems Developer (разработчик интеллектуальных систем), Специалист по искусственному интеллектуи остальные",202100.0,14.0,,60.0,1.0,https://vuzopedia.ru/program/magistratura/12381
330,Управление туристско-рекреационными системами,43.04.02,Туризм,"Администратор гостиницы, Менеджер по туризму, Специалист по туризмуи остальные",,,,50.0,8.0,https://vuzopedia.ru/program/magistratura/12377
331,Юрист в сфере правоприменительной и экспертно-аналитической деятельности,40.04.01,Юриспруденция,"Корпоративный юрист, Сетевой юрист, Юристи остальные",,2.0,,,,https://vuzopedia.ru/program/magistratura/12374
332,Логистика и управление транспортными системами,38.04.02,Менеджмент,"Инженер по организации перевозок и управлению на транспорте, Логист, Специалист по сервису на транспортеи остальные",57000.0,,,32.0,30.0,https://vuzopedia.ru/program/magistratura/12373
333,Теория и методология управления библиотечно-информационной деятельностью,51.04.03,Социально-культурная деятельность,"Библиограф, Библиотекарь, Заведующий библиотекойи остальные",58500.0,8.0,,50.0,10.0,https://vuzopedia.ru/program/magistratura/12370
334,Управление спортивными сооружениями и объектами,49.04.03,Спорт,"Менеджер по эксплуатации недвижимости, Управляющий недвижимостью (менеджер по недвижимости), Спортивный менеджери остальные",327800.0,5.0,,30.0,10.0,https://vuzopedia.ru/program/magistratura/12367
335,Научно-методическое обеспечение подготовки спортсменов,49.04.03,Спорт,"Спортивный тренер, Спортивный психолог, Спортивный менеджери остальные",327800.0,5.0,,30.0,10.0,https://vuzopedia.ru/program/magistratura/12364
336,Инновационные технологии сервиса в ресторанном бизнесе,43.04.01,Сервис,"Менеджер ресторана, Специалист по клиентскому сервису, Сервис-инженери остальные",129000.0,30.0,,40.0,20.0,https://vuzopedia.ru/program/magistratura/12361
337,Athlete activity management in selected sports,49.04.03,Спорт,"Спортивный тренер, Фитнес-тренер (тренер по фитнесу), Спортивный менеджери остальные",78050.0,,,50.0,20.0,https://vuzopedia.ru/program/magistratura/12359
338,Частное право и разрешение споров,40.04.01,Юриспруденция,"Юрист по земельно-имущественным отношениям, Юрист по недвижимости, Юристи остальные",65600.0,,,40.0,20.0,https://vuzopedia.ru/program/magistratura/12358
339,Теория и методика преподавания русского языка за рубежом,44.04.01,Педагогическое образование,"Педагог, Учитель русского языка и литературы, Преподаватель русского языка как иностранногои остальные",165000.0,,,40.0,30.0,https://vuzopedia.ru/program/magistratura/12353
340,Лингвистическая аналитика и экспертиза текстов,45.04.01,Филология,"Лингвист, Лингвист-исследователь, Филолог (филолог-исследователь)и остальные",410000.0,24.0,,40.0,9.0,https://vuzopedia.ru/program/magistratura/12350
341,Прикладная филология,45.04.01,Филология,"Лингвист, Филолог (филолог-исследователь), Преподаватель филологии (филологических дисциплин)и остальные",410000.0,22.0,,40.0,7.0,https://vuzopedia.ru/program/magistratura/12347
342,Мировая литература в культурном контексте,45.04.01,Филология,"Преподаватель зарубежной литературы, Филолог (филолог-исследователь), Преподаватель филологии (филологических дисциплин)и остальные",410000.0,22.0,,40.0,7.0,https://vuzopedia.ru/program/magistratura/12344
343,Русский язык как иностранный в международном пространстве,45.04.01,Филология,"Лингвист, Филолог-русист (русист), Филолог (филолог-исследователь)и остальные",165000.0,22.0,,40.0,47.0,https://vuzopedia.ru/program/magistratura/12341
344,Научно-методическое обеспечение физического воспитания и спорта,49.04.01,Физическая культура,"Спортивный тренер, Учитель физкультуры, Фитнес-тренер (тренер по фитнесу)и остальные",205000.0,,,35.0,10.0,https://vuzopedia.ru/program/magistratura/12338
345,История России,44.04.01,Педагогическое образование,"Историк, Историограф, Исторический консультант, исторический реконструктори остальные",52000.0,,,25.0,45.0,https://vuzopedia.ru/program/magistratura/12335
346,Современный образовательный менеджмент,44.04.01,Педагогическое образование,"Педагог-организатор, Менеджер, Проектировщик индивидуальных траекторий (разработчик образовательных траекторий)и остальные",52000.0,8.0,,25.0,45.0,https://vuzopedia.ru/program/magistratura/12332
347,"Химия окружающей среды, химическая экспертиза и экологическая безопасность",04.04.01,Химия,"Геохимик, Химик-разработчик, технолог по продукту, Химик-технологи остальные",56000.0,8.0,,25.0,40.0,https://vuzopedia.ru/program/magistratura/12329
348,Медицинская биология,06.04.01,Биология,"Учитель биологии, Нейробиолог (нейрофизиолог), Биолог-исследовательи остальные",56000.0,,,25.0,30.0,https://vuzopedia.ru/program/magistratura/12326
349,Экологическая безопасность окружающей среды,06.04.01,Биология,"Менеджер-эколог, Биоэколог, Специалист-технолог в области экологических биотехнологийи остальные",56000.0,,,25.0,40.0,https://vuzopedia.ru/program/magistratura/12323
350,Проектирование и разработка образовательных программ,44.04.01,Педагогическое образование,"Педагог, Педагог-организатор, Проектировщик индивидуальных траекторий (разработчик образовательных траекторий)и остальные",52000.0,5.0,,25.0,30.0,https://vuzopedia.ru/program/magistratura/12320
351,Логопедическое сопровождение детей и взрослых,44.04.03,Специальное (дефектологическое) образование,"Дефектолог, Логопед, Воспитатель логопедических группи остальные",52000.0,,,25.0,50.0,https://vuzopedia.ru/program/magistratura/12317
352,Информационные системы,09.04.03,Прикладная информатика,"Информатик (специалист по информационным технологиям), Техник по информационным системам, Специалист по информационным системами остальные",52000.0,,,25.0,60.0,https://vuzopedia.ru/program/magistratura/12314
353,Нейропсихологическое сопровождение в специальном (дефектологическом) образовании,44.04.03,Специальное (дефектологическое) образование,"Дефектолог, Нейропсихолог, Педагог-нейродефектологи остальные",52000.0,5.0,,25.0,45.0,https://vuzopedia.ru/program/magistratura/12311
354,Психолого-педагогическое сопровождение лиц с нарушениями в развитии,44.04.02,Психолого-педагогическое образование,"Педагог-психолог, Педагог инклюзивного образования, Специалист по детской психологической безопасностии остальные",186400.0,,,50.0,30.0,https://vuzopedia.ru/program/magistratura/12308
355,Правовое обеспечение образовательной деятельности,40.04.01,Юриспруденция,"Корпоративный юрист, Сетевой юрист, Юристи остальные",75000.0,,,60.0,40.0,https://vuzopedia.ru/program/magistratura/12300
356,Эффективное управление,38.04.04,Государственное и муниципальное управление,"Государственный аудитор, Государственный служащий, Специалист государственного и муниципального управленияи остальные",135000.0,,,80.0,20.0,https://vuzopedia.ru/program/magistratura/12299
357,Промышленное проектирование программных систем,09.04.04,Программная инженерия,"Инженер-технолог, Инженер-системотехник, Сетевой инженери остальные",84590.0,,,30.0,20.0,https://vuzopedia.ru/program/magistratura/12295
358,Юрист в сфере национальной безопасности,40.04.01,Юриспруденция,"Сетевой юрист, Юрист, Юрист-международники остальные",130800.0,5.0,,35.0,20.0,https://vuzopedia.ru/program/magistratura/12291
359,"Биотехнология продуктов функционального, лечебного и профилактического питания",19.04.01,Биотехнология,"Биотехнолог, Нанобиотехнолог, Системный биотехнологи остальные",86500.0,,,40.0,20.0,https://vuzopedia.ru/program/magistratura/12290
360,Дизайн авторской одежды и аксессуаров,54.04.01,Дизайн,"Дизайнер-модельер обуви, Дизайнер одежды, Дизайнери остальные",324000.0,,,70.0,10.0,https://vuzopedia.ru/program/magistratura/12286
361,Дизайн среды и управление проектами,54.04.01,Дизайн,"Дизайнер интерьеров, Дизайнер, Дизайнер городской средыи остальные",324000.0,,,70.0,10.0,https://vuzopedia.ru/program/magistratura/12282
362,Гейм-дизайн. Разработка авторских игр,54.04.01,Дизайн,"Разработчик компьютерных игр, Дизайнер компьютерных программ, Дизайнер дополненной реальностии остальные",324000.0,,,70.0,10.0,https://vuzopedia.ru/program/magistratura/12278
363,Управление авиатранспортными системами,25.04.01,Техническая эксплуатация летательных аппаратов и двигателей,"Авиаменеджер, Менеджер по авиаперевозкам, Летный директор авиационного предприятияи остальные",133000.0,,,40.0,30.0,https://vuzopedia.ru/program/magistratura/12274
364,Управление безопасностью на воздушном транспорте,25.04.01,Техническая эксплуатация летательных аппаратов и двигателей,"Инспектор по технике безопасности, Специалист по безопасности, Специалист (инженер) по безопасности полетови остальные",133000.0,,,40.0,30.0,https://vuzopedia.ru/program/magistratura/12270
365,Управление процессами технической эксплуатации бортового оборудования воздушных судов,25.04.02,Техническая эксплуатация авиационных электросистем и пилотажно-навигационных комплексов,"Инженер по эксплуатации, Инженер-электроник бортовых комплексов управления, Разработчик комплексов бортового оборудования авиационных летательных аппаратови остальные",133000.0,15.0,,40.0,35.0,https://vuzopedia.ru/program/magistratura/12266
366,Теория и практика гражданских правоотношений в России,40.04.01,Юриспруденция,"Юрист по земельно-имущественным отношениям, Юрист по недвижимости, Юристи остальные",65000.0,,,22.0,30.0,https://vuzopedia.ru/program/magistratura/12262
367,Дизайн в креативных индустриях,54.04.01,Дизайн,"Бренд-дизайнер, Дизайнер, Дизайнер-визуализатори остальные",77330.0,5.0,,50.0,20.0,https://vuzopedia.ru/program/magistratura/12258
368,Теория и методология когнитологии чтения в цифровой среде,51.04.06,Библиотечно-информационная деятельность,"Библиограф, Информатик (специалист по информационным технологиям), Библиотекарьи остальные",77330.0,4.0,,50.0,20.0,https://vuzopedia.ru/program/magistratura/12254
369,Менеджмент в сфере государственной культурной политики,51.04.03,Социально-культурная деятельность,"Государственный служащий, Менеджер социально-культурной деятельности, Политики остальные",71000.0,5.0,,50.0,20.0,https://vuzopedia.ru/program/magistratura/12250
370,Теория перевода и межъязыковая коммуникация,45.04.02,Лингвистика,"Гид-переводчик, Менеджер по межкультурной коммуникации, Переводчики остальные",50000.0,,,50.0,40.0,https://vuzopedia.ru/program/magistratura/12247
371,Управление экономической эффективностью инвестиций в объекты капитального строительства,38.04.01,Экономика,"Бухгалтер-экономист, Инженер-экономист, Экономисти остальные",178000.0,,,60.0,10.0,https://vuzopedia.ru/program/magistratura/12245
372,Бизнес-информатика,09.04.01,Информатика и вычислительная техника,"Техник по информационным системам, Специалист по информационным системам, Специалист по бизнес-планированию и разработке бизнес-планови остальные",178000.0,,,60.0,10.0,https://vuzopedia.ru/program/magistratura/12241
373,Инжиниринговая деятельность и реновация в производстве,15.04.04,Автоматизация технологических процессов и производств,"Инженер, Инженер по реновации технологических машин и оборудования, Инженер-механики остальные",150000.0,,,60.0,10.0,https://vuzopedia.ru/program/magistratura/12237
374,"Уголовно-правовое обеспечение безопасности личности, общества, государства",40.04.01,Юриспруденция,"Юрист по земельно-имущественным отношениям, Юрист по трудовому праву, Юристи остальные",,2.0,,,,https://vuzopedia.ru/program/magistratura/12233
375,Правовое регулирование предпринимательской деятельности,40.04.01,Юриспруденция,"Корпоративный юрист, Сетевой юрист, Юристи остальные",75000.0,,,90.0,40.0,https://vuzopedia.ru/program/magistratura/12229
376,"Клеточная и молекулярная биология, биоинформатика",06.04.01,Биология,"Биотехнолог, Биоинформатик, Биологи остальные",,1.0,,,,https://vuzopedia.ru/program/magistratura/12225
377,Экологическая безопасность в промышленности,05.04.06,Экология и природопользование,"Инженер по промышленной безопасности, Инженер-эколог, Специалист по экологическому проектированию (эколог-проектировщик)и остальные",44000.0,15.0,,30.0,60.0,https://vuzopedia.ru/program/magistratura/12223
378,Менеджмент и интеллектуальные системы в образовании,44.04.01,Педагогическое образование,"Методист в сфере образования, Специалист по информационным технологиям в образовании, Руководитель в сфере образованияи остальные",140000.0,25.0,,30.0,25.0,https://vuzopedia.ru/program/magistratura/12219
379,Теория и практика вокального исполнительства,44.04.01,Педагогическое образование,"Джазовый вокалист, Учитель музыки и пения, Хоровой вокалисти остальные",141731.0,7.0,,41.0,8.0,https://vuzopedia.ru/program/magistratura/12211
380,Юрист в сфере судебно-прокурорской деятельности,40.04.01,Юриспруденция,"Прокурор, Судья, Юристи остальные",150000.0,1.0,,40.0,15.0,https://vuzopedia.ru/program/magistratura/12209
381,Интенсивные технологии в животноводстве (по отраслям),36.04.02,Зоотехния,"Животновод, Оператор животноводческих комплексов и механизированных ферм, Фермер животноводческой фермыи остальные",,40.0,,,,https://vuzopedia.ru/program/magistratura/12205
382,Эксплуатация машин и оборудования,35.04.06,Агроинженерия,"Инженер по реновации технологических машин и оборудования, Инженер по эксплуатации, Слесарь по ремонту сельскохозяйственных машин и оборудованияи остальные",,35.0,,,,https://vuzopedia.ru/program/magistratura/12201
383,Компьютерный инжиниринг технических систем,35.04.06,Агроинженерия,"Аналитик компьютерных систем, Техник по компьютерным сетям, Техник по компьютерным системами остальные",,20.0,,,,https://vuzopedia.ru/program/magistratura/12197
384,Проектирование инженерных систем с применением цифровых технологий,20.04.02,Природообустройство и водопользование,"Инженер-конструктор, Инженер-технолог, Инженер-проектировщики остальные",,25.0,,,,https://vuzopedia.ru/program/magistratura/12193
385,Технология производства продуктов питания животного происхождения с заданными составом и с..,19.04.03,Продукты питания животного происхождения,"Инженер пищевой промышленности, Инженер-технолог пищевого производства, Технолог пищевого производстваи остальные",,20.0,,,,https://vuzopedia.ru/program/magistratura/12189
386,Электроэнергетические системы и сети,13.04.02,Электроэнергетика и электротехника,"Инженер-энергетик, Электромонтер по обслуживанию электрооборудования электростанций, Электромонтер контактной сетии остальные",,30.0,,,,https://vuzopedia.ru/program/magistratura/12181
387,Гидрометеорологические информационно-измерительные системы,05.04.04,Гидрометеорология,"Инженер-гидротехник, Гидрометнаблюдатель, Гидрометеорологи остальные",,15.0,,,,https://vuzopedia.ru/program/magistratura/12177
388,Дизайн образовательных продуктов в сфере искусства и креативных индустрий,44.04.04,Профессиональное обучение (по отраслям),"Учитель ИЗО, Специалист по педагогическому дизайну, педагогический дизайнер, Художник-педагоги остальные",,15.0,,,,https://vuzopedia.ru/program/magistratura/12174
389,Школа стратегических коммуникаций,42.04.01,Реклама и связи с общественностью,"Менеджер по рекламе, Специалист по стратегическому планированию рекламы, Специалист по медиакоммуникациям (масс-медиа)и остальные",,15.0,,,,https://vuzopedia.ru/program/magistratura/12170
390,Психология ментального здоровья,37.04.01,Психология,"Психолог, Практический психолог, Психолог-консультанти остальные",133540.0,15.0,,30.0,10.0,https://vuzopedia.ru/program/magistratura/12166
391,Геоинформационное обеспечение пространственного развития,05.04.02,География,"Географ, Геоинформатик, Специалист по геоинформационному сервису (ГИС-сервису)и остальные",178000.0,,,30.0,10.0,https://vuzopedia.ru/program/magistratura/12162
392,Биотехнологии и биоэкономика,19.04.01,Биотехнология,"Биоинженер, Биотехнолог, Биоэкологи остальные",178000.0,,,30.0,10.0,https://vuzopedia.ru/program/magistratura/12158
393,ML-инженерия и большие данные,09.04.03,Прикладная информатика,"Администратор баз данных, Инженер по сопровождению программного обеспечения, Аналитик данныхи остальные",138020.0,20.0,,30.0,10.0,https://vuzopedia.ru/program/magistratura/12154
394,Аналитика в цифровых медиакоммуникациях,42.04.05,Медиакоммуникации,"Аналитик данных, Специалист по медиакоммуникациям (масс-медиа), Специалист по медиакоммуникациями остальные",65050.0,,,25.0,30.0,https://vuzopedia.ru/program/magistratura/12152
395,"Лингвистика, лингводидактика и методика преподавания иностранных языков",45.04.02,Лингвистика,"Преподаватель лингвистики, Лингвист, Учитель иностранного языкаи остальные",210000.0,,,25.0,25.0,https://vuzopedia.ru/program/magistratura/12148
396,Мегатренды международного энергетического бизнеса,41.04.05,Международные отношения,"Маркетолог энергетических рынков, Специалист в области международных отношений, Экономист-международники остальные",210000.0,,,25.0,30.0,https://vuzopedia.ru/program/magistratura/12144
397,Правовое обеспечение в энергетике,40.04.01,Юриспруденция,"Корпоративный юрист, Сетевой юрист, Юристи остальные",210000.0,,,25.0,30.0,https://vuzopedia.ru/program/magistratura/12140
398,Стратегическое управление качеством в организации,27.04.02,Управление качеством,"Инженер по управлению качеством, Инженер-технолог по качеству, Менеджер по качествуи остальные",420000.0,10.0,,25.0,32.0,https://vuzopedia.ru/program/magistratura/12136
399,"Твердотельная микро- и наноэлектроника, лазерная и оптическая измерительная электроника (И..",11.04.04,Электроника и наноэлектроника,"Инженер по лазерной технике и лазерным технологиям, Инженер по наноэлектронике, Контролер оптических деталей и приборови остальные",420000.0,15.0,,25.0,11.0,https://vuzopedia.ru/program/magistratura/12132
400,Гидроэнергетическое строительство,08.04.01,Строительство,"Инженер-гидротехник, Инженер-машиностроитель, Инженер-строительи остальные",210000.0,10.0,,25.0,25.0,https://vuzopedia.ru/program/magistratura/12128
401,Психология образования и развития,44.04.02,Психолого-педагогическое образование,"Психолог, Педагог-психолог, Коррекционный психолог, специальный психологи остальные",136000.0,10.0,,30.0,10.0,https://vuzopedia.ru/program/magistratura/12126
402,Индустрия гостеприимства в курортных комплексах,43.04.03,Гостиничное дело,"Специалист по гостеприимству, Менеджер по туризму, Специалист по санаторно-курортному делуи остальные",136000.0,8.0,,30.0,5.0,https://vuzopedia.ru/program/magistratura/12122
403,Ландшафтная архитектура туристско-рекреационного комплекса,35.04.09,Ландшафтная архитектура,"Архитектор ландшафтов, Архитектор-градостроитель, Ландшафтовед (специалист по ландшафтоведению)и остальные",136000.0,9.0,,30.0,10.0,https://vuzopedia.ru/program/magistratura/12118
404,Инженерное обустройство территорий и сооружений,20.04.02,Природообустройство и водопользование,"Инженер природообустройства, Инженер-технолог по водоподготовке (водоочистке, очистных сооружений), Ремонтник искусственных сооруженийи остальные",136000.0,10.0,,30.0,10.0,https://vuzopedia.ru/program/magistratura/12114
405,Технологии искусственного интеллекта и бизнес-аналитика,38.04.05,Бизнес-информатика,"Аналитик данных, Специалист по искусственному интеллекту, Специалист по бизнес-планированию и разработке бизнес-планови остальные",78000.0,,,60.0,30.0,https://vuzopedia.ru/program/magistratura/12111
406,Автомобилестроение и автосервис,23.04.02,Наземные транспортно-технологические комплексы,"Инженер-конструктор автомобилей, Инженер-мехатроник в автомобилестроении, Специалист по технологии машиностроенияи остальные",137295.0,,,60.0,10.0,https://vuzopedia.ru/program/magistratura/12107
407,Материаловедение и технологии новых материалов (реализуемая в сетевой форме с Ланьчжоуским..,22.04.01,Материаловедение и технологии материалов,"Химик-материаловед, Проектировщик умных материалов, дизайнер-технолог новых материалов, Материаловеди остальные",154916.0,,,60.0,20.0,https://vuzopedia.ru/program/magistratura/12103
408,Социальная архитектура,39.04.01,Социология,"Специалист по социальной работе, Социолог, Социальный инженери остальные",440000.0,25.0,,30.0,5.0,https://vuzopedia.ru/program/magistratura/12100
409,Цифровые технологии и управление информационной безопасностью в государственном аудите и к..,38.04.09,Государственный аудит,"Государственный аудитор, Государственный служащий, Специалист государственного и муниципального управленияи остальные",420000.0,10.0,,30.0,7.0,https://vuzopedia.ru/program/magistratura/12096
410,Цифровой финансовый маркетинг,38.04.02,Менеджмент,"Маркетолог, Финансист, Финансовый консультанти остальные",405000.0,6.0,,30.0,10.0,https://vuzopedia.ru/program/magistratura/12092
411,Прикладные инструменты цифрового государственного управления,38.04.04,Государственное и муниципальное управление,"Государственный аудитор, Государственный служащий, Специалист государственного и муниципального управленияи остальные",230000.0,,,30.0,20.0,https://vuzopedia.ru/program/magistratura/12088
412,Киберэкономика и финансовая безопасность,38.04.01,Экономика,"Финансист, Финансовый менеджер, Финансовый консультанти остальные",230000.0,3.0,,30.0,15.0,https://vuzopedia.ru/program/magistratura/12084
413,"Инженерные системы зданий, сооружений и территорий в строительстве и ЖКХ",08.04.01,Строительство,"Инженер-строитель, Менеджер строительного проекта, Техник по гражданскому строительствуи остальные",189000.0,20.0,,50.0,5.0,https://vuzopedia.ru/program/magistratura/12082
414,Бережливое производство и экспертиза в строительстве,08.04.01,Строительство,"Инженер-строитель, Эксперт инженерно-технической экспертизы, Техник по гражданскому строительствуи остальные",189000.0,30.0,,50.0,5.0,https://vuzopedia.ru/program/magistratura/12078
415,Суперкомпьютерные технологии и экспериментальная механика в приложении к аэрокосмической т..,24.04.05,Двигатели летательных аппаратов,"Инженер-конструктор по теплофизике в ракетно-космической промышленности, Инженер-механик по ракетостроению, Специалист по системам управления и телеметрии ракет и космических комплексови остальные",169000.0,20.0,,50.0,5.0,https://vuzopedia.ru/program/magistratura/12074
416,Автомобильные дороги и мосты,08.04.01,Строительство,"Инженер-строитель, Инженер-строитель мостов и тоннелей, Инженер-строитель автомобильных дороги остальные",189000.0,20.0,,50.0,5.0,https://vuzopedia.ru/program/magistratura/12070
417,Межкультурная коммуникация и перевод в научно-технической сфере,45.04.02,Лингвистика,"Менеджер по межкультурной коммуникации, Переводчик, Специалист по научной коммуникациии остальные",169000.0,20.0,,50.0,15.0,https://vuzopedia.ru/program/magistratura/12066
418,Текстовая аналитика (китайский язык),45.04.03,Фундаментальная и прикладная лингвистика,"Лингвист, Преподаватель китайского языка, Учитель китайского языкаи остальные",,14.0,,,,https://vuzopedia.ru/program/magistratura/12065
419,Педагогический дизайн креативных индустрий и туристической деятельности,44.04.01,Педагогическое образование,"Педагог, Педагог-организатор, Специалист по педагогическому дизайну, педагогический дизайнери остальные",63300.0,12.0,,25.0,10.0,https://vuzopedia.ru/program/magistratura/12057
420,Семейная психология с основами консультирования,37.04.01,Психология,"Психолог, Семейный психолог, Психолог-консультанти остальные",160300.0,7.0,,25.0,10.0,https://vuzopedia.ru/program/magistratura/12052
421,Системный инжиниринг электрифицированных силовых установок,24.04.05,Двигатели летательных аппаратов,"Инженер-электротехник, Техник-электромонтажник, Системный инженер интеллектуальных энергосетейи остальные",,10.0,,,,https://vuzopedia.ru/program/magistratura/12048
422,Средства производства и технологии для авиадвигателестроения,15.04.02,Технологические машины и оборудование,"Инженер-прочнист авиационных конструкций, Специалист по производству и обслуживанию авиационной техники, Слесарь по ремонту авиадвигателейи остальные",179800.0,14.0,,25.0,10.0,https://vuzopedia.ru/program/magistratura/12044
423,Проектирование объектов энергетического машиностроения,13.04.03,Энергетическое машиностроение,"Инженер по энергетическому машиностроению, Инженер-проектировщик, Проектировщик энергонакопителейи остальные",168000.0,15.0,,25.0,10.0,https://vuzopedia.ru/program/magistratura/12040
424,Технологии электроэнергетики и энергоменеджмент,13.04.02,Электроэнергетика и электротехника,"Специалист по энергоэффективности и энергосбережению, Специалист по работе с энергорынками, Энергоаудитори остальные",179800.0,10.0,,25.0,10.0,https://vuzopedia.ru/program/magistratura/12036
425,Геоинформационные технологии в управлении развитием территорий,05.04.02,География,"Геоинформатик, Специалист по геоинформационному сервису (ГИС-сервису), Руководитель по развитию городской средыи остальные",168000.0,13.0,,25.0,10.0,https://vuzopedia.ru/program/magistratura/12028
426,Химическое и прикладное материаловедение,04.04.02,"Химия, физика и механика материалов","Химик-аналитик, Химик-материаловед, Материаловеди остальные",168000.0,15.0,,25.0,10.0,https://vuzopedia.ru/program/magistratura/12024
427,"Цифровой инжиниринг в контроле добычи, транспортировки углеводородов и экологии недр",03.04.02,Физика,"Оператор по добыче нефти и газа, Специалист по транспортировке по трубопроводам газа, Специалист по добыче нефти, газа и газового конденсатаи остальные",179800.0,15.0,,25.0,10.0,https://vuzopedia.ru/program/magistratura/12020
428,Образовательный инжиниринг в начальном общем образовании,44.04.01,Педагогическое образование,"Педагог, Педагог-психолог, Педагог-организатори остальные",185000.0,8.0,,50.0,1.0,https://vuzopedia.ru/program/magistratura/12008
429,Публичная политика и управление в цифровом обществе,41.04.06,Публичная политика,"Консультант в области развития цифровых компетенций населения (цифровой куратор), Политик, Специалист государственного и муниципального управленияи остальные",90000.0,,,50.0,10.0,https://vuzopedia.ru/program/magistratura/12004
430,Государственная молодежная политика,39.04.03,Организация работы с молодежью,"Политик, Специалист по работе с молодежью, Специалист государственного и муниципального управленияи остальные",78000.0,13.0,,50.0,30.0,https://vuzopedia.ru/program/magistratura/12000
431,Стратегический и операционный менеджмент: управленческий консалтинг,38.04.02,Менеджмент,"Инновационный менеджер, Консультант по электронному бизнесу, Менеджери остальные",88000.0,,,50.0,26.0,https://vuzopedia.ru/program/magistratura/11996
432,Реабилитационная и экспертно-диагностическая деятельность психолога,37.04.01,Психология,"Коррекционный психолог, специальный психолог, Специалист по психологическому обеспечению в чрезвычайной ситуации, Психолог-консультанти остальные",120000.0,,,50.0,48.0,https://vuzopedia.ru/program/magistratura/11992
433,Финансовые рынки и финтех,38.04.08,Финансы и кредит,"Финансист, Финансовый менеджер, Финансовый консультанти остальные",88000.0,,,50.0,30.0,https://vuzopedia.ru/program/magistratura/11988
434,Бренд-дизайн и продвижение цифровых экосистем,38.04.06,Торговое дело,"Бренд-дизайнер, Менеджер по развитию HR-бренда, Бренд-менеджери остальные",83000.0,,,50.0,20.0,https://vuzopedia.ru/program/magistratura/11984
435,Управление бизнесом и международное предпринимательство,38.04.02,Менеджмент,"Предприниматель, Специалист по бизнес-планированию и разработке бизнес-планов, Экономист-международники остальные",140790.0,,,50.0,30.0,https://vuzopedia.ru/program/magistratura/11980
436,Финансовая экономика в цифровой среде,38.04.01,Экономика,"Финансист, Финансовый менеджер, Финансовый консультанти остальные",88000.0,4.0,,50.0,30.0,https://vuzopedia.ru/program/magistratura/11976
437,Бизнес-аналитика и аналитика данных,27.04.03,Системный анализ и управление,"Аналитик данных, Специалист по бизнес-планированию и разработке бизнес-планов, Оценщик бизнесаи остальные",178000.0,,,50.0,40.0,https://vuzopedia.ru/program/magistratura/11972
438,Прикладные языковые технологии в цифровых коммуникациях,45.04.03,Фундаментальная и прикладная лингвистика,"Компьютерный лингвист, Лингвист, Лингвист-исследовательи остальные",178000.0,10.0,,50.0,5.0,https://vuzopedia.ru/program/magistratura/11968
439,Электронные СМИ и новые медиа,42.04.05,Медиакоммуникации,"Медиа-консультант, Медиа-менеджер, Специалист по телекоммуникациии остальные",178000.0,5.0,,50.0,12.0,https://vuzopedia.ru/program/magistratura/11964
440,Арт-медиа,42.04.02,Журналистика,"Арт-журналист, Медиа-консультант, Медиа-менеджери остальные",65930.0,7.0,,50.0,15.0,https://vuzopedia.ru/program/magistratura/11960
441,Реклама и связи с общественностью в СМИ,42.04.01,Реклама и связи с общественностью,"Рекламный агент, Специалист по рекламе, Специалист по стратегическому планированию рекламыи остальные",178000.0,5.0,,50.0,12.0,https://vuzopedia.ru/program/magistratura/11956
442,Частное право и цивилистический процесс в цифровую эпоху,40.04.01,Юриспруденция,"Корпоративный юрист, Сетевой юрист, Юристи остальные",150000.0,,,50.0,41.0,https://vuzopedia.ru/program/magistratura/11952
443,Прикладная история,46.04.01,История,"Историк, Историограф, Исторический консультант, исторический реконструктори остальные",27430.0,15.0,,50.0,6.0,https://vuzopedia.ru/program/magistratura/11948
444,"Дипломатия: теория, история, практика",41.04.05,Международные отношения,"Дипломат, Специалист в области международных отношений, Юрист-международники остальные",178000.0,,,50.0,20.0,https://vuzopedia.ru/program/magistratura/11944
445,Информационная безопасность интеллектуальных автоматизированных систем,10.04.01,Информационная безопасность,"Аналитик информационной безопасности, Инженер информационной безопасности, Куратор информационной безопасностии остальные",178000.0,,,50.0,5.0,https://vuzopedia.ru/program/magistratura/11940
446,Телекоммуникационные системы и технологии информационно-коммуникационной безопасности,11.04.02,Инфокоммуникационные технологии и системы связи,"Аналитик информационной безопасности, Инженер информационной безопасности, Специалист по телекоммуникациии остальные",383090.0,20.0,,30.0,10.0,https://vuzopedia.ru/program/magistratura/11937
447,Продуктовая разработка и разработка программных систем,01.04.02,Прикладная математика и информатика,"Инженер-разработчик аппаратного обеспечения, Разработчик математических и компьютерных моделей, Руководитель разработки программного обеспеченияи остальные",383090.0,28.0,,30.0,20.0,https://vuzopedia.ru/program/magistratura/11933
448,Математика и компьютерные науки,02.04.01,Математика и компьютерные науки,"Математик, Информатик-технолог, Учитель математики и информатикии остальные",508000.0,20.0,,40.0,20.0,https://vuzopedia.ru/program/magistratura/11931
449,Передовые методы искусственного интеллекта,01.04.02,Прикладная математика и информатика,"Разработчик нейронных сетей, Intelligent Systems Developer (разработчик интеллектуальных систем), Специалист по искусственному интеллектуи остальные",307000.0,56.0,,40.0,7.0,https://vuzopedia.ru/program/magistratura/11927
450,Интеллектуальные технологии смешанной реальности для аэрокосмических систем,01.04.03,Механика и математическое моделирование,"Техник по информационным системам, Специалист по информационным системам, Руководитель проектов в области информационных технологийи остальные",486400.0,4.0,,40.0,1.0,https://vuzopedia.ru/program/magistratura/11923
451,Экспертно-аналитическое обеспечение внешнеполитической деятельности,41.04.05,Международные отношения,"Государственный служащий, Политик, Специалист государственного и муниципального управленияи остальные",451820.0,7.0,,40.0,16.0,https://vuzopedia.ru/program/magistratura/11915
452,Государственное и корпоративное управление развитием человеческого капитала — Public and C..,38.04.02,Менеджмент,"Государственный служащий, Политик, Специалист государственного и муниципального управленияи остальные",620000.0,1.0,,40.0,1.0,https://vuzopedia.ru/program/magistratura/11911
453,Государственная политика и управление политическими проектами,38.04.04,Государственное и муниципальное управление,"Государственный служащий, Политик, Специалист государственного и муниципального управленияи остальные",452000.0,4.0,,40.0,6.0,https://vuzopedia.ru/program/magistratura/11907
454,"Музейный менеджмент, маркетинг и история искусств",38.04.02,Менеджмент,"Маркетолог, Историк-медиевист, Музейный работники остальные",286900.0,,,40.0,28.0,https://vuzopedia.ru/program/magistratura/11903
455,Международные отношения и экономическая дипломатия,41.04.04,Политология,"Дипломат, Специалист в области международных отношений, Юрист-международники остальные",451820.0,,,40.0,5.0,https://vuzopedia.ru/program/magistratura/11899
456,Государственная политика в Евразии,41.04.04,Политология,"Государственный служащий, Политик, Специалист государственного и муниципального управленияи остальные",451820.0,,,40.0,10.0,https://vuzopedia.ru/program/magistratura/11895
457,Социальная архитектура,41.04.04,Политология,"Специалист по социальной работе, Социолог, Социальный инженери остальные",451820.0,10.0,,40.0,10.0,https://vuzopedia.ru/program/magistratura/11891
458,Политическое образование и гражданское просвещение,41.04.04,Политология,"Государственный служащий, Политик, Специалист государственного и муниципального управленияи остальные",451820.0,8.0,,40.0,6.0,https://vuzopedia.ru/program/magistratura/11887
459,Искусственный интеллект и цифровые коммуникации в государственном администрировании,38.04.04,Государственное и муниципальное управление,"Государственный служащий, Специалист по искусственному интеллекту, Специалист государственного и муниципального управленияи остальные",452000.0,,,40.0,20.0,https://vuzopedia.ru/program/magistratura/11883
460,Перевод в международных организациях (с продолжающим уровнем французского и английского яз..,45.04.02,Лингвистика,"Переводчик французского языка, Письменный переводчик, Переводчики остальные",451820.0,5.0,,40.0,3.0,https://vuzopedia.ru/program/magistratura/11879
461,Язык профессионального общения в сфере управления,45.04.02,Лингвистика,"Лингвист, Лингвист-исследователь, Преподаватель филологии (филологических дисциплин)и остальные",451820.0,3.0,,40.0,3.0,https://vuzopedia.ru/program/magistratura/11875
462,Иностранный язык и межкультурная коммуникация в политике и дипломатии,45.04.02,Лингвистика,"Дипломат, Менеджер по межкультурной коммуникации, Учитель иностранного языкаи остальные",451820.0,3.0,,40.0,3.0,https://vuzopedia.ru/program/magistratura/11871
463,Искусственный интеллект в обучении иностранным языкам,45.04.02,Лингвистика,"Лингвист, Учитель иностранного языка, Специалист по искусственному интеллектуи остальные",451820.0,3.0,,40.0,3.0,https://vuzopedia.ru/program/magistratura/11867
464,Обучение иностранным языкам в высшей школе и корпоративной среде,45.04.02,Лингвистика,"Преподаватель лингвистики, Учитель иностранного языка, Преподаватель филологии (филологических дисциплин)и остальные",451820.0,3.0,,40.0,3.0,https://vuzopedia.ru/program/magistratura/11863
465,Практическая юриспруденция,40.04.01,Юриспруденция,"Корпоративный юрист, Сетевой юрист, Юристи остальные",540000.0,,,40.0,50.0,https://vuzopedia.ru/program/magistratura/11859
466,"Публичное право и взаимодействие с органами публичной власти (GR, government relations)",40.04.01,Юриспруденция,"Корпоративный юрист, Правозащитник, Юристи остальные",540000.0,39.0,,40.0,13.0,https://vuzopedia.ru/program/magistratura/11855
467,Правоведение,40.04.01,Юриспруденция,"Корпоративный юрист, Юрист, Юрисконсульти остальные",540000.0,39.0,,40.0,13.0,https://vuzopedia.ru/program/magistratura/11851
468,Компьютерная лингвистика,45.04.03,Фундаментальная и прикладная лингвистика,"Компьютерный лингвист, Лингвист-исследователь, Цифровой лингвисти остальные",451820.0,6.0,,40.0,1.0,https://vuzopedia.ru/program/magistratura/11847
469,Теоретическая лингвистика,45.04.03,Фундаментальная и прикладная лингвистика,"Лингвист, Лингвист-исследователь, Преподаватель филологии (филологических дисциплин)и остальные",451820.0,7.0,,40.0,1.0,https://vuzopedia.ru/program/magistratura/11843
470,История международных отношений в новое и новейшее время,46.04.01,История,"Историк, Историограф, Исторический консультант, исторический реконструктори остальные",451820.0,,,40.0,3.0,https://vuzopedia.ru/program/magistratura/11839
471,Контроль качества в фармацевтической разработке лекарственных средств,33.04.01,Промышленная фармация,"Инженер по управлению качеством, Менеджер по качеству на химическом производстве, Фармакологи остальные",508000.0,5.0,,40.0,5.0,https://vuzopedia.ru/program/magistratura/11837
472,Рациональное природопользование,05.04.06,Экология и природопользование,"Геоэколог, Инженер комплексного использования водных ресурсов, Инженер природообустройстваи остальные",486400.0,8.0,,40.0,1.0,https://vuzopedia.ru/program/magistratura/11833
473,Обращение с отработавшим ядерным топливом,04.04.01,Химия,"Радиохимик, специалист по ядерной химии, радиационной химии, Химик-технолог, Специалист в области учета и контроля ядерных материалов в области атомной энергетикии остальные",666700.0,,,40.0,2.0,https://vuzopedia.ru/program/magistratura/11829
474,Радиофармацевтическая химия,04.04.01,Химия,"Фармацевт, Радиохимик, специалист по ядерной химии, радиационной химии, Химик фармацевтической промышленностии остальные",666700.0,,,40.0,2.0,https://vuzopedia.ru/program/magistratura/11825
475,Концептуальное дизайнерское проектирование,54.04.01,Дизайн,"Графический дизайнер, Проектировщик доступной среды, Дизайнери остальные",75000.0,6.0,,20.0,15.0,https://vuzopedia.ru/program/magistratura/11823
476,Цифровизация в проектировании зданий,08.04.01,Строительство,"Архитектор-градостроитель, Специалист по информационным системам обеспечения градостроительной деятельности, Специалист по геотехническому проектированиюи остальные",164300.0,20.0,,27.0,10.0,https://vuzopedia.ru/program/magistratura/11819
477,Продюсирование в креативной индустрии,42.04.01,Реклама и связи с общественностью,"Продюсер онлайн-курсов, Продюсер исполнительских искусств, Продюсери остальные",321500.0,6.0,,40.0,10.0,https://vuzopedia.ru/program/magistratura/11815
478,Международная социология,39.04.01,Социология,"Специалист по социальной работе, Социолог, Социальный работники остальные",341100.0,10.0,,35.0,10.0,https://vuzopedia.ru/program/magistratura/11811
479,Социальная архитектура,38.04.04,Государственное и муниципальное управление,"Специалист по социальной работе, Социолог, Социальный инженери остальные",565500.0,10.0,,40.0,5.0,https://vuzopedia.ru/program/magistratura/11807
480,Платформенная экономика,38.04.01,Экономика,"Бухгалтер-экономист, Экономист по финансам и кредитам, Экономисти остальные",369300.0,10.0,,40.0,5.0,https://vuzopedia.ru/program/magistratura/11803
481,Поведенческая экономика и экономическая психология,38.04.01,Экономика,"Бухгалтер-экономист, Экономист по финансам и кредитам, Экономисти остальные",369300.0,10.0,,40.0,5.0,https://vuzopedia.ru/program/magistratura/11799
482,Управление проектами в креативной экономике,38.04.01,Экономика,"Менеджер непрерывности бизнеса, Антикризисный управляющий, Специалист по бизнес-планированию и разработке бизнес-планови остальные",369300.0,10.0,,40.0,5.0,https://vuzopedia.ru/program/magistratura/11795
483,Системный анализ и интеллектуальные системы управления бизнес-процессами,09.04.03,Прикладная информатика,"Аналитик данных, Специалист по бизнес-планированию и разработке бизнес-планов, Системный аналитики остальные",379000.0,,,40.0,80.0,https://vuzopedia.ru/program/magistratura/11791
484,Государственное управление и противодействие коррупции в транспортной отрасли,38.04.04,Государственное и муниципальное управление,"Государственный аудитор, Государственный служащий, Специалист государственного и муниципального управленияи остальные",178800.0,,,50.0,35.0,https://vuzopedia.ru/program/magistratura/11788
485,Транспортный и промышленный дизайн,54.04.01,Дизайн,"Дизайнер, Промышленный дизайнер, Дизайнер транспортных средстви остальные",500000.0,,,50.0,35.0,https://vuzopedia.ru/program/magistratura/11784
486,Контроль и надзор на транспорте,40.04.01,Юриспруденция,"Корпоративный юрист, Транспортный юрист, Юристи остальные",178800.0,,,50.0,35.0,https://vuzopedia.ru/program/magistratura/11780
487,Правоохранительная деятельность в сфере обеспечения транспортной безопасности,40.04.01,Юриспруденция,"Дорожный инспектор (железнодорожного транспорта), Сотрудник правоохранительных органов, Юристи остальные",178800.0,,,50.0,35.0,https://vuzopedia.ru/program/magistratura/11776
488,Цивилистика (юрист частного права) в транспортной сфере,40.04.01,Юриспруденция,"Корпоративный юрист, Транспортный юрист, Юристи остальные",178800.0,,,50.0,35.0,https://vuzopedia.ru/program/magistratura/11772
489,Предпринимательское и коммерческое право в транспортной отрасли,40.04.01,Юриспруденция,"Транспортный юрист, Сетевой юрист, Юристи остальные",136800.0,,,50.0,105.0,https://vuzopedia.ru/program/magistratura/11768
490,Государственное управление на транспорте,38.04.04,Государственное и муниципальное управление,"Дорожный инспектор (железнодорожного транспорта), Государственный служащий, Специалист государственного и муниципального управленияи остальные",178000.0,,,50.0,35.0,https://vuzopedia.ru/program/magistratura/11764
491,Интеллектуальные системы обработки информации и управления на воздушном транспорте,25.04.03,Аэронавигация,"Диспетчер управления воздушным движением, Intelligent Systems Developer (разработчик интеллектуальных систем), Разработчик интеллектуальных систем управления динамической диспетчеризациейи остальные",500000.0,20.0,,50.0,10.0,https://vuzopedia.ru/program/magistratura/11760
492,Пассажирский комплекс ВСМ,23.04.02,Наземные транспортно-технологические комплексы,"Дорожный инспектор (железнодорожного транспорта), Поездной диспетчер (специалист по оперативно-диспетчерскому управлению железнодорожными перевозками), Специалист по организации управления движением поездов, производства маневровой работы на раздельных пунктахи остальные",380000.0,,,50.0,30.0,https://vuzopedia.ru/program/magistratura/11756
493,Гигиена и техносферные риски транспортных систем,20.04.01,Техносферная безопасность,"Инженер по безопасности транспортной сети, Инспектор по технике безопасности, Специалист по техносферной безопасностии остальные",374000.0,10.0,,50.0,25.0,https://vuzopedia.ru/program/magistratura/11752
494,Электрический транспорт и локомотивы автономной тяги,13.04.02,Электроэнергетика и электротехника,"Машинист локомотива (специалист по управлению и обслуживанию локомотива), Специалист по обслуживанию и ремонту устройств железнодорожной автоматики и телемеханики, Энергодиспетчер железнодорожного транспортаи остальные",374000.0,20.0,,50.0,15.0,https://vuzopedia.ru/program/magistratura/11748
495,Экономика в строительстве и ЖКХ,38.04.01,Экономика,"Бухгалтер-экономист, Инженер-экономист, Экономисти остальные",70000.0,,,41.0,10.0,https://vuzopedia.ru/program/magistratura/11744
496,Предупреждение и ликвидация чрезвычайных ситуаций,20.04.01,Техносферная безопасность,"Инженер по пожарной безопасности, Инженер по промышленной безопасности, Специалист по техносферной безопасностии остальные",78000.0,7.0,,41.0,40.0,https://vuzopedia.ru/program/magistratura/11740
497,Экологическая безопасность в техносфере,20.04.01,Техносферная безопасность,"Инженер по промышленной безопасности, Инженер-эколог, Специалист по техносферной безопасностии остальные",78000.0,7.0,,41.0,30.0,https://vuzopedia.ru/program/magistratura/11736
498,Машинное обучение и интеллектуальный анализ данных,09.04.04,Программная инженерия,"Аналитик данных, Специалист по машинному обучению, Специалист по искусственному интеллектуи остальные",160160.0,10.0,,41.0,5.0,https://vuzopedia.ru/program/magistratura/11732
499,"Цифровые технологии в урбанистике, архитектуре и строительстве",09.04.02,Информационные системы и технологии,"Архитектор-градостроитель, Инженер-разработчик аппаратного обеспечения, Информатик (специалист по информационным технологиям)и остальные",78000.0,6.0,,41.0,40.0,https://vuzopedia.ru/program/magistratura/11731
500,Судебная строительно-техническая и стоимостная экспертиза объектов недвижимости,08.04.01,Строительство,"Агент по недвижимости, Управляющий недвижимостью (менеджер по недвижимости), Юрист по недвижимостии остальные",178000.0,,,41.0,10.0,https://vuzopedia.ru/program/magistratura/11727
501,Автомобильные дороги,08.04.01,Строительство,"Инженер-строитель, Инженер-строитель автомобильных дорог, Строитель умных дороги остальные",78000.0,7.0,,41.0,30.0,https://vuzopedia.ru/program/magistratura/11723
502,Инновационные технологии в городском строительстве,08.04.01,Строительство,"Инженер-строитель, Специалист по модернизации строительных технологий, Техник по гражданскому строительствуи остальные",178000.0,7.0,,41.0,10.0,https://vuzopedia.ru/program/magistratura/11719
503,Техническая эксплуатация объектов жилищно-коммунального хозяйства,08.04.01,Строительство,"Управляющий жилым комплексом, Техник-смотритель жилищного хозяйства, Специалист по домашнему и коммунальному хозяйствуи остальные",178000.0,7.0,,41.0,10.0,https://vuzopedia.ru/program/magistratura/11715
504,Проектирование и строительство нефтегазовых комплексов,08.04.01,Строительство,"Инженер-машиностроитель, Инженер-строитель, Менеджер строительного проектаи остальные",78000.0,7.0,,41.0,35.0,https://vuzopedia.ru/program/magistratura/11711
505,Промышленное и гражданское строительство: технологии и организация строительства,08.04.01,Строительство,"Архитектор-градостроитель, Инженер-строитель, Техник по гражданскому строительствуи остальные",78000.0,9.0,,41.0,70.0,https://vuzopedia.ru/program/magistratura/11707
506,Инженерия историко-политических нарративов,41.04.04,Политология,"Историограф, Историк-медиевист, Политики остальные",300000.0,,,30.0,15.0,https://vuzopedia.ru/program/magistratura/11703
507,Стратегическое управление безопасностью предприятий,20.04.01,Техносферная безопасность,"Инженер по охране труда и технике безопасности, Инженер по промышленной безопасности, Специалист по техносферной безопасностии остальные",300000.0,,,30.0,15.0,https://vuzopedia.ru/program/magistratura/11699
508,Разработка кроссплатформенных систем с использованием искусственного интеллекта,09.04.03,Прикладная информатика,"Инженер-разработчик аппаратного обеспечения, Разработчик Web и мультимедийных приложений, Руководитель разработки программного обеспеченияи остальные",106000.0,8.0,,30.0,35.0,https://vuzopedia.ru/program/magistratura/11695
509,Системный анализ в информационных технологиях,09.04.02,Информационные системы и технологии,"Аналитик компьютерных систем, Специалист по информационным системам, Системный аналитики остальные",300000.0,,,30.0,15.0,https://vuzopedia.ru/program/magistratura/11692
510,Пищевые технологии продуктов и напитков из растительного сырья,19.04.02,Продукты питания из растительного сырья,"Инженер пищевой промышленности, Инженер-технолог пищевого производства, Технолог пищевого производстваи остальные",178000.0,14.0,,25.0,15.0,https://vuzopedia.ru/program/magistratura/11688
511,Профориентация и карьерный консалтинг,44.04.02,Психолого-педагогическое образование,"Практический психолог, Профориентолог, Психолог-консультанти остальные",66500.0,10.0,,5.0,15.0,https://vuzopedia.ru/program/magistratura/11684
512,Английский язык в международном образовательном пространстве,44.04.01,Педагогическое образование,"Лингвист, Учитель (преподаватель) английского языка, Учитель английского языкаи остальные",66500.0,5.0,,5.0,15.0,https://vuzopedia.ru/program/magistratura/11680
513,Информационные технологии и искусственный интеллект в АПК,09.04.03,Прикладная информатика,"Инженер-разработчик аппаратного обеспечения, Информатик (специалист по информационным технологиям), Специалист по искусственному интеллектуи остальные",48000.0,,,51.0,30.0,https://vuzopedia.ru/program/magistratura/11677
514,Декоративно-прикладное творчество,51.04.02,Народная художественная культура,"Декоратор, Специалист по театрально-декорационному искусству, Специалист по декоративно-прикладному искусствуи остальные",,4.0,,,,https://vuzopedia.ru/program/magistratura/11676
515,Изучение и охрана объектов культурного наследия,51.04.01,Культурология,"Историк, Исторический консультант, исторический реконструктор, Культурологи остальные",161000.0,10.0,,35.0,15.0,https://vuzopedia.ru/program/magistratura/11672
516,История России XX века,46.04.01,История,"Историк, Историограф, Исторический консультант, исторический реконструктори остальные",166460.0,15.0,,35.0,10.0,https://vuzopedia.ru/program/magistratura/11668
517,Передовые технологии машиностроения,15.04.01,Машиностроение,"Инженер-машиностроитель, Специалист по технологии машиностроения, Специалист по проектированию гибких производственных систем в машиностроениии остальные",194595.0,10.0,,40.0,10.0,https://vuzopedia.ru/program/magistratura/11667
518,Психологическая помощь в экстремальных и трудных жизненных ситуациях,44.04.02,Психолого-педагогическое образование,"Психолог, Коррекционный психолог, специальный психолог, Практический психологи остальные",68000.0,12.0,,41.0,13.0,https://vuzopedia.ru/program/magistratura/11663
519,Современные технологии естествознания и физической культуры,44.04.01,Педагогическое образование,"Педагог, Учитель физкультуры, Учитель естествознанияи остальные",138000.0,13.0,,41.0,17.0,https://vuzopedia.ru/program/magistratura/11662
520,Правовое обеспечение использования искусственного интеллекта,40.04.01,Юриспруденция,"Корпоративный юрист, Сетевой юрист, Юристи остальные",190000.0,5.0,,40.0,10.0,https://vuzopedia.ru/program/magistratura/11658
521,Государственное регулирование опеки и попечительства,40.04.01,Юриспруденция,"Государственный служащий, Специалист органов опеки и попечительства в отношении несовершеннолетних, Специалист государственного и муниципального управленияи остальные",190000.0,15.0,,40.0,10.0,https://vuzopedia.ru/program/magistratura/11654
522,Государственное управление налоговой политикой региона,38.04.04,Государственное и муниципальное управление,"Государственный служащий, Налоговый инспектор, Налоговый консультанти остальные",,3.0,,,,https://vuzopedia.ru/program/magistratura/11650
523,Цифровая медиалингвистика,45.04.02,Лингвистика,"Лингвист, Лингвист-исследователь, Цифровой лингвисти остальные",308000.0,,,65.0,12.0,https://vuzopedia.ru/program/magistratura/11646
524,Менеджмент и маркетинг спорта и фитнес-индустрии,44.04.01,Педагогическое образование,"Маркетолог, Фитнес-тренер (тренер по фитнесу), Спортивный менеджери остальные",68000.0,,,60.0,10.0,https://vuzopedia.ru/program/magistratura/11645
525,Дополнительное художественное образование детей средствами искусства,44.04.01,Педагогическое образование,"Преподаватель программ дополнительного образования, Педагог дополнительного образования, Специалист по управлению в учреждениях дополнительного образованияи остальные",68000.0,,,60.0,10.0,https://vuzopedia.ru/program/magistratura/11641
526,Управление образовательной организацией дошкольного образования,44.04.01,Педагогическое образование,"Воспитатель детского сада, Педагог, Директор по воспитательной работеи остальные",68000.0,,,60.0,10.0,https://vuzopedia.ru/program/magistratura/11637
527,Языковое образование и лингвистика,44.04.01,Педагогическое образование,"Лингвист, Лингвист-исследователь, Учитель иностранного языкаи остальные",68000.0,,,60.0,10.0,https://vuzopedia.ru/program/magistratura/11633
528,Географическое образование и экологическая безопасность,44.04.01,Педагогическое образование,"Географ, Учитель географии, Учитель географии и биологиии остальные",68000.0,,,60.0,10.0,https://vuzopedia.ru/program/magistratura/11629
529,Публичная история и историческое просвещение,44.04.01,Педагогическое образование,"Историк, Историограф, Исторический консультант, исторический реконструктори остальные",,23.0,,,,https://vuzopedia.ru/program/magistratura/11625
530,Архитектура биолого-химического мышления,44.04.01,Педагогическое образование,"Учитель биологии, Учитель химии, Учитель биологии и химиии остальные",,17.0,,,,https://vuzopedia.ru/program/magistratura/11621
531,Моделирование образовательных программ в области физики и математики,44.04.01,Педагогическое образование,"Учитель математики, Учитель математики и физики, Учитель физикии остальные",,17.0,,,,https://vuzopedia.ru/program/magistratura/11617
532,Финансовые технологии и маркетинг,38.04.01,Экономика,"Менеджер по маркетингу, Финансовый менеджер, Финансовый консультанти остальные",169000.0,3.0,,40.0,12.0,https://vuzopedia.ru/program/magistratura/11613
533,Управление финансами,38.04.01,Экономика,"Финансист, Бухгалтер-экономист, Экономист по финансам и кредитами остальные",74000.0,,,40.0,30.0,https://vuzopedia.ru/program/magistratura/11609
534,Иноязычное образование и межкультурная коммуникация (Foreign Language Education and Interc..,44.04.01,Педагогическое образование,"Педагог, Преподаватель лингвистики, Учитель иностранного языкаи остальные",170000.0,,,40.0,15.0,https://vuzopedia.ru/program/magistratura/11605
535,Цифровая трансформация и управление на основе данных,09.04.03,Прикладная информатика,"Аналитик данных, Инновационный менеджер, Руководитель по цифровой трансформации (CDO – Chief Data Officer)и остальные",178000.0,7.0,,40.0,28.0,https://vuzopedia.ru/program/magistratura/11601
536,Разработка программного обеспечения,09.04.04,Программная инженерия,"Программист, Инженер по сопровождению программного обеспечения, Инженер-разработчик аппаратного обеспеченияи остальные",170000.0,10.0,,40.0,25.0,https://vuzopedia.ru/program/magistratura/11597
537,"Стратегическое, оперативное планирование и управление инвестиционными проектами",38.04.01,Экономика,"Инвестиционный специалист, Специалист по планированию, Специалист по бизнес-планированию и разработке бизнес-планови остальные",68000.0,,,50.0,20.0,https://vuzopedia.ru/program/magistratura/11593
538,Бережливые технологии в производственных системах,27.04.02,Управление качеством,"Инженер-технолог, Технолог ОТК, Техник-технологи остальные",68000.0,15.0,,50.0,30.0,https://vuzopedia.ru/program/magistratura/11589
539,Материаловедение и технологии материалов,22.04.01,Материаловедение и технологии материалов,"Проектировщик нанотехнологических материалов (наноматериалов), Материаловед, Специалист (технолог) по строительным материалами остальные",120000.0,25.0,,50.0,5.0,https://vuzopedia.ru/program/magistratura/11585
540,Стратегическое развитие бизнеса на азиатских рынках,38.04.02,Менеджмент,"Менеджер непрерывности бизнеса, Специалист по стратегическому планированию рекламы, Специалист по бизнес-планированию и разработке бизнес-планови остальные",187000.0,,,25.0,30.0,https://vuzopedia.ru/program/magistratura/11581
541,Перспективные вычислительные технологии и сети,01.04.02,Прикладная математика и информатика,"Программист, Web-программист, Системный администратори остальные",307000.0,56.0,,40.0,7.0,https://vuzopedia.ru/program/magistratura/11426
542,Технологии параллельного программирования и высокопроизводительные вычисления,01.04.02,Прикладная математика и информатика,"Программист, Web-программист, Системный администратори остальные",307000.0,56.0,,40.0,7.0,https://vuzopedia.ru/program/magistratura/11424
543,Распределенные системы и компьютерные сети,01.04.02,Прикладная математика и информатика,"Техник по компьютерным сетям, Техник по компьютерным системам, Техник-программисти остальные",307000.0,56.0,,40.0,7.0,https://vuzopedia.ru/program/magistratura/11420
544,Архитектура и алгоритмы систем наземной и спутниковой мобильной связи,11.04.02,Инфокоммуникационные технологии и системы связи,"Инженер по спутниковым коммуникациям, Инженер связи, Специалист по радиосвязи и телекоммуникациями остальные",188000.0,12.0,,35.0,10.0,https://vuzopedia.ru/program/magistratura/11418
545,Клиническая психология в системе комплексной реабилитации и абилитации,37.04.01,Психология,"Психолог, Практический психолог, Психолог-консультанти остальные",100000.0,,,5.0,30.0,https://vuzopedia.ru/program/magistratura/11414
546,Управление информационными системами в бизнесе,09.04.03,Прикладная информатика,"Информатик (специалист по информационным технологиям), Специалист по информационным ресурсам, Системный программисти остальные",130000.0,,,55.0,360.0,https://vuzopedia.ru/program/magistratura/11412
547,Геоэкология и управление природными экосистемами,05.04.06,Экология и природопользование,"Геоэколог, Эксперт-эколог, Инженер-экологи остальные",,9.0,,,,https://vuzopedia.ru/program/magistratura/11408
548,Информационно-вычислительные системы и комплексы,09.04.01,Информатика и вычислительная техника,"Системный администратор, Аналитик компьютерных систем, Инженер-системотехники остальные",229000.0,6.0,,27.0,10.0,https://vuzopedia.ru/program/magistratura/11404
549,Международное право и юридическая практика,40.04.01,Юриспруденция,"Корпоративный юрист, Юрист, Юрист-международники остальные",,7.0,,,,https://vuzopedia.ru/program/magistratura/11402
550,Финансовые технологии и аналитика данных,38.04.08,Финансы и кредит,"Аналитик фондового рынка (финансовый аналитик), Аналитик данных, Кредитный аналитики остальные",,5.0,,,,https://vuzopedia.ru/program/magistratura/11398
551,Внутренняя политика и социальная архитектура,38.04.04,Государственное и муниципальное управление,"Политик, Специалист государственного и муниципального управления, Социологи остальные",,17.0,,,,https://vuzopedia.ru/program/magistratura/11394
552,Управление внутренним брендом и корпоративной культурой,38.04.03,Управление персоналом,"Менеджер по персоналу, Менеджер по оценке персонала, Менеджери остальные",,10.0,,,,https://vuzopedia.ru/program/magistratura/11390
553,Бизнес-стратегии и социально-ответственное управление,38.04.02,Менеджмент,"Digital-стратег, Антикризисный управляющий, Специалист по стратегическому планированию рекламыи остальные",,5.0,,,,https://vuzopedia.ru/program/magistratura/11386
554,Бизнес-аналитика и финансово-управленческие решения,38.04.01,Экономика,"Финансовый аналитик (специалист финансового анализа и моделирования), Маркетолог-аналитик, Инвестиционный аналитики остальные",,10.0,,,,https://vuzopedia.ru/program/magistratura/11382
555,Промышленный дизайн и инновации,54.04.01,Дизайн,"Дизайнер, Промышленный дизайнер, Дизайнер-конструктори остальные",280000.0,,,30.0,10.0,https://vuzopedia.ru/program/magistratura/11367
556,Глобальная педагогика,44.04.01,Педагогическое образование,"Педагог, Учитель, Педагог-организатори остальные",280000.0,9.0,,30.0,10.0,https://vuzopedia.ru/program/magistratura/11359
557,"Педагогика, психология и методика обучения иностранным языкам",44.04.01,Педагогическое образование,"Педагог, Учитель, Педагог-психологи остальные",280000.0,,,30.0,10.0,https://vuzopedia.ru/program/magistratura/11355
558,Сравнительные юридические стратегии в правовой политике,41.04.04,Политология,"Политик, Политтехнолог, Юристи остальные",350000.0,12.0,,30.0,10.0,https://vuzopedia.ru/program/magistratura/11351
559,Право и политика в контексте публичной власти,41.04.04,Политология,"Политолог, Государственный аудитор, Государственный служащийи остальные",350000.0,12.0,,30.0,10.0,https://vuzopedia.ru/program/magistratura/11347
560,Зарубежное регионоведение: Африка,41.04.01,Зарубежное регионоведение,"Дипломат, Африканист, Регионоведи остальные",280000.0,15.0,,30.0,10.0,https://vuzopedia.ru/program/magistratura/11343
561,"Гражданское право, семейное право, предпринимательское право, международное частное право",40.04.01,Юриспруденция,"Корпоративный юрист, Юрист по земельно-имущественным отношениям, Юрист по недвижимостии остальные",243000.0,40.0,,30.0,20.0,https://vuzopedia.ru/program/magistratura/11339
562,Обеспечение финансовой безопасности,40.04.01,Юриспруденция,"Корпоративный юрист, Сетевой юрист, Юристи остальные",380000.0,40.0,,30.0,10.0,https://vuzopedia.ru/program/magistratura/11335
563,E-commerce - электронная коммерция,38.04.05,Бизнес-информатика,"Коммерческий агент, Предприниматель, Специалист по электронной коммерции (e-commerce)и остальные",280000.0,,,30.0,10.0,https://vuzopedia.ru/program/magistratura/11331
564,Устойчивое управление городом и зеленой инфраструктурой,38.04.04,Государственное и муниципальное управление,"Государственный служащий, Политик, Специалист государственного и муниципального управленияи остальные",280000.0,8.0,,30.0,10.0,https://vuzopedia.ru/program/magistratura/11327
565,Умная логистика (Smart Logistics) и управление цепями поставок,38.04.02,Менеджмент,"Логист, Специалист по цепям поставок, Операционный логисти остальные",400000.0,5.0,,30.0,10.0,https://vuzopedia.ru/program/magistratura/11323
566,Управление международными проектами,38.04.02,Менеджмент,"Менеджер проекта, Руководитель проектов в области информационных технологий, Менеджер интернет-проектови остальные",400000.0,6.0,,30.0,10.0,https://vuzopedia.ru/program/magistratura/11319
567,Управление экономикой малых городов и сельских территорий,38.04.02,Менеджмент,"Бухгалтер-экономист, Инженер-экономист, Экономисти остальные",400000.0,,,30.0,10.0,https://vuzopedia.ru/program/magistratura/11315
568,Агробизнес,38.04.02,Менеджмент,"Агроинженер, Агроном, Руководитель в АПК (агропромышленном комплексе)и остальные",400000.0,,,30.0,10.0,https://vuzopedia.ru/program/magistratura/11311
569,Ивент менеджмент: организация конгрессных и культурно-массовых событий,38.04.02,Менеджмент,"Педагог-организатор культурного досуга, Культорганизатор, Менеджер социально-культурной деятельностии остальные",400000.0,,,30.0,10.0,https://vuzopedia.ru/program/magistratura/11307
570,Ветеринарное (ветеринарно-санитарное) обеспечение подразделений федеральных органов исполн..,36.04.01,Ветеринарно-санитарная экспертиза,"Ветеринар, Ветеринарно-санитарный врач, Ветеринарный фельдшери остальные",374000.0,17.0,,30.0,10.0,https://vuzopedia.ru/program/magistratura/11303
571,"Новые материалы и технологии опто-, нано- и микроэлектроники",28.04.01,Нанотехнологии и микросистемная техника,"Инженер по наноэлектронике, Наноинженер, Проектировщик нанотехнологических материалов (наноматериалов)и остальные",275000.0,20.0,,30.0,10.0,https://vuzopedia.ru/program/magistratura/11299
572,Интеллектуальные транспортные системы,27.04.04,Управление в технических системах,"Инженер по безопасности транспортной сети, Инженер по организации перевозок и управлению на транспорте, Оператор автоматизированных транспортных сетейи остальные",260000.0,20.0,,30.0,10.0,https://vuzopedia.ru/program/magistratura/11295
573,Технологии интеллектуального архитектурного проектирования,27.04.04,Управление в технических системах,"Архитектор ландшафтов, Архитектор-градостроитель, Системный архитектор, архитектор программного обеспеченияи остальные",280000.0,20.0,,30.0,10.0,https://vuzopedia.ru/program/magistratura/11291
574,Искусственный интеллект в строительстве,27.04.04,Управление в технических системах,"Инженер по механизации и автоматизации строительства, Инженер-строитель, Менеджер строительного проектаи остальные",260000.0,20.0,,30.0,10.0,https://vuzopedia.ru/program/magistratura/11287
575,Анализ больших данных и технологии защиты информации,27.04.04,Управление в технических системах,"Аналитик компьютерных систем, Аналитик информационной безопасности, Аналитик данныхи остальные",260000.0,20.0,,30.0,10.0,https://vuzopedia.ru/program/magistratura/11283
576,Искусственный интеллект в нефтегазовом деле,27.04.04,Управление в технических системах,"Инженер по технологическому обеспечению работы нефтегазового промысла, Менеджер нефтегазовых проектов, Специалист по моделированию месторождений нефти и газаи остальные",260000.0,20.0,,30.0,10.0,https://vuzopedia.ru/program/magistratura/11279
577,Интеллектуальные транспортные системы,23.04.03,Эксплуатация транспортно-технологических машин и комплексов,"Инженер по безопасности транспортной сети, Логист, Транспортный планировщики остальные",265000.0,30.0,,60.0,10.0,https://vuzopedia.ru/program/magistratura/11276
578,Логистика в мультимодальных транспортных системах,23.04.01,Технология транспортных процессов,"Инженер по безопасности транспортной сети, Логист, Транспортный планировщики остальные",380000.0,15.0,,30.0,10.0,https://vuzopedia.ru/program/magistratura/11272
579,Современные конструкционные материалы,22.04.01,Материаловедение и технологии материалов,"Химик-материаловед, Проектировщик умных материалов, дизайнер-технолог новых материалов, Материаловеди остальные",380000.0,15.0,,30.0,10.0,https://vuzopedia.ru/program/magistratura/11268
580,Искусственный интеллект в нефтегазовом деле,21.04.01,Нефтегазовое дело,"Инженер по технологическому обеспечению работы нефтегазового промысла, Конструктор-проектировщик нефтегазового оборудования, Менеджер нефтегазовых проектови остальные",285000.0,30.0,,30.0,10.0,https://vuzopedia.ru/program/magistratura/11264
581,Искусственный интеллект в строительстве,08.04.01,Строительство,"Архитектор-градостроитель, Инженер-строитель, Специалист по информационным системам обеспечения градостроительной деятельностии остальные",378000.0,50.0,,30.0,10.0,https://vuzopedia.ru/program/magistratura/11260
582,Градостроительство и развитие городских систем,07.04.04,Градостроительство,"Архитектор-градостроитель, Руководитель по развитию городской среды, Специалист по городскому планированиюи остальные",,7.0,,,,https://vuzopedia.ru/program/magistratura/11256
583,Технологии интеллектуального архитектурного проектирования,07.04.01,Архитектура,"Архитектор ландшафтов, Архитектор-градостроитель, Инженер-проектировщики остальные",378000.0,19.0,,30.0,10.0,https://vuzopedia.ru/program/magistratura/11252
584,Клиническая эмбриология,06.04.01,Биология,"Врач клинической лабораторной диагностики, Врач, Эмбриологи остальные",280000.0,2.0,,30.0,10.0,https://vuzopedia.ru/program/magistratura/11248
585,Судебная экология,05.04.06,Экология и природопользование,"Судебный эксперт, Эксперт-эколог, Экологи остальные",401000.0,52.0,,30.0,10.0,https://vuzopedia.ru/program/magistratura/11244
586,Методы и технологии снижения углеродного следа в нефтегазовой отрасли (совместно с Российс..,05.04.06,Экология и природопользование,"Менеджер-эколог, Инженер-эколог, Специалист-технолог в области экологических биотехнологийи остальные",401000.0,52.0,,30.0,10.0,https://vuzopedia.ru/program/magistratura/11240
587,Урбанистика и экологическое проектирование городской среды,05.04.06,Экология и природопользование,"Урбанист-эколог, Инженер-эколог, Руководитель по развитию городской средыи остальные",280000.0,52.0,,30.0,10.0,https://vuzopedia.ru/program/magistratura/11236
588,"Беспроводные сети, интернет вещей и кибербезопасность",02.04.02,Фундаментальная информатика и информационные технологии,"Инженер информационной безопасности, Инженер-разработчик в области Интернета вещей, Техник по компьютерным сетями остальные",275000.0,30.0,,30.0,10.0,https://vuzopedia.ru/program/magistratura/11232
589,Проектирование космических миссий и систем,01.04.02,Прикладная математика и информатика,"Инженер-проектировщик, Конструктор космических аппаратов и систем, Менеджер космотуризмаи остальные",260000.0,30.0,,30.0,10.0,https://vuzopedia.ru/program/magistratura/11228
590,Психолого-педагогическое сопровождение и реабилитация лиц с нарушениями в развитии,44.04.03,Специальное (дефектологическое) образование,"Учитель, Педагог-психолог, Педагог инклюзивного образованияи остальные",58000.0,,,50.0,10.0,https://vuzopedia.ru/program/magistratura/11225
591,Педагогика общего и высшего образования,44.04.01,Педагогическое образование,"Педагог, Учитель, Педагог дополнительного образованияи остальные",151000.0,,,50.0,10.0,https://vuzopedia.ru/program/magistratura/11221
592,Физико-техническое образование,44.04.01,Педагогическое образование,"Педагог, Учитель математики и физики, Учитель физикии остальные",,9.0,,,,https://vuzopedia.ru/program/magistratura/11217
593,Образование в сфере изобразительного искусства и дизайна,44.04.01,Педагогическое образование,"Учитель изобразительного искусства и черчения, Художник-педагог, Преподаватель дизайнаи остальные",63500.0,8.0,,50.0,10.0,https://vuzopedia.ru/program/magistratura/11213
594,Цивилизационное взаимодействие в современных международных отношениях (Civilizational Inte..,41.04.05,Международные отношения,"Менеджер по межкультурной коммуникации, Специалист по международному образованию, Специалист в области международных отношенийи остальные",185000.0,,,50.0,10.0,https://vuzopedia.ru/program/magistratura/11209
595,Юрист-аналитик,40.04.01,Юриспруденция,"Корпоративный юрист, Сетевой юрист, Юристи остальные",,21.0,,,,https://vuzopedia.ru/program/magistratura/11206
596,Медиаправо и правовая журналистика,40.04.01,Юриспруденция,"Корпоративный юрист, Сетевой юрист, Юристи остальные",,21.0,,,,https://vuzopedia.ru/program/magistratura/11202
597,Транспортное право,40.04.01,Юриспруденция,"Транспортный юрист, Сетевой юрист, Юристи остальные",132000.0,21.0,,50.0,110.0,https://vuzopedia.ru/program/magistratura/11198
598,"Экологическое, земельное и градостроительное право",40.04.01,Юриспруденция,"Юрист по земельно-имущественным отношениям, Юрист по недвижимости, Юристи остальные",,21.0,,,,https://vuzopedia.ru/program/magistratura/11194
599,Экономико-математическое моделирование финансовых процессов,02.04.01,Математика и компьютерные науки,"Бухгалтер-экономист, Инженер-экономист, Экономист-кибернетики остальные",123500.0,8.0,,30.0,15.0,https://vuzopedia.ru/program/magistratura/11190
600,Управление в области физической культуры и спорта,44.04.01,Педагогическое образование,"Педагог, Спортивный тренер, Учитель физкультурыи остальные",64000.0,,,30.0,25.0,https://vuzopedia.ru/program/magistratura/11186
601,Архитектура обучения: дизайн и аналитика образовательных программ,44.04.01,Педагогическое образование,"Педагог, Учитель, Педагог-организатори остальные",64000.0,,,72.0,20.0,https://vuzopedia.ru/program/magistratura/11182
602,Организация психологического сопровождения личности и группы,37.04.01,Психология,"Психолог, Корпоративный психолог, Практический психологи остальные",63500.0,,,40.0,30.0,https://vuzopedia.ru/program/magistratura/11178
603,"Изучение, сохранение, реставрация памятников истории и культуры",51.04.01,Культурология,"Архитектор-реставратор, Реставратор, Реставратор памятников каменного зодчестваи остальные",,8.0,,,,https://vuzopedia.ru/program/magistratura/11176
604,Современное химическое образование: фундаментальный и прикладной аспекты,44.04.01,Педагогическое образование,"Педагог, Химик, Учитель химиии остальные",,14.0,,,,https://vuzopedia.ru/program/magistratura/11172
605,Информатика и цифровая трансформация образования,44.04.01,Педагогическое образование,"Педагог, Учитель информатики и вычислительной техники, Педагог дополнительного образованияи остальные",,15.0,,,,https://vuzopedia.ru/program/magistratura/11168
606,Глобальная и региональная история в образовании,44.04.01,Педагогическое образование,"Историк, Историограф, Исторический консультант, исторический реконструктори остальные",,14.0,,,,https://vuzopedia.ru/program/magistratura/11164
607,Археология и методы комплексного анализа,46.04.01,История,"Археолог, Историк, Историографи остальные",150000.0,14.0,,50.0,11.0,https://vuzopedia.ru/program/magistratura/11152
608,Перевод и межкультурная коммуникация,45.04.01,Филология,"Преподаватель межкультурной коммуникации, Менеджер по межкультурной коммуникации, Переводчики остальные",189000.0,24.0,,50.0,10.0,https://vuzopedia.ru/program/magistratura/11148
609,Ранняя помощь. Дефектолог в междисциплинарной команде,44.04.03,Специальное (дефектологическое) образование,"Дефектолог, Логопед, Воспитатель логопедических группи остальные",150000.0,12.0,,50.0,5.0,https://vuzopedia.ru/program/magistratura/11144
610,Организационная психология,44.04.02,Психолого-педагогическое образование,"Психолог, Педагог-психолог, Корпоративный психологи остальные",150000.0,13.0,,50.0,3.0,https://vuzopedia.ru/program/magistratura/11140
611,Прикладная психология развития,44.04.02,Психолого-педагогическое образование,"Педагог, Педагог дополнительного образования, Педагог по работе с одаренными детьмии остальные",150000.0,13.0,,50.0,5.0,https://vuzopedia.ru/program/magistratura/11136
612,Сопровождение когнитивного развития и одаренности,44.04.02,Психолого-педагогическое образование,"Педагог, Педагог-психолог, Педагог по работе с одаренными детьмии остальные",150000.0,12.0,,50.0,10.0,https://vuzopedia.ru/program/magistratura/11132
613,Управление в социально-педагогической деятельности,44.04.01,Педагогическое образование,"Директор по воспитательной работе, Специалист по управлению в учреждениях дополнительного образования, Руководитель в сфере образованияи остальные",200000.0,13.0,,50.0,3.0,https://vuzopedia.ru/program/magistratura/11128
614,Современные технологии филологического образования,44.04.01,Педагогическое образование,"Педагог, Филолог (филолог-исследователь), Преподаватель филологии (филологических дисциплин)и остальные",200000.0,13.0,,50.0,5.0,https://vuzopedia.ru/program/magistratura/11124
615,Leadership in Social and Pedagogical Sphere (Лидерство в социальной и педагогической сфере),44.04.01,Педагогическое образование,"Педагог, Социальный педагог, Педагог-организатори остальные",200000.0,,,50.0,15.0,https://vuzopedia.ru/program/magistratura/11120
616,Экономика впечатлений,43.04.02,Туризм,"Менеджер по туризму, Специалист по туризму, Экономисти остальные",150000.0,15.0,,50.0,5.0,https://vuzopedia.ru/program/magistratura/11116
617,Современные медиа в фокусе социологии и креативных технологий,42.04.02,Журналистика,"Журналист, Медиа-менеджер, Креативный директори остальные",150000.0,10.0,,50.0,5.0,https://vuzopedia.ru/program/magistratura/11112
618,Resource Diplomacy (Ресурсная дипломатия),41.04.05,Международные отношения,"Геоэколог, Дипломат, Эксперт-экологи остальные",150000.0,7.0,,50.0,18.0,https://vuzopedia.ru/program/magistratura/11108
619,Международные интеграционные процессы на Большом Кавказе и в Центральной Азии,41.04.01,Зарубежное регионоведение,"Специалист в области международных отношений, Экономист-международник, Регионоведи остальные",150000.0,11.0,,50.0,9.0,https://vuzopedia.ru/program/magistratura/11104
620,Современные правовые исследования,40.04.01,Юриспруденция,"Корпоративный юрист, Судебный эксперт, Юристи остальные",150000.0,5.0,,50.0,10.0,https://vuzopedia.ru/program/magistratura/11100
621,Доказательная социальная политика,39.04.02,Социальная работа,"Политик, Специалист по социальной работе, Социологи остальные",150000.0,15.0,,50.0,15.0,https://vuzopedia.ru/program/magistratura/11096
622,Современные медиа в фокусе социологии и креативных технологий,39.04.01,Социология,"Медиа-менеджер, Специалист по медиакоммуникациям (масс-медиа), Социологи остальные",150000.0,10.0,,50.0,5.0,https://vuzopedia.ru/program/magistratura/11092
623,Социальная архитектура и управление общественными изменениями,39.04.01,Социология,"Менеджер по связям с общественностью (PR), Специалист по краудсорсингу общественных проблем, Социологи остальные",150000.0,10.0,,50.0,5.0,https://vuzopedia.ru/program/magistratura/11088
624,Продуктовый менеджмент и маркетинг,38.04.02,Менеджмент,"Маркетолог, Менеджер по маркетингу, Менеджер продуктов в области информационных технологийи остальные",123000.0,9.0,,50.0,10.0,https://vuzopedia.ru/program/magistratura/11084
625,Искусственный интеллект в управлении бизнесом,38.04.02,Менеджмент,"Консультант по электронному бизнесу, Intelligent Systems Developer (разработчик интеллектуальных систем), Специалист по искусственному интеллектуи остальные",123000.0,,,50.0,15.0,https://vuzopedia.ru/program/magistratura/11080
626,Economics and Public Procurement (Экономика и государственные закупки),38.04.01,Экономика,"Менеджер по закупкам, Экономист-международник, Экономисти остальные",150000.0,5.0,,50.0,20.0,https://vuzopedia.ru/program/magistratura/11076
627,"Социальная психология поведения: консалтинг, тренинг, коучинг",37.04.01,Психология,"Социальный педагог, Социальный психолог, Психолог-консультанти остальные",150000.0,9.0,,50.0,6.0,https://vuzopedia.ru/program/magistratura/11072
628,Сопровождение когнитивного развития и одаренности,37.04.01,Психология,"Психолог, Когнитивный психолог, Педагог по работе с одаренными детьмии остальные",150000.0,12.0,,50.0,10.0,https://vuzopedia.ru/program/magistratura/11068
629,Trusted AI for Blockchain Systems (Доверенный ИИ для блокчейн-систем),10.04.01,Информационная безопасность,"Аналитик информационной безопасности, Инженер информационной безопасности, Специалист по искусственному интеллектуи остальные",150000.0,5.0,,50.0,15.0,https://vuzopedia.ru/program/magistratura/11064
630,Безопасность компьютерных систем и сетей,10.04.01,Информационная безопасность,"Аналитик информационной безопасности, Инженер информационной безопасности, Специалист по безопасностии остальные",150000.0,6.0,,50.0,10.0,https://vuzopedia.ru/program/magistratura/11063
631,Финансовые технологии,09.04.03,Прикладная информатика,"Финансист, Информатик-технолог, Руководитель разработки программного обеспеченияи остальные",250000.0,25.0,,50.0,25.0,https://vuzopedia.ru/program/magistratura/11059
632,Искусственный интеллект и анализ данных,09.04.01,Информатика и вычислительная техника,"Аналитик данных, Intelligent Systems Developer (разработчик интеллектуальных систем), Специалист по искусственному интеллектуи остальные",114200.0,37.0,,40.0,10.0,https://vuzopedia.ru/program/magistratura/11055
633,Территориально-пространственное развитие системы опорных населённых пунктов,07.04.04,Градостроительство,"Архитектор-градостроитель, Инженер-строитель, Менеджер строительного проектаи остальные",150000.0,13.0,,50.0,10.0,https://vuzopedia.ru/program/magistratura/11051
634,Практическая и прикладная реставрация,07.04.02,Реконструкция и реставрация архитектурного наследия,"Архитектор-реставратор, Реставратор, Строительный реставратори остальные",170000.0,5.0,,50.0,5.0,https://vuzopedia.ru/program/magistratura/11047
635,Resource Diplomacy (Ресурсная дипломатия),05.04.06,Экология и природопользование,"Геоэколог, Дипломат, Инженер природообустройстваи остальные",170000.0,7.0,,50.0,6.0,https://vuzopedia.ru/program/magistratura/11043
636,Агроклиматический инжиниринг,05.04.06,Экология и природопользование,"Агроэколог, Инженер-эколог, Техник-метеорологи остальные",170000.0,13.0,,50.0,12.0,https://vuzopedia.ru/program/magistratura/11039
637,Artificial Intelligence in Materials Science (Искусственный интеллект в материаловедении),03.04.02,Физика,"Intelligent Systems Developer (разработчик интеллектуальных систем), Специалист по искусственному интеллекту, Материаловеди остальные",133000.0,5.0,,50.0,20.0,https://vuzopedia.ru/program/magistratura/11035
638,Искусственный интеллект в управлении организационными системами,01.04.02,Прикладная математика и информатика,"Инженер-разработчик аппаратного обеспечения, Intelligent Systems Developer (разработчик интеллектуальных систем), Специалист по искусственному интеллектуи остальные",160000.0,10.0,,50.0,14.0,https://vuzopedia.ru/program/magistratura/11031
639,Юрист в сфере цифрового государственного управления,40.04.01,Юриспруденция,"Государственный служащий, Специалист государственного и муниципального управления, Юристи остальные",,7.0,,,,https://vuzopedia.ru/program/magistratura/11023
640,Искусственный интеллект и компьютерная графика (сетевая программа Huawei),02.04.02,Фундаментальная информатика и информационные технологии,"Графический дизайнер, Intelligent Systems Developer (разработчик интеллектуальных систем), Специалист по искусственному интеллектуи остальные",,10.0,,,,https://vuzopedia.ru/program/magistratura/11019
641,"Биоинформатика и инженерия биоданных (сетевая программа, реализуемая совместно с ИТкампусо..",02.04.02,Фундаментальная информатика и информационные технологии,"Биоинженер, Биоинформатик, Клинический биоинформатики остальные",,4.0,,,,https://vuzopedia.ru/program/magistratura/11015
642,Изменение климата и углеродное регулирование,05.04.06,Экология и природопользование,"Метеоролог, Техник-метеоролог, Техник-экологи остальные",,10.0,,,,https://vuzopedia.ru/program/magistratura/11011
643,Лидерство и управление социально-политическими системами,47.04.01,Философия,"Тимлид, Менеджер социально-культурной деятельности, Политики остальные",190000.0,15.0,,10.0,5.0,https://vuzopedia.ru/program/magistratura/11008
644,Русская палеография в условиях цифровизации,45.04.01,Филология,"Филолог-русист (русист), Филолог-славист (славист), Филолог (филолог-исследователь)и остальные",190000.0,14.0,,10.0,5.0,https://vuzopedia.ru/program/magistratura/11004
645,Современные практики воспитательной работы с детьми и молодежью,44.04.01,Педагогическое образование,"Педагог, Директор по воспитательной работе, Специалист по работе с молодежьюи остальные",170610.0,32.0,,10.0,4.0,https://vuzopedia.ru/program/magistratura/11000
646,Математическое образование в цифровом мире,44.04.01,Педагогическое образование,"Педагог, Учитель математики и информатики, Учитель математикии остальные",170610.0,10.0,,10.0,5.0,https://vuzopedia.ru/program/magistratura/10996
647,Управление бизнес–процессами в условиях цифровизации,38.04.02,Менеджмент,"Инновационный менеджер, Менеджер непрерывности бизнеса, Финансовый менеджери остальные",170610.0,15.0,,10.0,10.0,https://vuzopedia.ru/program/magistratura/10992
648,Программная инженерия беспилотных систем в Арктике,09.04.03,Прикладная информатика,"Инженер-разработчик аппаратного обеспечения, Оператор беспилотных летательных аппаратов (БПЛА), Разработчик систем компьютерного зренияи остальные",190000.0,28.0,,10.0,7.0,https://vuzopedia.ru/program/magistratura/10988
649,Национальные модели энергоэкономики в турбулентной среде,38.04.01,Экономика,"Инженер-экономист, Экономист по финансам и кредитам, Экономисти остальные",457000.0,2.0,,30.0,30.0,https://vuzopedia.ru/program/magistratura/10984
650,"Инновационные технологии проектирования, изготовления и обслуживания оборудования нефтегаз..",15.04.02,Технологические машины и оборудование,"Инженер по технологическому обеспечению работы нефтегазового промысла, Конструктор-проектировщик нефтегазового оборудования, Специалист по эксплуатации нефтепродуктоперекачивающей станции магистрального трубопровода нефти и нефтепродуктови остальные",500000.0,12.0,,30.0,3.0,https://vuzopedia.ru/program/magistratura/10980
651,Проектирование и управление системами транспорта углеводородов в цифровой производственной..,21.04.01,Нефтегазовое дело,"Инженер по технологическому обеспечению работы нефтегазового промысла, Менеджер нефтегазовых проектов, Специалист по эксплуатации нефтепродуктоперекачивающей станции магистрального трубопровода нефти и нефтепродуктови остальные",500000.0,12.0,,30.0,6.0,https://vuzopedia.ru/program/magistratura/10976
652,«Инновационные финансовые технологии на международных рынках» (совместно с АО «Альфа-Банк»),38.04.08,Финансы и кредит,"Финансист, Финансовый консультант, Экономист-международники остальные",,5.0,,,,https://vuzopedia.ru/program/magistratura/10974
653,Публичная политика на постсоветском пространстве,41.04.04,Политология,"Политолог, Политический психолог, Политики остальные",,4.0,,,,https://vuzopedia.ru/program/magistratura/10966
654,Глобальный порядок: трансформации и вызовы,41.04.04,Политология,"Политик, Специалист в области международных отношений, Юрист-международники остальные",451820.0,3.0,,40.0,5.0,https://vuzopedia.ru/program/magistratura/10962
655,Методические системы обучения биологии в школе и в организациях высшего образования,44.04.01,Педагогическое образование,"Педагог, Учитель биологии, Учитель биологии и химиии остальные",,10.0,,,,https://vuzopedia.ru/program/magistratura/10959
656,Проектирование в образовании,44.04.01,Педагогическое образование,"Педагог, Социальный педагог, Педагог-организатори остальные",,5.0,,,,https://vuzopedia.ru/program/magistratura/10956
657,Дополнительное образование детей и взрослых,44.04.01,Педагогическое образование,"Педагог, Социальный педагог, Педагог дополнительного образованияи остальные",,15.0,,,,https://vuzopedia.ru/program/magistratura/10952
658,Воспитание в системе образования,44.04.01,Педагогическое образование,"Социальный педагог, Директор по воспитательной работе, Педагог-организатори остальные",,15.0,,,,https://vuzopedia.ru/program/magistratura/10948
659,Технологии формирования математического мышления в образовательных процессах,44.04.01,Педагогическое образование,"Педагог, Преподаватель математических дисциплин, Учитель математики и информатикии остальные",59000.0,,,30.0,50.0,https://vuzopedia.ru/program/magistratura/10944
660,"Цифровой маркетинг 2.0: коммуникации, брендинг и управление продуктами",38.04.02,Менеджмент,"Бренд-дизайнер, Маркетолог, Интернет-маркетологи остальные",75000.0,10.0,,30.0,15.0,https://vuzopedia.ru/program/magistratura/10940
661,Интеллектуальные и инженерные технологии в медицинском предпринимательстве,12.04.04,Биотехнические системы и технологии,"Инженер электронной техники, Инженер-разработчик аппаратного обеспечения, Инженер-системотехники остальные",174000.0,15.0,,30.0,5.0,https://vuzopedia.ru/program/magistratura/10936
662,Спортивный менеджмент,49.04.03,Спорт,"Спортивный тренер, Менеджер, Спортивный менеджери остальные",80000.0,,,25.0,30.0,https://vuzopedia.ru/program/magistratura/10933
663,Русский и английский языки в межкультурном взаимодействии,45.04.01,Филология,"Лингвист, Лингвист-исследователь, Филолог (филолог-исследователь)и остальные",156500.0,21.0,,35.0,30.0,https://vuzopedia.ru/program/magistratura/10929
664,Мастер виноделия: от лозы до бокала,38.04.02,Менеджмент,"Винодел, Виноградарь, Инженер пищевой промышленностии остальные",156500.0,,,35.0,15.0,https://vuzopedia.ru/program/magistratura/10925
665,Искусственный интеллект и беспилотные системы,27.04.04,Управление в технических системах,"Оператор беспилотных летательных аппаратов (БПЛА), Intelligent Systems Developer (разработчик интеллектуальных систем), Специалист по искусственному интеллектуи остальные",178000.0,6.0,,35.0,9.0,https://vuzopedia.ru/program/magistratura/10921
666,Системы искусственного интеллекта и высокопроизводительные вычисления,09.04.01,Информатика и вычислительная техника,"Разработчик нейронных сетей, Intelligent Systems Developer (разработчик интеллектуальных систем), Специалист по искусственному интеллектуи остальные",178000.0,9.0,,35.0,7.0,https://vuzopedia.ru/program/magistratura/10917
667,Менеджмент в сфере физической культуры и спорта,38.04.02,Менеджмент,"Спортивный тренер, Менеджер, Спортивный менеджери остальные",62000.0,,,42.0,60.0,https://vuzopedia.ru/program/magistratura/10915
668,Психологическая коррекция для лиц с психологическими и физическими травмами,37.04.01,Психология,"Психолог, Коррекционный психолог, специальный психолог, Психолог-консультанти остальные",80000.0,,,42.0,100.0,https://vuzopedia.ru/program/magistratura/10911
669,Прикладная информатика в технических системах,09.04.03,Прикладная информатика,"Информатик-технолог, Инженер-разработчик аппаратного обеспечения, Разработчик математических и компьютерных моделейи остальные",62000.0,,,42.0,100.0,https://vuzopedia.ru/program/magistratura/10907
670,"Управление проектами: проектные исследования, технологии реализации",38.04.02,Менеджмент,"Инновационный менеджер, Менеджер по развитию, Менеджери остальные",42000.0,,,40.0,50.0,https://vuzopedia.ru/program/magistratura/10903
671,Управление информационной безопасностью в кредитно-финансовой сфере,10.04.01,Информационная безопасность,"Аналитик информационной безопасности, Инженер информационной безопасности, Специалист по безопасностии остальные",135100.0,,,40.0,15.0,https://vuzopedia.ru/program/magistratura/10899
672,Технология производства металлизованного сырья,22.04.02,Металлургия,"Инженер-технолог, Оператор по обработке цветных металлов, Специалист по металлургии черных металлови остальные",,5.0,,,,https://vuzopedia.ru/program/magistratura/10897
673,Прогрессивные технологии прокатного производства,22.04.02,Металлургия,"Оператор поста управления стана горячего проката труб, Прокатчик горячего металла, Трубопрокатчики остальные",,5.0,,,,https://vuzopedia.ru/program/magistratura/10893
674,"Системы автоматизированного анализа, обработки данных и управления",15.04.04,Автоматизация технологических процессов и производств,"Инженер по автоматизации и механизации, Инновационный менеджер, Разработчик баз данныхи остальные",,10.0,,,,https://vuzopedia.ru/program/magistratura/10889
675,Православная психология,37.04.01,Психология,"Психолог, Социальный психолог, Психолог-консультанти остальные",160000.0,,,50.0,10.0,https://vuzopedia.ru/program/magistratura/10885
676,Юриспруденция в сфере церковно-государственных отношений,40.04.01,Юриспруденция,"Корпоративный юрист, Юрист, Юрисконсульти остальные",160000.0,,,50.0,10.0,https://vuzopedia.ru/program/magistratura/10881
677,Церковно-государственные отношения,48.04.01,Теология,"Религиовед, Специалист по организации государственно-частных партнёрств в социальной сфере, Специалист государственного и муниципального управленияи остальные",,8.0,,,,https://vuzopedia.ru/program/magistratura/10877
678,Комплексное развитие территорий,38.04.04,Государственное и муниципальное управление,"Государственный аудитор, Государственный служащий, Специалист государственного и муниципального управленияи остальные",80000.0,,,60.0,90.0,https://vuzopedia.ru/program/magistratura/10869
679,Профессия - режиссер,52.04.03,Театральное искусство,"Светорежиссер, художник по свету, светооператор, Режиссер, Режиссер мультимедиаи остальные",,4.0,,,,https://vuzopedia.ru/program/magistratura/10865
680,Стейдж-менеджмент,52.04.03,Театральное искусство,"Специалист по театрально-декорационному искусству, Техник сцены, бэклайнер, Художник театральныйи остальные",,3.0,,,,https://vuzopedia.ru/program/magistratura/10861
681,Технология продукции в индустрии питания,19.04.04,Технология продукции и организация общественного питания,"Технолог общественного питания, Инженер-технолог общественного питания, Менеджер общественного питанияи остальные",55000.0,,,60.0,2.0,https://vuzopedia.ru/program/magistratura/10860
682,Аквакультура,35.04.07,Водные биоресурсы и аквакультура,"Инженер-конструктор орудий промышленного лова рыбы и морепродуктов, Специалист по добыче рыбы, Рыбоводи остальные",74000.0,30.0,,40.0,20.0,https://vuzopedia.ru/program/magistratura/10857
683,Психоаналитическое бизнес-консультирование,37.04.01,Психология,"Психолог, Корпоративный психолог, Психолог-консультанти остальные",242000.0,,,50.0,10.0,https://vuzopedia.ru/program/magistratura/10853
684,Уголовно-правовой,40.04.01,Юриспруденция,"Инспектор уголовного розыска, Сотрудник уголовно-исполнительной системы, Юристи остальные",65000.0,,,55.0,710.0,https://vuzopedia.ru/program/magistratura/10851
685,Эксплуатация и управление режимами энергетических систем и сетей,13.04.02,Электроэнергетика и электротехника,"Инженер-энергетик, Инженер-теплоэнергетик, Наладчик/контролер энергосетей для распределённой энергетикии остальные",70000.0,,,25.0,25.0,https://vuzopedia.ru/program/magistratura/10847
686,"Теплоэнергетические системы, цифровизация и управление ТЭС",13.04.01,Теплоэнергетика и теплотехника,"Инженер-теплотехник, Инженер-теплоэнергетик, Техник-теплотехники остальные",70000.0,,,25.0,25.0,https://vuzopedia.ru/program/magistratura/10843
687,Цифровая трансформация учетно-финансовых процессов организаций,38.04.01,Экономика,"Финансист, Финансовый менеджер, Финансовый консультанти остальные",160000.0,,,40.0,10.0,https://vuzopedia.ru/program/magistratura/10839
688,"Бухгалтерский учет, аудит и финансовый консалтинг",38.04.01,Экономика,"Бухгалтер, Бухгалтер-ревизор, Бухгалтер-экономисти остальные",95000.0,,,40.0,10.0,https://vuzopedia.ru/program/magistratura/10835
689,Инновации в публичном и частном праве,40.04.01,Юриспруденция,"Корпоративный юрист, Сетевой юрист, Юристи остальные",70000.0,,,70.0,20.0,https://vuzopedia.ru/program/magistratura/10831
690,Психология интервенции и реабилитации,37.04.01,Психология,"Психолог, Коррекционный психолог, специальный психолог, Психолог-консультанти остальные",67000.0,,,70.0,10.0,https://vuzopedia.ru/program/magistratura/10827
691,Управление цифровыми продуктами и проектами по разработке и внедрению искусственного интел..,09.04.03,Прикладная информатика,"Инновационный менеджер, Инженер-разработчик аппаратного обеспечения, Специалист по искусственному интеллектуи остальные",70000.0,,,70.0,20.0,https://vuzopedia.ru/program/magistratura/10823
692,Технологии микро- и наноэлектроники,11.04.04,Электроника и наноэлектроника,"Инженер по наноэлектронике, Наноинженер, Нанотехнологи остальные",,8.0,,,,https://vuzopedia.ru/program/magistratura/10820
693,Продюсирование медиапроектов и гейм-дизайн (на англ. языке),38.04.02,Менеджмент,"Разработчик компьютерных игр, Медиа-художник, Гейм-дизайнери остальные",155560.0,,,40.0,38.0,https://vuzopedia.ru/program/magistratura/10819
694,Экономика замкнутого цикла и технологии управления техногенными отходами,20.04.01,Техносферная безопасность,"Инженер-экономист, Специалист по техносферной безопасности, Специалист (инженер) по обращению с отходамии остальные",155560.0,15.0,,40.0,5.0,https://vuzopedia.ru/program/magistratura/10815
695,Цифровая автоматизация и роботизация в энергетике,13.04.02,Электроэнергетика и электротехника,"Инженер-энергетик, Инженер по энергетическому машиностроению, Проектировщик-эргономист роботизированных системи остальные",174890.0,21.0,,40.0,8.0,https://vuzopedia.ru/program/magistratura/10811
696,Цифровые технологии и интеллектуальные системы в электроснабжении,13.04.02,Электроэнергетика и электротехника,"Инженер-электрик, Слесарь-электрик по ремонту электрооборудования, Техник-электрики остальные",174890.0,17.0,,40.0,4.0,https://vuzopedia.ru/program/magistratura/10807
697,Биоинформатика и анализ данных в агробиотехнологиях,19.04.01,Биотехнология,"Биоинженер, Биоинформатик, Клинический биоинформатики остальные",,10.0,,,,https://vuzopedia.ru/program/magistratura/10803
698,Государственное  стратегическое управление,38.04.04,Государственное и муниципальное управление,"Государственный аудитор, Государственный служащий, Специалист государственного и муниципального управленияи остальные",77150.0,6.0,,35.0,100.0,https://vuzopedia.ru/program/magistratura/10799
699,Экономическая и финансовая безопасность,38.04.01,Экономика,"Бухгалтер-экономист, Экономист по финансам и кредитам, Экономисти остальные",181500.0,,,35.0,50.0,https://vuzopedia.ru/program/magistratura/10795
700,"Корпоративный юрист (Судебная защита, юридическая служба и правовой консалтинг)",40.04.01,Юриспруденция,"Корпоративный юрист, Сетевой юрист, Юристи остальные",225680.0,11.0,,35.0,50.0,https://vuzopedia.ru/program/magistratura/10791
701,Социальное предпринимательство и инновации,38.04.02,Менеджмент,"Инновационный менеджер, Предприниматель, Социологи остальные",,10.0,,,,https://vuzopedia.ru/program/magistratura/10787
702,Психологическое сопровождение в сфере управления здоровьем и благополучием,37.04.01,Психология,"Психолог, Коррекционный психолог, специальный психолог, Психолог-консультанти остальные",500000.0,10.0,,31.0,13.0,https://vuzopedia.ru/program/magistratura/10783
703,Политика и глобальное управление в Евразии,41.04.05,Международные отношения,"Политик, Специалист в области международных отношений, Юрист-международники остальные",390000.0,,,31.0,5.0,https://vuzopedia.ru/program/magistratura/10779
704,Политика и глобальное управление в Евразии,41.04.04,Политология,"Политик, Специалист в области международных отношений, Юрист-международники остальные",,5.0,,,,https://vuzopedia.ru/program/magistratura/10775
705,Литература в полиэтнической среде России,45.04.01,Филология,"Литературовед, Преподаватель зарубежной литературы, Филолог-русист (русист)и остальные",120000.0,,,61.0,5.0,https://vuzopedia.ru/program/magistratura/10774
706,Практическая психология в образовании,44.04.02,Психолого-педагогическое образование,"Психолог, Педагог-психолог, Практический психологи остальные",120000.0,,,61.0,15.0,https://vuzopedia.ru/program/magistratura/10770
707,Цифровой дизайн в языковом образовании,44.04.01,Педагогическое образование,"Компьютерный лингвист, Лингвист, Лингвист-исследовательи остальные",280000.0,7.0,,61.0,3.0,https://vuzopedia.ru/program/magistratura/10766
708,Управление развитием и брендинг арктических территорий,38.04.02,Менеджмент,"Менеджер по развитию, Бренд-менеджер, Специалист (менеджер) по устойчивому развитиюи остальные",160000.0,,,61.0,10.0,https://vuzopedia.ru/program/magistratura/10762
709,Цифровая трансформация электроэнергетики,13.04.02,Электроэнергетика и электротехника,"Инженер-энергетик, Инженер по энергетическому машиностроению, Системный инженер интеллектуальных энергосетейи остальные",280000.0,8.0,,61.0,2.0,https://vuzopedia.ru/program/magistratura/10758
710,Строительство речных гидротехнических сооружений и гидроэлектростанций (сетевая образовате..,08.04.01,Строительство,"Инженер-машиностроитель, Инженер-строитель, Менеджер строительного проектаи остальные",374000.0,,,20.0,10.0,https://vuzopedia.ru/program/magistratura/10754
711,Обследование и мониторинг зданий и сооружений,08.04.01,Строительство,"Инженер-строитель, Менеджер строительного проекта, Техник по гражданскому строительствуи остальные",,15.0,,,,https://vuzopedia.ru/program/magistratura/10750
712,Менеджмент цифровых технологий,38.04.05,Бизнес-информатика,"Инновационный менеджер, Менеджер по развитию, Менеджери остальные",170700.0,,,15.0,15.0,https://vuzopedia.ru/program/magistratura/10746
713,Применение методов машинного обучения и искусственного интеллекта для решения прикладных з..,01.04.02,Прикладная математика и информатика,"Intelligent Systems Developer (разработчик интеллектуальных систем), Специалист по искусственному интеллекту, Специалист по интегрированным интеллектуальным робототехническим комплексами остальные",66000.0,,,15.0,8.0,https://vuzopedia.ru/program/magistratura/10742
714,"Землепользование: организация, оценка и управление",21.04.02,Землеустройство и кадастры,"Инженер по землеустройству, Землеустроитель, Специалист по землеустройству, специалист-землеустроитель по землеустройству, специалист-землеустроительи остальные",108800.0,,,40.0,30.0,https://vuzopedia.ru/program/magistratura/10738
715,Медицинская биология и экобиотехнология,06.04.01,Биология,"Биотехнолог, Биолог, Биохимики остальные",292156.0,30.0,,40.0,10.0,https://vuzopedia.ru/program/magistratura/10734
716,Управление медиа в креативных индустриях,42.04.05,Медиакоммуникации,"Медиа-консультант, Медиа-менеджер, Специалист по медиакоммуникациями остальные",408981.0,15.0,,40.0,15.0,https://vuzopedia.ru/program/magistratura/10730
717,"Разведение, селекция и генетика в молочном скотоводстве",36.04.02,Зоотехния,"Животновод, Инженер-технолог молока и молочных продуктов, Фермер животноводческой фермыи остальные",408981.0,15.0,,40.0,15.0,https://vuzopedia.ru/program/magistratura/10726
718,Энергообеспечение предприятий,35.04.06,Агроинженерия,"Инженер-энергетик, Специалист по энергоэффективности и энергосбережению, Специалист по локальным системам энергоснабженияи остальные",201000.0,20.0,,40.0,40.0,https://vuzopedia.ru/program/magistratura/10722
719,Адаптивно-ландшафтные системы земледелия,35.04.04,Агрономия,"Агроном, Агроном по защите растений, Агроэкологи остальные",408981.0,15.0,,40.0,15.0,https://vuzopedia.ru/program/magistratura/10718
720,Инновационные технологии в растениеводстве с использованием космических систем,35.04.03,Агрохимия и агропочвоведение,"Агроном, Агроном по защите растений, Агроэкологи остальные",408981.0,10.0,,40.0,20.0,https://vuzopedia.ru/program/magistratura/10714
721,Современные методы прикладной лингвистики и перевода (сетевая),45.04.02,Лингвистика,"Лингвист, Переводовед, Переводчики остальные",,15.0,,,,https://vuzopedia.ru/program/magistratura/10711
722,Управление в социальной сфере,38.04.04,Государственное и муниципальное управление,"Государственный служащий, Специалист государственного и муниципального управления, Социологи остальные",,10.0,,,,https://vuzopedia.ru/program/magistratura/10707
723,Цифровая метрология и управление качеством,27.04.01,Стандартизация и метрология,"Метролог, Инженер по управлению качеством, Менеджер по качествуи остальные",,15.0,,,,https://vuzopedia.ru/program/magistratura/10703
724,Технология минеральных удобрений,18.04.01,Химическая технология,"Агрохимик, Химик-разработчик, технолог по продукту, Химик-технологи остальные",,7.0,,,,https://vuzopedia.ru/program/magistratura/10699
725,Технологии построения программно-управляемых систем и компьютерных сетей,11.04.02,Инфокоммуникационные технологии и системы связи,"Инженер информационной безопасности, Инженер-проектировщик в области связи и телекоммуникаций, Специалист по проектированию гибких производственных систем в машиностроениии остальные",,15.0,,,,https://vuzopedia.ru/program/magistratura/10695
726,Информационная безопасность киберфизических систем,10.04.01,Информационная безопасность,"Аналитик информационной безопасности, Инженер информационной безопасности, Специалист по безопасностии остальные",,15.0,,,,https://vuzopedia.ru/program/magistratura/10691
727,"Разработка, мониторинг и управление жизненным циклом инженерных систем",09.04.04,Программная инженерия,"Инженер по промышленной безопасности, Инженер-разработчик аппаратного обеспечения, Сетевой инженери остальные",,15.0,,,,https://vuzopedia.ru/program/magistratura/10687
728,Управление строительством и эксплуатацией зданий и сооружений,08.04.01,Строительство,"Инженер-строитель, Менеджер строительного проекта, Специалист по модернизации строительных технологийи остальные",45140.0,,,51.0,20.0,https://vuzopedia.ru/program/magistratura/10683
729,Биохимия,04.04.01,Химия,"Медицинский химик (цитохимик, гистохимик, нейрохимик, иммунохимик), Биохимик, Химик фармацевтической промышленностии остальные",40765.0,,,51.0,30.0,https://vuzopedia.ru/program/magistratura/10679
730,Цифровые технологии в физике,03.04.02,Физика,"Радиофизик, Инженер-физик, Физики остальные",155460.0,8.0,,51.0,2.0,https://vuzopedia.ru/program/magistratura/10675
731,Археологические исследования,46.04.01,История,"Археолог, Историк, Исторический консультант, исторический реконструктори остальные",,16.0,,,,https://vuzopedia.ru/program/magistratura/10674
732,Исторические исследования,46.04.01,История,"Историк, Историограф, Исторический консультант, исторический реконструктори остальные",,20.0,,,,https://vuzopedia.ru/program/magistratura/10670
733,Цифровые технологии в гуманитарных исследованиях,45.04.03,Фундаментальная и прикладная лингвистика,"Программист, Лингвист, Лингвист-исследовательи остальные",,20.0,,,,https://vuzopedia.ru/program/magistratura/10666
734,Русский язык как иностранный,45.04.03,Фундаментальная и прикладная лингвистика,"Преподаватель лингвистики, Учитель русского языка и литературы, Преподаватель русского языка как иностранногои остальные",,21.0,,,,https://vuzopedia.ru/program/magistratura/10662
735,Теория языка и полевая лингвистика,45.04.03,Фундаментальная и прикладная лингвистика,"Преподаватель лингвистики, Лингвист, Лингвист-исследовательи остальные",,16.0,,,,https://vuzopedia.ru/program/magistratura/10658
736,Филологические исследования,45.04.01,Филология,"Филолог-русист (русист), Филолог (филолог-исследователь), Преподаватель филологии (филологических дисциплин)и остальные",,16.0,,,,https://vuzopedia.ru/program/magistratura/10654
737,Религиозная дипломатия в многополярном мире,41.04.05,Международные отношения,"Дипломат, Религиовед, Специалист в области международных отношенийи остальные",,15.0,,,,https://vuzopedia.ru/program/magistratura/10650
738,Цифровой инжиниринг в телекоммуникациях,11.04.02,Инфокоммуникационные технологии и системы связи,"Инженер-проектировщик в области связи и телекоммуникаций, Специалист по телекоммуникации, Специалист по радиосвязи и телекоммуникациями остальные",,17.0,,,,https://vuzopedia.ru/program/magistratura/10646
739,Умные устройства: аппаратная разработка,01.04.02,Прикладная математика и информатика,"Программист, Инженер по сопровождению программного обеспечения, Кибертехник умных среди остальные",,15.0,,,,https://vuzopedia.ru/program/magistratura/10642
740,Правовое обеспечение публичной власти,40.04.01,Юриспруденция,"Адвокат, Юрист, Юрист-международники остальные",78000.0,,,40.0,30.0,https://vuzopedia.ru/program/magistratura/10640
741,Прокурорская деятельность,40.04.01,Юриспруденция,"Прокурор, Судья, Юристи остальные",78000.0,,,40.0,30.0,https://vuzopedia.ru/program/magistratura/10636
742,Управление человеческими ресурсами в социально-экономических системах,38.04.02,Менеджмент,"Менеджер по персоналу, Менеджер по оценке персонала, Рекрутер, менеджер по подбору персоналаи остальные",70000.0,,,40.0,30.0,https://vuzopedia.ru/program/magistratura/10632
743,Психолого-педагогическое сопровождение образовательного процесса,44.04.02,Психолого-педагогическое образование,"Педагог, Педагог-психолог, Психолог-консультанти остальные",70000.0,,,40.0,70.0,https://vuzopedia.ru/program/magistratura/10628
744,Профориентология,44.04.02,Психолого-педагогическое образование,"Педагог-психолог, Психоаналитик, Профориентологи остальные",169000.0,8.0,,40.0,10.0,https://vuzopedia.ru/program/magistratura/10624
745,Управление в сфере иноязычного образования,44.04.01,Педагогическое образование,"Учитель иностранного языка, Специалист по управлению в учреждениях дополнительного образования, Руководитель в сфере образованияи остальные",169000.0,8.0,,40.0,4.0,https://vuzopedia.ru/program/magistratura/10620
746,Экспертно-криминалистическое обеспечение уголовного судопроизводства,40.04.01,Юриспруденция,"Лингвокриминалист, Криминалист, Психолог-криминалисти остальные",80000.0,,,30.0,50.0,https://vuzopedia.ru/program/magistratura/10616
747,"Уголовное право, уголовный процесс и прокурорский надзор",40.04.01,Юриспруденция,"Прокурор, Судья, Юристи остальные",80000.0,5.0,,30.0,80.0,https://vuzopedia.ru/program/magistratura/10612
748,Международная торговля и электронная коммерция,38.04.06,Торговое дело,"Коммерческий агент, Предприниматель, Экономист-международники остальные",80000.0,,,30.0,30.0,https://vuzopedia.ru/program/magistratura/10608
749,Психологическое и организационное консультирование,37.04.01,Психология,"Психолог, Корпоративный психолог, Психолог-консультанти остальные",80000.0,,,30.0,40.0,https://vuzopedia.ru/program/magistratura/10604
750,Экономика инноваций и биоэкономика,27.04.07,Наукоемкие технологии и экономика инноваций,"Инновационный менеджер, Инженер-экономист, Экономисти остальные",80000.0,,,30.0,20.0,https://vuzopedia.ru/program/magistratura/10600
751,Россия в контексте цивилизационного многообразия,46.04.01,История,"Историк, Историограф, Исторический консультант, исторический реконструктори остальные",162400.0,15.0,,25.0,5.0,https://vuzopedia.ru/program/magistratura/10598
752,Литературные практики и менеджмент культурных проектов,45.04.01,Филология,"Преподаватель лингвистики, Литературовед, Культурологи остальные",162400.0,15.0,,25.0,10.0,https://vuzopedia.ru/program/magistratura/10594
753,Трансформационные STEAM-практики в инженерном и гуманитарном образовании,44.04.01,Педагогическое образование,"Педагог, Игропедагог, Педагог дополнительного образованияи остальные",162400.0,15.0,,25.0,5.0,https://vuzopedia.ru/program/magistratura/10586
754,"Юрист в сфере международного права, публичного права и права Евразийского экономического с..",40.04.01,Юриспруденция,"Корпоративный юрист, Юрист, Юрист-международники остальные",162400.0,10.0,,25.0,10.0,https://vuzopedia.ru/program/magistratura/10582
755,Практическая психология и кризисное консультирование,37.04.01,Психология,"Психолог, Корпоративный психолог, Психолог-консультанти остальные",162400.0,10.0,,25.0,20.0,https://vuzopedia.ru/program/magistratura/10578
756,Функциональные материалы и передовые технологии производства,22.04.01,Материаловедение и технологии материалов,"Информатик-технолог, Нанотехнолог, Специалист по аддитивным технологиями остальные",162400.0,15.0,,25.0,5.0,https://vuzopedia.ru/program/magistratura/10574
757,Обеспечение жизненного цикла изделий машиностроения,15.04.01,Машиностроение,"Инженер-технолог, Инженер-машиностроитель, Специалист по технологии машиностроенияи остальные",162400.0,15.0,,25.0,10.0,https://vuzopedia.ru/program/magistratura/10570
758,Физика наукоёмких технологий,03.04.02,Физика,"Биофизик, Астрофизик, Радиофизики остальные",164200.0,20.0,,25.0,10.0,https://vuzopedia.ru/program/magistratura/10566
759,Технологии разработки программного обеспечения,01.04.02,Прикладная математика и информатика,"Программист, Инженер-разработчик аппаратного обеспечения, Техник-программисти остальные",162400.0,10.0,,25.0,10.0,https://vuzopedia.ru/program/magistratura/10562
760,Защита интеллектуальной собственности в АПК,40.04.01,Юриспруденция,"Корпоративный юрист, Сетевой юрист, Юристи остальные",135729.0,,,40.0,15.0,https://vuzopedia.ru/program/magistratura/10558
761,Государственное и муниципальное управление устойчивым развитием территорий,38.04.04,Государственное и муниципальное управление,"Государственный служащий, Специалист государственного и муниципального управления, Специалист (менеджер) по устойчивому развитиюи остальные",52500.0,,,40.0,15.0,https://vuzopedia.ru/program/magistratura/10554
762,Стратегическое управление предприятиями АПК,38.04.02,Менеджмент,"Менеджер, Антикризисный управляющий, Руководитель в АПК (агропромышленном комплексе)и остальные",52500.0,,,40.0,15.0,https://vuzopedia.ru/program/magistratura/10550
763,Экспорт продукции АПК и логистика международной торговли,38.04.02,Менеджмент,"Логист, Менеджер, Экономист-международники остальные",114298.0,,,40.0,12.0,https://vuzopedia.ru/program/magistratura/10546
764,Проектирование и оценка эффективности зенитных ракетных комплексов,24.04.01,Ракетные комплексы и космонавтика,"Инженер-испытатель ракетных двигателей, Инженер-конструктор в ракетостроении, Инженер-механик по ракетостроениюи остальные",327900.0,,,3.0,15.0,https://vuzopedia.ru/program/magistratura/10545
765,Управление техносферной безопасностью предприятия,20.04.01,Техносферная безопасность,"Инспектор по технике безопасности, Специалист по техносферной безопасности, Специалист по безопасностии остальные",286500.0,8.0,,3.0,17.0,https://vuzopedia.ru/program/magistratura/10541
766,Интеллектуальные системы обработки информации в виброакустике и механике,15.04.03,Прикладная механика,"Инженер-разработчик аппаратного обеспечения, Техник-механик, Специалист по интегрированным интеллектуальным робототехническим комплексами остальные",286500.0,15.0,,3.0,10.0,https://vuzopedia.ru/program/magistratura/10537
767,Цифровые двойники и управление жизненным циклом изделий,15.04.03,Прикладная механика,"Контроллер, Менеджери остальные",286500.0,16.0,,3.0,9.0,https://vuzopedia.ru/program/magistratura/10533
768,Строительство автодорожных мостов и тоннелей,08.04.01,Строительство,"Инженер-строитель, Инженер-строитель мостов и тоннелей, Инженер-строитель автомобильных дороги остальные",202100.0,,,30.0,13.0,https://vuzopedia.ru/program/magistratura/10531
769,Повышение продуктивности лесов,35.04.01,Лесное дело,Специалист лесного и лесопаркового хозяйстваи остальные,202100.0,10.0,,30.0,10.0,https://vuzopedia.ru/program/magistratura/10527
770,Кадастр и управление объектами недвижимости,21.04.02,Землеустройство и кадастры,"Менеджер по эксплуатации недвижимости, Управляющий недвижимостью (менеджер по недвижимости), Специалист по городскому кадаструи остальные",,15.0,,,,https://vuzopedia.ru/program/magistratura/10523
771,Документационное обеспечение управления и архивного дела,46.04.02,Документоведение и архивоведение,"Архивариус, Документовед, Специалист по документационному обеспечению управления, архивисти остальные",,23.0,,,,https://vuzopedia.ru/program/magistratura/10519
772,Биоинформатика в животноводстве,36.04.02,Зоотехния,"Животновод, Биоинформатик, Физиолог человека и животныхи остальные",,9.0,,,,https://vuzopedia.ru/program/magistratura/10515
773,Регенеративное земледелие и восстановление деградированных земель,35.04.04,Агрономия,"Агроинженер, Агроном, Агроэкологи остальные",,17.0,,,,https://vuzopedia.ru/program/magistratura/10511
774,Дипломатическая и консульская служба в Российской Федерации,41.04.05,Международные отношения,"Дипломат, Специалист в области международных отношений, Юрист-международники остальные",,10.0,,,,https://vuzopedia.ru/program/magistratura/10499
775,Мировой порядок: конфликты и сотрудничество,41.04.05,Международные отношения,"Специалист в области международных отношений, Экономист-международник, Юрист-международники остальные",,20.0,,,,https://vuzopedia.ru/program/magistratura/10491
776,Технологии управления внешнеполитическими рисками,38.04.04,Государственное и муниципальное управление,"Государственный аудитор, Государственный служащий, Финансовый менеджери остальные",,13.0,,,,https://vuzopedia.ru/program/magistratura/10487
777,Организация и регулирование внешнеэкономической деятельности,38.04.01,Экономика,"Бухгалтер-экономист, Экономист-международник, Экономисти остальные",,10.0,,,,https://vuzopedia.ru/program/magistratura/10483
778,Международная экономическая и финансовая безопасность,38.04.01,Экономика,"Бухгалтер-экономист, Финансовый менеджер, Экономисти остальные",,10.0,,,,https://vuzopedia.ru/program/magistratura/10479
779,Генетика и селекция в растеневодстве,35.04.04,Агрономия,"Агроном по защите растений, Генетик, Селекционери остальные",,10.0,,,,https://vuzopedia.ru/program/magistratura/10478
780,Экономика и менеджмент в здравоохранении,32.04.01,Общественное здравоохранение,"R&D менеджер здравоохранения, Менеджер в сфере здравоохранения, Экономисти остальные",66120.0,88.0,4.0,62.0,6.0,https://vuzopedia.ru/program/magistratura/10475
781,Пищевая и кормовая биотехнология,19.04.01,Биотехнология,"Биотехнолог, Физиолог человека и животных, Системный биотехнологи остальные",128204.0,8.0,,30.0,5.0,https://vuzopedia.ru/program/magistratura/10474
782,Методология и практика в естественно-научном образовании,44.04.01,Педагогическое образование,"Преподаватель, Учитель биологии и химии, Учитель естествознанияи остальные",65000.0,,,45.0,15.0,https://vuzopedia.ru/program/magistratura/10473
783,Уголовно – правовая защита бизнеса,40.04.01,Юриспруденция,"Корпоративный юрист, Юрист, Юрист-международники остальные",,24.0,,,,https://vuzopedia.ru/program/magistratura/10472
784,Когнитивные технологии и искусственный интеллект,45.04.04,Интеллектуальные системы в гуманитарной сфере,"Программист, Инженер-разработчик аппаратного обеспечения, Специалист по искусственному интеллектуи остальные",120000.0,,,80.0,15.0,https://vuzopedia.ru/program/magistratura/10468
785,Подготовка военного духовенства и взаимодействие с Вооруженными силами,48.04.01,Теология,"Религиовед, Священнослужительи остальные",,15.0,,,,https://vuzopedia.ru/program/magistratura/10466
786,Продуктовый менеджмент,02.04.01,Математика и компьютерные науки,"Менеджер, Менеджер проекта, Менеджер продуктов в области информационных технологийи остальные",800000.0,100.0,2.0,25.0,76.0,https://vuzopedia.ru/program/magistratura/10463
787,Продуктовая аналитика,02.04.01,Математика и компьютерные науки,"Аналитик компьютерных систем, Аналитик информационной безопасности, Системный аналитики остальные",800000.0,100.0,1.0,25.0,73.0,https://vuzopedia.ru/program/magistratura/10459
788,Backend-разработка,02.04.01,Математика и компьютерные науки,"Программист, Web-программист, Разработчик Web и мультимедийных приложенийи остальные",800000.0,100.0,1.0,25.0,73.0,https://vuzopedia.ru/program/magistratura/10455
789,Технологии нефтегазового инжиниринга,21.04.01,Нефтегазовое дело,"Инженер-технолог, Инженер по технологическому обеспечению работы нефтегазового промысла, Техник-технологи остальные",120800.0,,,24.0,20.0,https://vuzopedia.ru/program/magistratura/10428
790,Управление персоналом в современной организации,38.04.03,Управление персоналом,"PR-менеджер, Менеджер по персоналу, Менеджер фонда прямых инвестиций в талантливых людейи остальные",44700.0,,,60.0,70.0,https://vuzopedia.ru/program/magistratura/10424
791,Экономическая безопасность предприятия,38.04.01,Экономика,"Финансовый менеджер, Специалист по экономической безопасности, Экономисти остальные",44700.0,,,60.0,80.0,https://vuzopedia.ru/program/magistratura/10420
792,Экономика и организация бизнес-предпринимательства,38.04.01,Экономика,Экономисти остальные,44700.0,,,60.0,120.0,https://vuzopedia.ru/program/magistratura/10416
793,Управление инновационной деятельностью промышленных предприятий,27.04.05,Инноватика,"Инновационный менеджер, Эксперт в области науки, технологий и инновацийи остальные",151350.0,6.0,,60.0,25.0,https://vuzopedia.ru/program/magistratura/10412
794,Организация и дизайн медиапроектов,42.04.03,Издательское дело,Медиадизайнери остальные,44700.0,,,60.0,75.0,https://vuzopedia.ru/program/magistratura/10408
795,Интегрированные коммуникации в рекламе и связях с общественностью,42.04.01,Реклама и связи с общественностью,"Менеджер по связям с общественностью (PR), Медиа-аналитик, Медиа-консультанти остальные",44700.0,,,60.0,75.0,https://vuzopedia.ru/program/magistratura/10404
796,Управление качеством в цифровых технологиях,27.04.02,Управление качеством,"Инженер-технолог по качеству, Менеджер по качествуи остальные",47300.0,,,60.0,50.0,https://vuzopedia.ru/program/magistratura/10402
797,Цифровые технологии конструирования и производства электронных средств,11.04.03,Конструирование и технология электронных средств,"Инженер-конструктор, Программист, Инженер-электроники остальные",151350.0,10.0,,60.0,25.0,https://vuzopedia.ru/program/magistratura/10398
798,Искусственный интеллект и анализ больших данных в обработке изображений,11.04.02,Инфокоммуникационные технологии и системы связи,"Программист, Аналитик данных, Специалист по искусственному интеллектуи остальные",151350.0,9.0,,60.0,25.0,https://vuzopedia.ru/program/magistratura/10394
799,Методы и устройства обработки сигналов и изображений,11.04.01,Радиотехника,"Инженер-радиотехник, Радиофизики остальные",151350.0,4.0,,60.0,20.0,https://vuzopedia.ru/program/magistratura/10390
800,Радиофизика и электроника,11.04.01,Радиотехника,"Инженер-радиотехник, Радиофизик, Техник-электроники остальные",151350.0,4.0,,60.0,20.0,https://vuzopedia.ru/program/magistratura/10386
801,Управление и эксплуатация систем ЖКХ,08.04.01,Строительство,"Техник-технолог, Техник-смотритель жилищного хозяйстваи остальные",47300.0,20.0,,60.0,40.0,https://vuzopedia.ru/program/magistratura/10382
802,Информационные технологии в защите окружающей среды,20.04.01,Техносферная безопасность,"Менеджер-эколог, Специалист по безопасности, Экологи остальные",47300.0,,,60.0,50.0,https://vuzopedia.ru/program/magistratura/10378
803,"Электроэнергетические системы, сети, их режимы, устойчивость и надежность",13.04.02,Электроэнергетика и электротехника,"Техник-электрик, Техник-электроники остальные",47300.0,5.0,,60.0,25.0,https://vuzopedia.ru/program/magistratura/10374
804,Электропривод и автоматика,13.04.02,Электроэнергетика и электротехника,Техник-электрики остальные,47300.0,5.0,,60.0,25.0,https://vuzopedia.ru/program/magistratura/10370
805,Технология производства экологически чистой электрической и тепловой энергии,13.04.01,Теплоэнергетика и теплотехника,"Инженер-эколог, Экологи остальные",47300.0,6.0,,60.0,45.0,https://vuzopedia.ru/program/magistratura/10366
806,Искусственный интеллект и биоинформатика,09.04.03,Прикладная информатика,"Программист, Биоинформатик, Информатик (специалист по информационным технологиям)и остальные",151350.0,7.0,,60.0,13.0,https://vuzopedia.ru/program/magistratura/10362
807,Искусственный интеллект и бизнес-аналитика,09.04.03,Прикладная информатика,"Бизнес-тренер, Программист, Специалист по искусственному интеллектуи остальные",44700.0,7.0,,60.0,37.0,https://vuzopedia.ru/program/magistratura/10358
808,Интеллектуальные технологии и виртуальная реальность в промышленных информационных системах,09.04.02,Информационные системы и технологии,"Программист, Специалист по информационным системам, Специалист по нейрокомпьютерингуи остальные",151350.0,5.0,,60.0,25.0,https://vuzopedia.ru/program/magistratura/10354
809,Искусственный интеллект в автоматизации проектирования,09.04.01,Информатика и вычислительная техника,"Программист, Специалист по искусственному интеллекту, Разработчик интеллектуальных систем управления динамической диспетчеризациейи остальные",151350.0,15.0,,53.0,30.0,https://vuzopedia.ru/program/magistratura/10350
810,"Математическое и программное обеспечение обработки информации в технике, экономике и управ..",01.04.04,Прикладная математика,"Программист, Информатик-технолог, Экономист-кибернетики остальные",134040.0,,,60.0,25.0,https://vuzopedia.ru/program/magistratura/10346
811,Бизнес педагогика и управление корпоративным обучением,44.04.01,Педагогическое образование,"Педагог, Репетитори остальные",210000.0,,,55.0,60.0,https://vuzopedia.ru/program/magistratura/10345
812,"Магистр уголовного, гражданского и административного судопроизводства",40.04.01,Юриспруденция,"Следователь, Юрист, Юрисконсульти остальные",250000.0,,,55.0,1050.0,https://vuzopedia.ru/program/magistratura/10341
813,Православное богословие,48.04.01,Теология,Теологи остальные,,3.0,,,,https://vuzopedia.ru/program/magistratura/10338
814,История Русской Православной Церкви,48.04.01,Теология,"Историк, Теологи остальные",,3.0,,,,https://vuzopedia.ru/program/magistratura/10334
815,Международно-политический анализ стран Азии и Африки,41.04.01,Зарубежное регионоведение,"Африканист, Политик, Специалист в области международных отношенийи остальные",220000.0,,,50.0,50.0,https://vuzopedia.ru/program/magistratura/10332
816,Инжиниринг в хмелеводстве,35.04.06,Агроинженерия,"Агроинженер, Агроном по защите растений, Инженер-механик по сельскому хозяйствуи остальные",30000.0,70.0,9.0,40.0,10.0,https://vuzopedia.ru/program/magistratura/10327
817,Хмелеводство,35.04.04,Агрономия,"Агроном, Агроном по защите растений, Хмелеводи остальные",30000.0,74.0,18.0,40.0,23.0,https://vuzopedia.ru/program/magistratura/10323
818,Внешнеэкономическая деятельность и международный бизнес,38.04.02,Менеджмент,"Менеджер непрерывности бизнеса, Категорийный менеджер, Финансовый менеджери остальные",63500.0,,,63.0,40.0,https://vuzopedia.ru/program/magistratura/10322
819,Финансовые технологии,38.04.08,Финансы и кредит,"Аналитик данных, ICO аналитик, Research Analyst (аналитика по исследованиям в банке или брокерской фирме)и остальные",200000.0,67.0,7.0,40.0,20.0,https://vuzopedia.ru/program/magistratura/10318
820,"Экономика, учет и бизнес-аналитика в АПК",38.04.01,Экономика,"Бухгалтер-экономист, Аудитор, Кредитный аналитики остальные",140700.0,72.0,60.0,59.0,60.0,https://vuzopedia.ru/program/magistratura/10314
821,"Учет, бизнес-аналитика и аудит. Финансы",38.04.01,Экономика,"Финансист, Аудитор, Налоговый консультанти остальные",50000.0,100.0,4.0,47.0,60.0,https://vuzopedia.ru/program/magistratura/10310
822,Теория и практика инструментального искусства,53.04.01,Музыкально-инструментальное искусство,"Учитель музыки и пения, Музыкант, Музыковеди остальные",98000.0,55.0,7.0,50.0,3.0,https://vuzopedia.ru/program/magistratura/10308
823,Хореографическое искусство,52.04.01,Хореографическое искусство,"Танцор, Балетмейстер, Преподавательи остальные",69706.0,75.0,10.0,74.0,9.0,https://vuzopedia.ru/program/magistratura/10304
824,Интеллектуальное управление и компьютерное моделирование,09.04.03,Прикладная информатика,"Программист, Аналитик компьютерных систем, Intelligent Systems Developer (разработчик интеллектуальных систем)и остальные",179800.0,90.0,12.0,70.0,15.0,https://vuzopedia.ru/program/magistratura/10299
825,Русский язык и литература,44.04.01,Педагогическое образование,"Педагог, Учитель, Преподаватель лингвистикии остальные",50150.0,84.0,24.0,58.0,100.0,https://vuzopedia.ru/program/magistratura/10292
826,Оборудование и технологии электроники и наноэлектроники (адаптационный план №1),11.04.04,Электроника и наноэлектроника,"Инженер-технолог, Инженер-схемотехник, Инженер по наноэлектроникеи остальные",399000.0,78.0,6.0,27.0,5.0,https://vuzopedia.ru/program/magistratura/10282
827,Системный анализ и принятие решений,27.04.03,Системный анализ и управление,"Специалист по информационным системам, Системный аналитик, Системный программисти остальные",409000.0,85.0,13.0,27.0,14.0,https://vuzopedia.ru/program/magistratura/10281
828,Техническая эксплуатация орбитальных комплексов,24.04.03,Баллистика и гидроаэродинамика,"Инженер-конструктор, Инженер-испытатель ракетных двигателей, Баллистик по испытаниям космических средстви остальные",539000.0,43.0,2.0,31.0,2.0,https://vuzopedia.ru/program/magistratura/10277
829,Применение искусственного интеллекта в управлении космическими полётами,24.04.03,Баллистика и гидроаэродинамика,"Астроном, Баллистик по испытаниям космических средств, Космический баллистики остальные",539000.0,43.0,3.0,33.0,3.0,https://vuzopedia.ru/program/magistratura/10276
830,Композиционные материалы в новой технике,24.04.01,Ракетные комплексы и космонавтика,"Инженер-технолог, Инженер-конструктор в ракетостроении, Инженер-проектировщики остальные",410118.0,27.0,6.0,27.0,5.0,https://vuzopedia.ru/program/magistratura/10272
831,Цифровое моделирование химических технологий,18.04.01,Химическая технология,"Инженер-технолог, Лаборант, Химик-технологи остальные",379000.0,50.0,6.0,27.0,4.0,https://vuzopedia.ru/program/magistratura/10268
832,Системная инженерия вакуумных систем и установок,15.04.02,Технологические машины и оборудование,"Инженер-конструктор, Инженер-технолог, Нанотехнологи остальные",449000.0,73.0,4.0,27.0,4.0,https://vuzopedia.ru/program/magistratura/10264
833,Теплофизика новых технологий (системная инженерия),14.04.01,Ядерная энергетика и теплофизика,"Физик-атомщик (физик-ядерщик), Инженер по технологическому обеспечению работы нефтегазового промысла, Инженер по ядерной техникеи остальные",489000.0,80.0,10.0,48.0,21.0,https://vuzopedia.ru/program/magistratura/10260
834,Платформенные решения для интеллектуального анализа больших данных,09.04.01,Информатика и вычислительная техника,"Программист, Аналитик компьютерных систем, Администратор баз данныхи остальные",409000.0,93.0,16.0,59.0,6.0,https://vuzopedia.ru/program/magistratura/10254
835,"Математическое моделирование, численные методы и комплексы программ",01.04.04,Прикладная математика,"Инженер-исследователь, Инженер-испытатель, Аналитик данныхи остальные",56000.0,67.0,6.0,53.0,48.0,https://vuzopedia.ru/program/magistratura/10252
836,Математическое моделирование авиационных двигателей и энергетических установок,01.04.04,Прикладная математика,"Инженер по технологическому обеспечению работы нефтегазового промысла, Инженер-испытатель, Разработчик математических и компьютерных моделейи остальные",379000.0,67.0,6.0,53.0,8.0,https://vuzopedia.ru/program/magistratura/10248
837,Моделирование механических и гидромеханических систем,01.04.03,Механика и математическое моделирование,"Инженер по бурению, Инженер по технологическому обеспечению работы нефтегазового промысла, Специалист по математическому моделированиюи остальные",469000.0,33.0,10.0,29.0,20.0,https://vuzopedia.ru/program/magistratura/10244
838,История мировой политики и региональных конфликтов,46.04.01,История,"Историк, Историограф, Исторический консультант, исторический реконструктори остальные",114982.0,60.0,10.0,40.0,5.0,https://vuzopedia.ru/program/magistratura/10240
839,Математическое моделирование и компьютерные технологии,01.04.02,Прикладная математика и информатика,"Программист, Аналитик компьютерных систем, Инженер информационной безопасностии остальные",114982.0,55.0,13.0,40.0,5.0,https://vuzopedia.ru/program/magistratura/10233
840,Зоотехния,36.04.02,Зоотехния,"Зоотехник, Животновод, Птицеводи остальные",63500.0,71.0,12.0,66.0,10.0,https://vuzopedia.ru/program/magistratura/10232
841,Экономика и управление проектами,38.04.01,Экономика,"Менеджер проекта, Девелопер, Кредитный аналитики остальные",151333.0,,,25.0,15.0,https://vuzopedia.ru/program/magistratura/10227
842,Управление селекционными и технологическими животноводстве,36.04.02,Зоотехния,"Зоотехник, Животновод, Зооинженери остальные",170156.0,54.0,16.0,40.0,3.0,https://vuzopedia.ru/program/magistratura/10223
843,Менеджмент в кормлении животных и безопасность кормовых средств,36.04.02,Зоотехния,"Биотехнолог, Зоотехник, Животноводи остальные",49136.0,55.0,30.0,25.0,18.0,https://vuzopedia.ru/program/magistratura/10219
844,Сертификация изделий аддитивных технологий,27.04.01,Стандартизация и метрология,"Метролог, Инженер по метрологии, Инженер по стандартизации, метрологии и сертификациии остальные",425000.0,79.0,6.0,40.0,1.0,https://vuzopedia.ru/program/magistratura/10210
845,Государственное регулирование деятельности в области гражданской авиации,25.04.03,Аэронавигация,"Авиаменеджер, Менеджер по авиаперевозкам, Специалист (инженер) по безопасности полетови остальные",161740.0,,,64.0,30.0,https://vuzopedia.ru/program/magistratura/10203
846,Организация проектов государственно-частного партнерства,38.04.01,Экономика,"GR-менеджер, Бухгалтер-экономист, Государственный служащийи остальные",40000.0,,,80.0,20.0,https://vuzopedia.ru/program/magistratura/10200
847,Практическая психология в бизнесе,37.04.01,Психология,"Психолог, Корпоративный психолог, Менеджер фонда прямых инвестиций в талантливых людейи остальные",89900.0,,,90.0,29.0,https://vuzopedia.ru/program/magistratura/10199
848,Управление организацией в цифровой экономике,38.04.02,Менеджмент,"Менеджер, Менеджер продуктов в области информационных технологий, Менеджер интернет-проектови остальные",134820.0,,,25.0,35.0,https://vuzopedia.ru/program/magistratura/10196
849,Методы и средства измерений и автоматизации,09.04.02,Информационные системы и технологии,"Инженер по автоматизации и механизации, IT-специалист, Техник по информационным системами остальные",300000.0,70.0,15.0,30.0,30.0,https://vuzopedia.ru/program/magistratura/10190
850,Стратегическое управление в сфере оздоровительного туризма,43.04.02,Туризм,"Менеджер по туризму, Менеджер по организации мероприятий, Специалист по туризмуи остальные",60000.0,,,85.0,25.0,https://vuzopedia.ru/program/magistratura/10188
851,Конструирование специальных комплексов,15.04.05,Конструкторско-технологическое обеспечение машиностроительных производств,"Инженер-конструктор, Инженер-машиностроительи остальные",182826.0,7.0,,60.0,3.0,https://vuzopedia.ru/program/magistratura/10185
852,Конструирование и технология опытного производства,15.04.05,Конструкторско-технологическое обеспечение машиностроительных производств,"Инженер-конструктор, Инженер-технолог, Инженер-машиностроительи остальные",182826.0,7.0,,60.0,3.0,https://vuzopedia.ru/program/magistratura/10184
853,Цифровые сервисы,09.04.02,Информационные системы и технологии,"Программист, IT-специалист, Специалист по информационным системами остальные",182826.0,7.0,,60.0,10.0,https://vuzopedia.ru/program/magistratura/10182
854,Компьютерное моделирование физических процессов,03.04.01,Прикладные математика и физика,"Инженер-исследователь, Физики остальные",182826.0,17.0,,15.0,4.0,https://vuzopedia.ru/program/magistratura/10178
855,Электрофизика,03.04.01,Прикладные математика и физика,"Инженер-исследователь, Физики остальные",182826.0,5.0,,60.0,1.0,https://vuzopedia.ru/program/magistratura/10175
856,Физика фундаментальных взаимодействий,03.04.01,Прикладные математика и физика,"Инженер-исследователь, Физики остальные",182826.0,5.0,,60.0,1.0,https://vuzopedia.ru/program/magistratura/10172
857,Квантовая оптика и лазерная физика,03.04.01,Прикладные математика и физика,"Инженер-исследователь, Специалист по управлению сетями квантовых коммуникаций, Инженер-физики остальные",182826.0,5.0,,60.0,1.0,https://vuzopedia.ru/program/magistratura/10168
858,Высокопроизводительные вычисления и технологии параллельного программирования в пакете ЛОГОС,01.04.02,Прикладная математика и информатика,"Программист, Инженер по сопровождению программного обеспечения, Системный архитектор, архитектор программного обеспеченияи остальные",161490.0,6.0,,60.0,3.0,https://vuzopedia.ru/program/magistratura/10164
859,Межкультурная коммуникация в образовании,44.04.01,Педагогическое образование,"Педагог, Учитель, Педагог-психологи остальные",52300.0,,,60.0,12.0,https://vuzopedia.ru/program/magistratura/10157
860,Театр. Музыка. Креативные индустрии,52.04.03,Театральное искусство,"Актер, Актер музыкального театра, Музыканти остальные",190800.0,,,120.0,10.0,https://vuzopedia.ru/program/magistratura/10155
861,Практическая режиссура,52.04.03,Театральное искусство,"Режиссёр театра и кино, Режиссер, Режиссер мультимедиаи остальные",265000.0,,,120.0,7.0,https://vuzopedia.ru/program/magistratura/10154
862,Сквозные цифровые технологии в приборостроении,12.04.01,Приборостроение,"Программист, Инженер приборостроения, Техник-программисти остальные",90000.0,63.0,12.0,60.0,15.0,https://vuzopedia.ru/program/magistratura/10152
863,Проектирование информационно-технических систем и комплексов,09.04.04,Программная инженерия,"Программист, Системный администратор, Инженер-разработчик аппаратного обеспеченияи остальные",187560.0,60.0,12.0,60.0,5.0,https://vuzopedia.ru/program/magistratura/10149
864,Юрист в сфере корпоративного права,40.04.01,Юриспруденция,"Корпоративный юрист, Сетевой юрист, Юристи остальные",135000.0,,,200.0,112.0,https://vuzopedia.ru/program/magistratura/10145
865,Художественные практики современного танца,52.04.01,Хореографическое искусство,"Танцор, Балетмейстер, Хореографи остальные",460000.0,220.0,3.0,120.0,1.0,https://vuzopedia.ru/program/magistratura/10142
866,Современные теории и технологии обучения иностранным языкам,44.04.01,Педагогическое образование,"Педагог, Учитель, Преподаватель лингвистикии остальные",402837.0,94.0,10.0,75.0,20.0,https://vuzopedia.ru/program/magistratura/10140
867,Финансовые инновации в бизнесе,38.04.01,Экономика,"Бизнес-тренер, Финансист, Private equity analystи остальные",402837.0,,,30.0,25.0,https://vuzopedia.ru/program/magistratura/10137
868,Менеджмент индустрии туризма,38.04.02,Менеджмент,"Менеджер по работе с клиентами, Менеджер по туризму, Менеджер по организации мероприятийи остальные",140000.0,,,35.0,20.0,https://vuzopedia.ru/program/magistratura/10130
869,Химические технологии,18.04.01,Химическая технология,"Лаборант, Химик-разработчик, технолог по продукту, Химик-технологи остальные",,92.0,14.0,,,https://vuzopedia.ru/program/magistratura/10123
870,Традиционное прикладное искусство,54.04.02,Декоративно-прикладное искусство и народные промыслы,"Декоратор, Витражист, Учитель экономики, технологии обработки тканей, пищевых продуктов и декоративно-прикладного творчестваи остальные",519339.0,,,41.0,10.0,https://vuzopedia.ru/program/magistratura/10122
871,Орган,53.04.01,Музыкально-инструментальное искусство,"Органист, Музыканти остальные",210000.0,120.0,2.0,120.0,3.0,https://vuzopedia.ru/program/magistratura/10113
872,Суперкомпьютерные технологии математического моделирования и обработки данных,01.04.02,Прикладная математика и информатика,"Инженер-исследователь, Программист, Администратор баз данныхи остальные",,20.0,,40.0,3.0,https://vuzopedia.ru/program/magistratura/10112
873,Экономика и бизнес-политика,38.04.01,Экономика,"Бизнес-тренер, GR-менеджер, Специалист по бизнес-планированию и разработке бизнес-планови остальные",60000.0,,,80.0,95.0,https://vuzopedia.ru/program/magistratura/10110
874,Система менеджмента качества продуктов питания животного происхождения,19.04.03,Продукты питания животного происхождения,"Технолог общественного питания, Инженер пищевой промышленности, Менеджер-экологи остальные",155550.0,59.0,78.0,25.0,4.0,https://vuzopedia.ru/program/magistratura/10106
875,Продовольственная безопасность: управление качеством производства продукции животноводства,36.04.02,Зоотехния,"Зоотехник, Животновод, Зоологи остальные",49136.0,54.0,64.0,25.0,38.0,https://vuzopedia.ru/program/magistratura/10105
876,Управление продукционным процессом сельскохозяйственных культур в условиях криолитозоны,35.04.04,Агрономия,"Агроном, Агроном по защите растений, Агроэкологи остальные",364193.0,10.0,,40.0,1.0,https://vuzopedia.ru/program/magistratura/10103
877,Лесопромышленный бизнес,35.04.02,Технология лесозаготовительных и деревоперерабатывающих производств,"Лесничий, Лесозаготовитель, Лесоводи остальные",90000.0,10.0,,40.0,2.0,https://vuzopedia.ru/program/magistratura/10099
878,Программирование робототехнических систем,12.04.01,Приборостроение,"Программист, Инженер приборостроения, Проектировщик промышленной робототехникии остальные",99000.0,66.0,4.0,30.0,21.0,https://vuzopedia.ru/program/magistratura/10096
879,Математические методы обработки информации,01.04.02,Прикладная математика и информатика,"Математик, IT-специалист, Экономист-кибернетики остальные",176660.0,44.0,3.0,30.0,5.0,https://vuzopedia.ru/program/magistratura/10093
880,Организация бизнеса,38.04.02,Менеджмент,"Бизнес-тренер, Директор магазина, Финансовый менеджери остальные",63500.0,74.0,14.0,66.0,40.0,https://vuzopedia.ru/program/magistratura/10092
881,Ландшафтный дизайн,35.04.09,Ландшафтная архитектура,"Архитектор ландшафтов, Ландшафтный дизайнер, Ландшафтовед (специалист по ландшафтоведению)и остальные",63500.0,66.0,20.0,66.0,10.0,https://vuzopedia.ru/program/magistratura/10091
882,Техника и технологии в агробизнесе,35.04.06,Агроинженерия,"Агроинженер, Агроном, Агроном по защите растенийи остальные",63500.0,66.0,60.0,66.0,20.0,https://vuzopedia.ru/program/magistratura/10087
883,Биологическое земледелие и защита растений,35.04.04,Агрономия,"Агроном, Агроном по защите растений, Биологи остальные",142800.0,66.0,41.0,66.0,15.0,https://vuzopedia.ru/program/magistratura/10084
884,Экология почв и продовольственная безопасность,35.04.03,Агрохимия и агропочвоведение,"Геоэколог, Агрохимик, Почвоведи остальные",142800.0,66.0,15.0,66.0,10.0,https://vuzopedia.ru/program/magistratura/10081
885,Системы гидравлических и пневматических приводов,15.04.02,Технологические машины и оборудование,"Специалист по гидравлическим машинам, гидроприводуи остальные",82000.0,62.0,15.0,55.0,30.0,https://vuzopedia.ru/program/magistratura/10077
886,Организационно-технологическое и конструктивное обеспечение работоспособности зданий и соо..,08.04.01,Строительство,"Инженер-строитель, Девелопери остальные",231800.0,53.0,15.0,40.0,3.0,https://vuzopedia.ru/program/magistratura/10073
887,Интенсификация кормления сельскохозяйственных животных и технологий получения продукции жи..,36.04.02,Зоотехния,"Ветеринар, Зоотехник, Животноводи остальные",181610.0,50.0,15.0,30.0,2.0,https://vuzopedia.ru/program/magistratura/10068
888,Организация ветеринарно-санитарного контроля на объектах Россельхознадзора,36.04.01,Ветеринарно-санитарная экспертиза,"Ветеринар, Ветеринарно-санитарный врач, Ветеринарный врач (ветеринар)и остальные",46500.0,51.0,34.0,60.0,4.0,https://vuzopedia.ru/program/magistratura/10064
889,Ветеринарно-санитарная экспертиза сырья и продуктов животного и растительного происхождения,36.04.01,Ветеринарно-санитарная экспертиза,"Ветеринар, Ветеринарно-санитарный врач, Ветеринарный врач (ветеринар)и остальные",181610.0,46.0,15.0,30.0,2.0,https://vuzopedia.ru/program/magistratura/10060
890,Теория и практика библиотечно-информационной деятельности: сохранение и популяризация лите..,51.04.06,Библиотечно-информационная деятельность,"Библиограф, Библиотекарь, Заведующий библиотекойи остальные",82000.0,86.0,5.0,50.0,3.0,https://vuzopedia.ru/program/magistratura/10059
891,Клиентоцентричность в государственном управлении,38.04.04,Государственное и муниципальное управление,"Государственный аудитор, Государственный служащий, Политики остальные",96000.0,,,78.0,75.0,https://vuzopedia.ru/program/magistratura/10056
892,Проектирование в системе государственного и муниципального управления,38.04.04,Государственное и муниципальное управление,"Государственный аудитор, Государственный служащий, Модератор платформы общения с госорганамии остальные",96000.0,,,60.0,75.0,https://vuzopedia.ru/program/magistratura/10052
893,Управление в креативных индустриях,38.04.02,Менеджмент,"Event-менеджер, Культорганизатор, Координатор программ развития сообществи остальные",96000.0,,,40.0,80.0,https://vuzopedia.ru/program/magistratura/10048
894,Электрооборудование и электротехнологии в АПК,13.04.02,Электроэнергетика и электротехника,"Инженер-электрик, Инженер по электротехнологическим установкам, Техник-электрики остальные",50000.0,68.0,11.0,68.0,15.0,https://vuzopedia.ru/program/magistratura/10046
895,Православная теология: История Церкви,48.04.01,Теология,"Теолог, Мулла, имам, священнослужитель в Исламе, Священнослужительи остальные",,5.0,,,,https://vuzopedia.ru/program/magistratura/10040
896,Перспективные телекоммуникационные технологии,11.04.02,Инфокоммуникационные технологии и системы связи,"Инженер-радиотехник, Инженер связи, Инженер-проектировщик в области связи и телекоммуникацийи остальные",,12.0,,,,https://vuzopedia.ru/program/magistratura/10038
897,Цифровая электроэнергетика,09.04.02,Информационные системы и технологии,"Специалист по управлению проектами и программами в области производства электроэнергии атомными электростанциями, Специалист по информационным системами остальные",,15.0,,,,https://vuzopedia.ru/program/magistratura/10034
898,Искусственный интеллект в робототехнике,02.04.01,Математика и компьютерные науки,"Специалист по машинному обучению, Специалист по искусственному интеллекту, Специалист по интегрированным интеллектуальным робототехническим комплексами остальные",,15.0,,,,https://vuzopedia.ru/program/magistratura/10031
899,Театр и медиа: сценарное мастерство,52.04.03,Театральное искусство,"Режиссёр театра и кино, Режиссёр театра кукол, Режиссёр музыкального театра (музыкальный режиссёр)и остальные",120000.0,140.0,5.0,125.0,8.0,https://vuzopedia.ru/program/magistratura/10028
900,Проектирование спектакля: инсценирование,52.04.03,Театральное искусство,"Режиссёр театра и кино, Режиссёр театра кукол, Режиссёр музыкального театра (музыкальный режиссёр)и остальные",120000.0,120.0,5.0,112.0,8.0,https://vuzopedia.ru/program/magistratura/10027
901,Инженерия программного обеспечения и информационных систем,09.04.01,Информатика и вычислительная техника,"Программист, Инженер информационной безопасности, Инженер по сопровождению программного обеспеченияи остальные",115000.0,160.0,10.0,40.0,40.0,https://vuzopedia.ru/program/magistratura/10025
902,Международные торговые отношения,38.04.06,Торговое дело,"Торговый агент, Категорийный менеджер, Директор магазинаи остальные",169000.0,,,30.0,9.0,https://vuzopedia.ru/program/magistratura/10018
903,Бизнес-технологии в интегрированной логистике,38.04.06,Торговое дело,"Логист, Категорийный менеджер, Фрахтовщики остальные",169000.0,,,52.0,9.0,https://vuzopedia.ru/program/magistratura/10017
904,Экономика и рациональное природопользование,38.04.01,Экономика,"Менеджер-эколог, Специалист по экологическому проектированию (эколог-проектировщик), Экономисти остальные",189000.0,105.0,1.0,37.0,12.0,https://vuzopedia.ru/program/magistratura/10016
905,"Гражданское право, трудовое право, предпринимательское право",40.04.01,Юриспруденция,"Правозащитник, Патентовед, Юрист по трудовому правуи остальные",65000.0,,,61.0,15.0,https://vuzopedia.ru/program/magistratura/10013
906,Управление на основе данных,38.04.05,Бизнес-информатика,"Администратор баз данных, Аналитик данных, Research Analyst (аналитика по исследованиям в банке или брокерской фирме)и остальные",390000.0,,,60.0,25.0,https://vuzopedia.ru/program/magistratura/10007
907,Информационное и технологическое предпринимательство,38.04.05,Бизнес-информатика,"Программист, Web-программист, Предпринимательи остальные",800000.0,40.0,10.0,40.0,15.0,https://vuzopedia.ru/program/magistratura/10006
908,Фундаментальная и прикладная юриспруденция,40.04.01,Юриспруденция,"Корпоративный юрист, Начальник юридического отдела, Преподаватель юридических дисциплини остальные",87000.0,,,35.0,38.0,https://vuzopedia.ru/program/magistratura/10002
909,Художественный текстиль,54.04.02,Декоративно-прикладное искусство и народные промыслы,"Учитель экономики, технологии обработки тканей, пищевых продуктов и декоративно-прикладного творчества, Специалист по декоративно-прикладному искусству, Художник народных художественных промыслови остальные",520000.0,85.0,6.0,50.0,4.0,https://vuzopedia.ru/program/magistratura/9986
910,Моделирование костюма,54.04.02,Декоративно-прикладное искусство и народные промыслы,"Учитель экономики, технологии обработки тканей, пищевых продуктов и декоративно-прикладного творчества, Дизайнер, Специалист по декоративно-прикладному искусствуи остальные",520000.0,93.0,8.0,50.0,10.0,https://vuzopedia.ru/program/magistratura/9984
911,Арт-бизнес,50.04.01,Искусства и гуманитарные науки,"Бизнес-тренер, Куратор мультимедийных выставок, Менеджер социально-культурной деятельностии остальные",202800.0,75.0,7.0,50.0,25.0,https://vuzopedia.ru/program/magistratura/9980
912,История становления и теория развития транспортного права,40.04.01,Юриспруденция,"Транспортный юрист, Юристи остальные",75000.0,,,20.0,25.0,https://vuzopedia.ru/program/magistratura/9979
913,Ресурсоэффективная производственная логистика,38.04.02,Менеджмент,"Логист, Менеджер, Категорийный менеджери остальные",75000.0,42.0,1.0,30.0,20.0,https://vuzopedia.ru/program/magistratura/9976
914,Эксплуатация транспортнотехнологических машин и комплексов,23.04.03,Эксплуатация транспортно-технологических машин и комплексов,"Специалист по технологии машиностроения, Техник-технологи остальные",75000.0,22.0,20.0,27.0,20.0,https://vuzopedia.ru/program/magistratura/9973
915,Сохранение объектов ландшафтной архитектуры и садово-паркового искусства,35.04.09,Ландшафтная архитектура,"Архитектор ландшафтов, Ландшафтовед (специалист по ландшафтоведению)и остальные",194400.0,64.0,8.0,50.0,17.0,https://vuzopedia.ru/program/magistratura/9969
916,Дизайн и конструирование мебели,35.04.02,Технология лесозаготовительных и деревоперерабатывающих производств,"Инженер мебельного производства, Дизайнер мебелии остальные",288000.0,56.0,8.0,50.0,7.0,https://vuzopedia.ru/program/magistratura/9965
917,Лесная политика и лесная экономика,35.04.01,Лесное дело,"Инженер лесопаркового хозяйства, Специалист лесного и лесопаркового хозяйства, Экономисти остальные",288000.0,59.0,12.0,50.0,13.0,https://vuzopedia.ru/program/magistratura/9963
918,Инфокоммуникационные системы и современные Web технологии,09.04.02,Информационные системы и технологии,"Программист, Web-программист, Информатик (специалист по информационным технологиям)и остальные",194400.0,,,55.0,8.0,https://vuzopedia.ru/program/magistratura/9961
919,Технологии химической и биохимической переработки биомассы дерева,18.04.01,Химическая технология,"Лаборант, Биохимик, Химик-исследователь, научный сотрудник в области химиии остальные",288000.0,,,80.0,10.0,https://vuzopedia.ru/program/magistratura/9959
920,Лесотранспортная инфраструктура и логистика,35.04.02,Технология лесозаготовительных и деревоперерабатывающих производств,Специалист лесного и лесопаркового хозяйстваи остальные,114200.0,64.0,8.0,60.0,28.0,https://vuzopedia.ru/program/magistratura/9956
921,Машины и оборудование лесного комплекса,15.04.02,Технологические машины и оборудование,"Инженер-технолог, Специалист лесного и лесопаркового хозяйстваи остальные",67600.0,11.0,,40.0,35.0,https://vuzopedia.ru/program/magistratura/9953
922,Нутрициология и инженерия специализированных продуктов,19.04.05,Высокотехнологичные производства пищевых продуктов функционального и специализированного назначения,"Инженер пищевой промышленности, Биологи остальные",90000.0,82.0,27.0,50.0,20.0,https://vuzopedia.ru/program/magistratura/9951
923,Обеспечение деятельности спортивных организаций,49.04.03,Спорт,"Спортивный тренер, Спортивный менеджери остальные",92000.0,,,75.0,15.0,https://vuzopedia.ru/program/magistratura/9947
924,Подготовка в скоростносиловых видах спорта и единоборствах,49.04.03,Спорт,Спортивный тренери остальные,,86.0,10.0,60.0,18.0,https://vuzopedia.ru/program/magistratura/9945
925,Подготовка спортсменов в циклических видах спорта,49.04.03,Спорт,Спортивный тренери остальные,92000.0,93.0,12.0,85.0,16.0,https://vuzopedia.ru/program/magistratura/9944
926,"Кинезиотерапия в адаптивной физической культуре, физической реабилитации и фитнес индустрии",49.04.02,Физическая культура для лиц с отклонениями в состоянии здоровья (адаптивная физическая культура),"Спортивный тренер, Инструктор по физической культуре, Фитнес-тренер (тренер по фитнесу)и остальные",92000.0,85.0,11.0,40.0,60.0,https://vuzopedia.ru/program/magistratura/9940
927,Оздоровительная физическая культура,49.04.01,Физическая культура,"Спортивный тренер, Учитель физкультуры, Инструктор по физической культуреи остальные",92000.0,83.0,16.0,65.0,30.0,https://vuzopedia.ru/program/magistratura/9939
928,Правовое обеспечение безопасности в эпоху глобальной цифровизации,40.04.01,Юриспруденция,"Медиаполицейский, Сетевой юрист, Юристи остальные",80000.0,,,70.0,85.0,https://vuzopedia.ru/program/magistratura/9937
929,Методика преподавания сценической речи,52.04.03,Театральное искусство,Преподавательи остальные,300000.0,165.0,2.0,148.0,2.0,https://vuzopedia.ru/program/magistratura/9934
930,Методика преподавания мастерства актера,52.04.03,Театральное искусство,"Актер, Преподавательи остальные",300000.0,165.0,2.0,148.0,2.0,https://vuzopedia.ru/program/magistratura/9933
931,Искусственный интеллект в проектировании цифровой образовательной среды педагога,44.04.01,Педагогическое образование,"Педагог, Учитель, Преподавательи остальные",181500.0,10.0,,40.0,3.0,https://vuzopedia.ru/program/magistratura/9931
932,Театральная педагогика,52.04.03,Театральное искусство,"Педагог, Преподаватель, Театроведи остальные",55000.0,,,70.0,5.0,https://vuzopedia.ru/program/magistratura/9930
933,Декоративно-прикладное искусство в буддийской культуре,54.04.02,Декоративно-прикладное искусство и народные промыслы,"Искусствовед, Учитель экономики, технологии обработки тканей, пищевых продуктов и декоративно-прикладного творчества, Специалист по декоративно-прикладному искусствуи остальные",55000.0,,,70.0,5.0,https://vuzopedia.ru/program/magistratura/9928
934,Генетические биотехнологии и биологическая безопасность,19.04.01,Биотехнология,"Биотехнолог, Биолог, Биохимики остальные",181554.0,,,60.0,6.0,https://vuzopedia.ru/program/magistratura/9927
935,Менеджмент и девелопмент в гостиничном бизнесе,43.04.03,Гостиничное дело,"Администратор гостиницы, Менеджер гостиничного сервиса, Менеджер по работе с клиентамии остальные",72970.0,,,56.0,80.0,https://vuzopedia.ru/program/magistratura/9916
936,Управление финансовым развитием физкультурно-спортивной организации,38.04.01,Экономика,"Финансист, Менеджер, Финансовый менеджери остальные",72970.0,10.0,,50.0,45.0,https://vuzopedia.ru/program/magistratura/9915
937,Вокальное искусство,53.04.05,Искусство,"Авангардный (современный) певец, Джазовый вокалист, Исполнитель народных или этнических песен (народный певец)и остальные",799000.0,,,180.0,10.0,https://vuzopedia.ru/program/magistratura/9912
938,Композиция,53.04.05,Искусство,"Искусствовед, Художник-педагог, Художник-мастер, преподавательи остальные",799000.0,,,180.0,10.0,https://vuzopedia.ru/program/magistratura/9909
939,"Художественно-творческая, научная и педагогическая деятельность в области декоративно-прик..",54.04.02,Декоративно-прикладное искусство и народные промыслы,"Декоратор, Учитель экономики, технологии обработки тканей, пищевых продуктов и декоративно-прикладного творчества, Иллюстратори остальные",79900.0,88.0,10.0,65.0,20.0,https://vuzopedia.ru/program/magistratura/9905
940,Технология физического воспитания и физкультурно-спортивной деятельности,44.04.01,Педагогическое образование,"Педагог, Учитель, Спортивный тренери остальные",232500.0,60.0,16.0,60.0,4.0,https://vuzopedia.ru/program/magistratura/9901
941,Методика преподавания иностранного языка (английский язык),44.04.01,Педагогическое образование,"Педагог, Учитель, Преподаватель лингвистикии остальные",61210.0,65.0,10.0,80.0,6.0,https://vuzopedia.ru/program/magistratura/9899
942,Агрохимические основы управления питанием растений и плодородием почв,35.04.03,Агрохимия и агропочвоведение,"Агроном, Агроном по защите растений, Агрохимики остальные",47000.0,44.0,12.0,44.0,20.0,https://vuzopedia.ru/program/magistratura/9898
943,Товарный консалтинг и аудит качества продукции,38.04.07,Товароведение,"Байер, Товаровед, Товаровед-эксперти остальные",373900.0,,,24.0,25.0,https://vuzopedia.ru/program/magistratura/9896
944,Биологическое благополучие и ихтиопатология объектов аквакультуры,35.04.07,Водные биоресурсы и аквакультура,"Инженер комплексного использования водных ресурсов, Гидроэколог, Гидробиологи остальные",373900.0,19.0,10.0,19.0,20.0,https://vuzopedia.ru/program/magistratura/9893
945,Пищевая безопасность и маркетинг продуктов питания,19.04.03,Продукты питания животного происхождения,"Инженер пищевой промышленности, Инженер-технолог пищевого производства, Трейд-маркетологи остальные",,,,22.0,20.0,https://vuzopedia.ru/program/magistratura/9890
946,Интегрированные системы менеджмента качества в пищевом производстве,19.04.03,Продукты питания животного происхождения,"Менеджер ресторана, Технолог общественного питания, Инженер пищевой промышленностии остальные",,,,19.0,20.0,https://vuzopedia.ru/program/magistratura/9886
947,Прикладная иммунология,06.04.01,Биология,"Биолог, Медицинский химик (цитохимик, гистохимик, нейрохимик, иммунохимик), Биолог-исследовательи остальные",373900.0,32.0,3.0,24.0,15.0,https://vuzopedia.ru/program/magistratura/9882
948,Биоинформационный анализ молекулярно-генетических данных,36.04.02,Зоотехния,"Зоотехник, Животновод, Биоинформатики остальные",373900.0,,,19.0,10.0,https://vuzopedia.ru/program/magistratura/9878
949,"Зоогигиена, экология и биобезопасность в животноводстве",36.04.02,Зоотехния,"Зоотехник, Животновод, Зооинженери остальные",373900.0,39.0,2.0,20.0,10.0,https://vuzopedia.ru/program/magistratura/9876
950,Технология содержания и кормления сельскохозяйственных животных,36.04.02,Зоотехния,"Зоотехник, Животновод, Зооинженери остальные",373900.0,19.0,2.0,19.0,10.0,https://vuzopedia.ru/program/magistratura/9874
951,Агробизнес в АПК,36.04.02,Зоотехния,"Агроинженер, Зоотехник, Животноводи остальные",373900.0,,,32.0,20.0,https://vuzopedia.ru/program/magistratura/9871
952,Природоохранное обустройство и управление водными биологическими ресурсами,20.04.02,Природообустройство и водопользование,"Биогеограф, Геоэколог, Инженер комплексного использования водных ресурсови остальные",113475.0,,,40.0,10.0,https://vuzopedia.ru/program/magistratura/9868
953,Педагогика наставничества и обучение служением,44.04.01,Педагогическое образование,"Педагог, Учитель, Социальный педагоги остальные",160000.0,92.0,17.0,79.0,10.0,https://vuzopedia.ru/program/magistratura/9866
954,Моделирование систем искусственного интеллекта,01.04.01,Математика,"Математик, Разработчик математических и компьютерных моделей, Intelligent Systems Developer (разработчик интеллектуальных систем)и остальные",170000.0,99.0,9.0,60.0,10.0,https://vuzopedia.ru/program/magistratura/9863
955,Информационная аналитика социальных процессов,47.04.01,Философия,"Философ, Корпоративный антрополог, Философ, научный сотрудники остальные",160300.0,8.0,,25.0,7.0,https://vuzopedia.ru/program/magistratura/9861
956,Цифровая археология,46.04.04,Археология,"Археолог, Морской археологи остальные",160300.0,89.0,15.0,25.0,25.0,https://vuzopedia.ru/program/magistratura/9860
957,Нарративный дизайн,45.04.01,Филология,"Драматург (сценарист), Литературный критики остальные",62000.0,47.0,9.0,40.0,6.0,https://vuzopedia.ru/program/magistratura/9858
958,Дипломатия и медиа в восточном контексте,45.04.01,Филология,"Дипломат, Филолог (филолог-исследователь), Востоковеди остальные",62000.0,85.0,15.0,65.0,5.0,https://vuzopedia.ru/program/magistratura/9854
959,Международный бизнес,38.04.01,Экономика,"Финансист, Менеджер ВЭД, Финансовый менеджери остальные",200000.0,,,30.0,30.0,https://vuzopedia.ru/program/magistratura/9852
960,Ландшафтная архитектура и декоративное садоводство,35.04.09,Ландшафтная архитектура,"Архитектор ландшафтов, Декоратор, Мелиоратори остальные",110000.0,63.0,90.0,30.0,25.0,https://vuzopedia.ru/program/magistratura/9844
961,Биотехнология продуктов лечебного и профилактического питания,19.04.03,Продукты питания животного происхождения,"Диетолог, Биотехнолог, Инженер пищевой промышленностии остальные",222600.0,,,30.0,15.0,https://vuzopedia.ru/program/magistratura/9840
962,Эколого-правовое обеспечение предпринимательской деятельности,40.04.01,Юриспруденция,"Адвокат, Корпоративный юрист, Начальник юридического отделаи остальные",82000.0,63.0,6.0,76.0,26.0,https://vuzopedia.ru/program/magistratura/9836
963,Налоговый юрист,40.04.01,Юриспруденция,"Корпоративный юрист, Начальник юридического отдела, Юристи остальные",82000.0,63.0,3.0,76.0,26.0,https://vuzopedia.ru/program/magistratura/9835
964,Статистика и управление данными в экономике,38.04.01,Экономика,"Актуарий, Аналитик данных, ICO аналитики остальные",82000.0,95.0,2.0,78.0,38.0,https://vuzopedia.ru/program/magistratura/9832
965,Социально-психологическое консультирование с основами психотерапии,37.04.01,Психология,"Психолог, Педагог-психолог, Медиатор социальных конфликтови остальные",85000.0,,,79.0,60.0,https://vuzopedia.ru/program/magistratura/9831
966,Информационные системы и технологии в АПК,09.04.02,Информационные системы и технологии,"Программист, Системный администратор, Агроинформатик (агрокибернетик)и остальные",31000.0,,,40.0,40.0,https://vuzopedia.ru/program/magistratura/9829
967,Методические системы и технологии в предметном обучении,44.04.01,Педагогическое образование,"Педагог, Учитель, Преподавательи остальные",,50.0,13.0,50.0,5.0,https://vuzopedia.ru/program/magistratura/9822
968,Теория и практика обучения межкультурной коммуникации в поликультурной среде,44.04.01,Педагогическое образование,"Педагог, Учитель, Преподаватель межкультурной коммуникациии остальные",64000.0,,,79.0,10.0,https://vuzopedia.ru/program/magistratura/9821
969,Инновационные системы в промышленности,27.04.05,Инноватика,"Инженер-патентовед, Инженер по рационализаторству и изобретательству, Инновационный менеджери остальные",64300.0,10.0,,25.0,25.0,https://vuzopedia.ru/program/magistratura/9818
970,Неразрушающий контроль,22.04.01,Материаловедение и технологии материалов,"Инженер-технолог, Инженер-композитчик, Системный инженер композитных материалови остальные",179800.0,63.0,19.0,30.0,46.0,https://vuzopedia.ru/program/magistratura/9814
971,Инновационные технологии в авиадвигателестроении,15.04.05,Конструкторско-технологическое обеспечение машиностроительных производств,"Авиаконструктор, Инженер-конструктор, Инженер-технологи остальные",179800.0,61.0,14.0,25.0,5.0,https://vuzopedia.ru/program/magistratura/9810
972,Агроэкологическая оценка земель,35.04.03,Агрохимия и агропочвоведение,"Агроинженер, Агроном, Агрохимики остальные",150500.0,76.0,5.0,41.0,5.0,https://vuzopedia.ru/program/magistratura/9806
973,Управление проектами в MICE индустрии,38.04.02,Менеджмент,"Менеджер, Менеджер по организации мероприятий, Менеджер проектаи остальные",129000.0,,,42.0,30.0,https://vuzopedia.ru/program/magistratura/9802
974,Искусственный интеллект в финансовой среде,38.04.01,Экономика,"Финансист, ICO аналитик, Research Analyst (аналитика по исследованиям в банке или брокерской фирме)и остальные",76600.0,,,14.0,45.0,https://vuzopedia.ru/program/magistratura/9801
975,Инновационные технологии обеспечения безопасности на объектах производства и транспорта,20.04.01,Техносферная безопасность,"Инженер по охране труда, Инженер по охране труда и технике безопасности, Инженер по охране трудаи остальные",231710.0,58.0,15.0,40.0,5.0,https://vuzopedia.ru/program/magistratura/9799
976,Правовое обеспечение экономической деятельности в цифровой среде,40.04.01,Юриспруденция,"Адвокат, Виртуальный адвокат, Корпоративный юристи остальные",90000.0,,,32.0,57.0,https://vuzopedia.ru/program/magistratura/9795
977,Обработка данных с беспилотных систем,09.04.02,Информационные системы и технологии,"Аналитик данных, Информатик-технолог, Информатик (специалист по информационным технологиям)и остальные",179800.0,93.0,6.0,33.0,5.0,https://vuzopedia.ru/program/magistratura/9793
978,Юрист-международник,40.04.01,Юриспруденция,"Начальник юридического отдела, Юрист, Юрисконсульти остальные",145000.0,68.0,7.0,32.0,58.0,https://vuzopedia.ru/program/magistratura/9790
979,Публичная власть: правовое обеспечение деятельности,40.04.01,Юриспруденция,"Адвокат, Виртуальный адвокат, Начальник юридического отделаи остальные",145000.0,68.0,7.0,33.0,44.0,https://vuzopedia.ru/program/magistratura/9787
980,Экономическое уголовное право,40.04.01,Юриспруденция,"Адвокат, Виртуальный адвокат, Инспектор уголовного розыскаи остальные",145000.0,68.0,6.0,33.0,41.0,https://vuzopedia.ru/program/magistratura/9784
981,Технологии цифровой трансформации,09.04.02,Информационные системы и технологии,"Информатик (специалист по информационным технологиям), IT-специалист, Специалист по информационным системами остальные",46000.0,10.0,,20.0,24.0,https://vuzopedia.ru/program/magistratura/9783
982,Управление в области технического регулирования и метрологии,27.04.01,Стандартизация и метрология,"Метролог, Инженер по метрологии, Инженер по стандартизации, метрологии и сертификациии остальные",96342.0,,,64.0,10.0,https://vuzopedia.ru/program/magistratura/9780
983,Механика и моделирование технологических процессов и оборудования,01.04.03,Механика и математическое моделирование,"Архитектор виртуальности, Инженер-исследователь, Программисти остальные",156076.0,,,49.0,5.0,https://vuzopedia.ru/program/magistratura/9779
984,Продукты питания из растительного сырья,19.04.02,Продукты питания из растительного сырья,"Винодел, Инженер пищевой промышленности, Инженер-технолог пищевого производстваи остальные",177400.0,12.0,4.0,10.0,6.0,https://vuzopedia.ru/program/magistratura/9778
985,Бизнес-аналитика и системы больших данных,38.04.05,Бизнес-информатика,"Аналитик компьютерных систем, Администратор баз данных, Аналитик данныхи остальные",64800.0,18.0,3.0,12.0,27.0,https://vuzopedia.ru/program/magistratura/9774
986,Строительство и эксплуатация морских и наземных объектов транспорта и хранения нефти и газа,08.04.01,Строительство,"Инженер, Дефектоскопист нефтепроводов, Инженер по технологическому обеспечению работы нефтегазового промыслаи остальные",64100.0,15.0,25.0,10.0,65.0,https://vuzopedia.ru/program/magistratura/9772
987,Интеллектуальное проектирование интерфейсов,09.04.02,Информационные системы и технологии,"Intelligent Systems Developer (разработчик интеллектуальных систем), IT-специалист, Специалист по информационным системами остальные",51700.0,,,40.0,1.0,https://vuzopedia.ru/program/magistratura/9771
988,Создание бренда в креативных индустриях,54.04.03,Искусство костюма и текстиля,Дизайнери остальные,290000.0,,,40.0,1.0,https://vuzopedia.ru/program/magistratura/9767
989,Дизайн и производство современной одежды,29.04.05,Конструирование изделий легкой промышленности,"Инженер-конструктор, Модельер-закройщик, Модистка головных уборови остальные",139700.0,42.0,7.0,40.0,8.0,https://vuzopedia.ru/program/magistratura/9763
990,Цифровой инжиниринг в легкой промышленности,29.04.01,Технология изделий легкой промышленности,"Инженер-технолог, Модистка головных уборов, Технолог лёгкой промышленностии остальные",139700.0,62.0,8.0,40.0,7.0,https://vuzopedia.ru/program/magistratura/9760
991,Селекция и семеноводство полевых культур,35.04.04,Агрономия,"Агроном, Агроном по защите растений, Биологи остальные",70000.0,55.0,15.0,51.0,75.0,https://vuzopedia.ru/program/magistratura/9756
992,"Руководитель творческого коллектива, эксперт в области музыкального искусства, педагог",51.04.02,Народная художественная культура,"Личный тьютор по эстетическому развитию, Музыкальный руководитель, Преподавательи остальные",,180.0,6.0,,,https://vuzopedia.ru/program/magistratura/9755
993,Сметное дело,38.04.01,Экономика,Экономисти остальные,55080.0,,,6.0,16.0,https://vuzopedia.ru/program/magistratura/9752
994,"Проектирование, строительство и эксплуатация зданий и сооружений",08.04.01,Строительство,Инженер-строительи остальные,71690.0,,,8.0,6.0,https://vuzopedia.ru/program/magistratura/9749
995,Образовательные технологии реабилитации и абилитации лиц с ограниченными возможностями здо..,44.04.03,Специальное (дефектологическое) образование,"Дефектолог, Тифлопедагог, Нейропсихологи остальные",123000.0,131.0,20.0,93.0,10.0,https://vuzopedia.ru/program/magistratura/9745
996,Психолого-педагогические технологии образования лиц с интеллектуальными нарушениями и расс..,44.04.03,Специальное (дефектологическое) образование,"Дефектолог, Психолог, Педагог-психологи остальные",181000.0,109.0,20.0,70.0,10.0,https://vuzopedia.ru/program/magistratura/9743
997,Логопедия,44.04.03,Специальное (дефектологическое) образование,"Дефектолог, Логопед, Педагог инклюзивного образованияи остальные",123000.0,139.0,20.0,75.0,30.0,https://vuzopedia.ru/program/magistratura/9740
998,Психолого-педагогическое сопровождение субъектов образования,44.04.02,Психолого-педагогическое образование,"Педагог, Психолог, Педагог-психологи остальные",55000.0,102.0,20.0,30.0,120.0,https://vuzopedia.ru/program/magistratura/9739
999,Медиакоммуникации и медиатехнологии в образовании,44.04.01,Педагогическое образование,"Педагог, Учитель, Медиа-консультанти остальные",75000.0,93.0,15.0,35.0,10.0,https://vuzopedia.ru/program/magistratura/9735
1000,Управление внешнеэкономической деятельностью организаций в рамках ЕАЭС,38.04.02,Менеджмент,"Менеджер, Категорийный менеджери остальные",92000.0,,,80.0,50.0,https://vuzopedia.ru/program/magistratura/9731
